shared_,runNum_,scale_,numTerms_,numChc_,numPlain_,numSharedDims_,numSharedPlain_,maxShared_
Unique,1,0,1,0,1,0,0,0
shared_,runNum_,scale_,numTerms_,numChc_,numPlain_,numSharedDims_,numSharedPlain_,maxShared_
Shared,1,0,1,0,1,0,0,0
shared_,runNum_,scale_,numTerms_,numChc_,numPlain_,numSharedDims_,numSharedPlain_,maxShared_
Unique,2,0,1,0,1,0,0,0
shared_,runNum_,scale_,numTerms_,numChc_,numPlain_,numSharedDims_,numSharedPlain_,maxShared_
Shared,2,0,1,0,1,0,0,0
shared_,runNum_,scale_,numTerms_,numChc_,numPlain_,numSharedDims_,numSharedPlain_,maxShared_
Unique,3,0,1,0,1,0,0,0
shared_,runNum_,scale_,numTerms_,numChc_,numPlain_,numSharedDims_,numSharedPlain_,maxShared_
Shared,3,0,1,0,1,0,0,0
shared_,runNum_,scale_,numTerms_,numChc_,numPlain_,numSharedDims_,numSharedPlain_,maxShared_
Unique,4,0,1,0,1,0,0,0
shared_,runNum_,scale_,numTerms_,numChc_,numPlain_,numSharedDims_,numSharedPlain_,maxShared_
Shared,4,0,1,0,1,0,0,0
shared_,runNum_,scale_,numTerms_,numChc_,numPlain_,numSharedDims_,numSharedPlain_,maxShared_
Unique,5,0,1,0,1,0,0,0
shared_,runNum_,scale_,numTerms_,numChc_,numPlain_,numSharedDims_,numSharedPlain_,maxShared_
Shared,5,0,1,0,1,0,0,0
shared_,runNum_,scale_,numTerms_,numChc_,numPlain_,numSharedDims_,numSharedPlain_,maxShared_
Unique,6,1,3,0,3,0,0,0
shared_,runNum_,scale_,numTerms_,numChc_,numPlain_,numSharedDims_,numSharedPlain_,maxShared_
Shared,6,1,3,0,3,0,0,0
shared_,runNum_,scale_,numTerms_,numChc_,numPlain_,numSharedDims_,numSharedPlain_,maxShared_
Unique,7,1,3,1,2,0,0,1
shared_,runNum_,scale_,numTerms_,numChc_,numPlain_,numSharedDims_,numSharedPlain_,maxShared_
Shared,7,1,2,0,2,0,0,0
shared_,runNum_,scale_,numTerms_,numChc_,numPlain_,numSharedDims_,numSharedPlain_,maxShared_
Unique,8,1,3,0,3,0,0,0
shared_,runNum_,scale_,numTerms_,numChc_,numPlain_,numSharedDims_,numSharedPlain_,maxShared_
Shared,8,1,3,1,2,0,0,1
shared_,runNum_,scale_,numTerms_,numChc_,numPlain_,numSharedDims_,numSharedPlain_,maxShared_
Unique,9,1,3,0,3,0,0,0
shared_,runNum_,scale_,numTerms_,numChc_,numPlain_,numSharedDims_,numSharedPlain_,maxShared_
Shared,9,1,3,0,3,0,0,0
shared_,runNum_,scale_,numTerms_,numChc_,numPlain_,numSharedDims_,numSharedPlain_,maxShared_
Unique,10,1,3,0,3,0,0,0
shared_,runNum_,scale_,numTerms_,numChc_,numPlain_,numSharedDims_,numSharedPlain_,maxShared_
Shared,10,1,3,0,3,0,0,0
shared_,runNum_,scale_,numTerms_,numChc_,numPlain_,numSharedDims_,numSharedPlain_,maxShared_
Unique,11,2,4,2,2,0,0,1
shared_,runNum_,scale_,numTerms_,numChc_,numPlain_,numSharedDims_,numSharedPlain_,maxShared_
Shared,11,2,5,2,3,0,0,1
shared_,runNum_,scale_,numTerms_,numChc_,numPlain_,numSharedDims_,numSharedPlain_,maxShared_
Unique,12,2,6,0,6,0,0,0
shared_,runNum_,scale_,numTerms_,numChc_,numPlain_,numSharedDims_,numSharedPlain_,maxShared_
Shared,12,2,5,0,5,0,0,0
shared_,runNum_,scale_,numTerms_,numChc_,numPlain_,numSharedDims_,numSharedPlain_,maxShared_
Unique,13,2,4,0,4,0,0,0
shared_,runNum_,scale_,numTerms_,numChc_,numPlain_,numSharedDims_,numSharedPlain_,maxShared_
Shared,13,2,6,0,6,0,0,0
shared_,runNum_,scale_,numTerms_,numChc_,numPlain_,numSharedDims_,numSharedPlain_,maxShared_
Unique,14,2,7,2,5,0,0,1
shared_,runNum_,scale_,numTerms_,numChc_,numPlain_,numSharedDims_,numSharedPlain_,maxShared_
Shared,14,2,4,2,2,0,0,1
shared_,runNum_,scale_,numTerms_,numChc_,numPlain_,numSharedDims_,numSharedPlain_,maxShared_
Unique,15,2,7,0,7,0,0,0
shared_,runNum_,scale_,numTerms_,numChc_,numPlain_,numSharedDims_,numSharedPlain_,maxShared_
Shared,15,2,6,2,4,0,0,1
shared_,runNum_,scale_,numTerms_,numChc_,numPlain_,numSharedDims_,numSharedPlain_,maxShared_
Unique,16,3,5,0,5,0,0,0
shared_,runNum_,scale_,numTerms_,numChc_,numPlain_,numSharedDims_,numSharedPlain_,maxShared_
Shared,16,3,7,3,4,0,0,1
shared_,runNum_,scale_,numTerms_,numChc_,numPlain_,numSharedDims_,numSharedPlain_,maxShared_
Unique,17,3,7,0,7,0,0,0
shared_,runNum_,scale_,numTerms_,numChc_,numPlain_,numSharedDims_,numSharedPlain_,maxShared_
Shared,17,3,7,1,6,0,0,1
shared_,runNum_,scale_,numTerms_,numChc_,numPlain_,numSharedDims_,numSharedPlain_,maxShared_
Unique,18,3,6,0,6,0,0,0
shared_,runNum_,scale_,numTerms_,numChc_,numPlain_,numSharedDims_,numSharedPlain_,maxShared_
Shared,18,3,7,2,5,0,0,1
shared_,runNum_,scale_,numTerms_,numChc_,numPlain_,numSharedDims_,numSharedPlain_,maxShared_
Unique,19,3,7,0,7,0,0,0
shared_,runNum_,scale_,numTerms_,numChc_,numPlain_,numSharedDims_,numSharedPlain_,maxShared_
Shared,19,3,6,0,6,0,0,0
shared_,runNum_,scale_,numTerms_,numChc_,numPlain_,numSharedDims_,numSharedPlain_,maxShared_
Unique,20,3,6,1,5,0,0,1
shared_,runNum_,scale_,numTerms_,numChc_,numPlain_,numSharedDims_,numSharedPlain_,maxShared_
Shared,20,3,7,0,7,0,0,0
shared_,runNum_,scale_,numTerms_,numChc_,numPlain_,numSharedDims_,numSharedPlain_,maxShared_
Unique,21,4,1,0,1,0,0,0
shared_,runNum_,scale_,numTerms_,numChc_,numPlain_,numSharedDims_,numSharedPlain_,maxShared_
Shared,21,4,5,0,5,0,0,0
shared_,runNum_,scale_,numTerms_,numChc_,numPlain_,numSharedDims_,numSharedPlain_,maxShared_
Unique,22,4,12,0,12,0,0,0
shared_,runNum_,scale_,numTerms_,numChc_,numPlain_,numSharedDims_,numSharedPlain_,maxShared_
Shared,22,4,6,0,6,0,0,0
shared_,runNum_,scale_,numTerms_,numChc_,numPlain_,numSharedDims_,numSharedPlain_,maxShared_
Unique,23,4,9,3,6,0,0,1
shared_,runNum_,scale_,numTerms_,numChc_,numPlain_,numSharedDims_,numSharedPlain_,maxShared_
Shared,23,4,13,3,10,0,0,1
shared_,runNum_,scale_,numTerms_,numChc_,numPlain_,numSharedDims_,numSharedPlain_,maxShared_
Unique,24,4,15,0,15,0,0,0
shared_,runNum_,scale_,numTerms_,numChc_,numPlain_,numSharedDims_,numSharedPlain_,maxShared_
Shared,24,4,6,0,6,0,0,0
shared_,runNum_,scale_,numTerms_,numChc_,numPlain_,numSharedDims_,numSharedPlain_,maxShared_
Unique,25,4,9,2,7,0,0,1
shared_,runNum_,scale_,numTerms_,numChc_,numPlain_,numSharedDims_,numSharedPlain_,maxShared_
Shared,25,4,11,3,8,0,0,1
shared_,runNum_,scale_,numTerms_,numChc_,numPlain_,numSharedDims_,numSharedPlain_,maxShared_
Unique,26,5,8,0,8,0,0,0
shared_,runNum_,scale_,numTerms_,numChc_,numPlain_,numSharedDims_,numSharedPlain_,maxShared_
Shared,26,5,15,0,15,0,0,0
shared_,runNum_,scale_,numTerms_,numChc_,numPlain_,numSharedDims_,numSharedPlain_,maxShared_
Unique,27,5,8,3,5,0,0,1
shared_,runNum_,scale_,numTerms_,numChc_,numPlain_,numSharedDims_,numSharedPlain_,maxShared_
Shared,27,5,15,3,12,0,0,1
shared_,runNum_,scale_,numTerms_,numChc_,numPlain_,numSharedDims_,numSharedPlain_,maxShared_
Unique,28,5,13,0,13,0,0,0
shared_,runNum_,scale_,numTerms_,numChc_,numPlain_,numSharedDims_,numSharedPlain_,maxShared_
Shared,28,5,15,3,12,0,0,1
shared_,runNum_,scale_,numTerms_,numChc_,numPlain_,numSharedDims_,numSharedPlain_,maxShared_
Unique,29,5,8,3,5,0,0,1
shared_,runNum_,scale_,numTerms_,numChc_,numPlain_,numSharedDims_,numSharedPlain_,maxShared_
Shared,29,5,15,3,12,0,0,1
shared_,runNum_,scale_,numTerms_,numChc_,numPlain_,numSharedDims_,numSharedPlain_,maxShared_
Unique,30,5,15,4,11,0,0,1
shared_,runNum_,scale_,numTerms_,numChc_,numPlain_,numSharedDims_,numSharedPlain_,maxShared_
Shared,30,5,1,0,1,0,0,0
shared_,runNum_,scale_,numTerms_,numChc_,numPlain_,numSharedDims_,numSharedPlain_,maxShared_
Unique,31,6,12,4,8,0,0,1
shared_,runNum_,scale_,numTerms_,numChc_,numPlain_,numSharedDims_,numSharedPlain_,maxShared_
Shared,31,6,7,2,5,0,0,1
shared_,runNum_,scale_,numTerms_,numChc_,numPlain_,numSharedDims_,numSharedPlain_,maxShared_
Unique,32,6,7,3,4,0,0,1
shared_,runNum_,scale_,numTerms_,numChc_,numPlain_,numSharedDims_,numSharedPlain_,maxShared_
Shared,32,6,12,0,12,0,0,0
shared_,runNum_,scale_,numTerms_,numChc_,numPlain_,numSharedDims_,numSharedPlain_,maxShared_
Unique,33,6,12,3,9,0,0,1
shared_,runNum_,scale_,numTerms_,numChc_,numPlain_,numSharedDims_,numSharedPlain_,maxShared_
Shared,33,6,14,0,14,0,0,0
shared_,runNum_,scale_,numTerms_,numChc_,numPlain_,numSharedDims_,numSharedPlain_,maxShared_
Unique,34,6,15,3,12,0,0,1
shared_,runNum_,scale_,numTerms_,numChc_,numPlain_,numSharedDims_,numSharedPlain_,maxShared_
Shared,34,6,15,3,12,0,0,1
shared_,runNum_,scale_,numTerms_,numChc_,numPlain_,numSharedDims_,numSharedPlain_,maxShared_
Unique,35,6,12,0,12,0,0,0
shared_,runNum_,scale_,numTerms_,numChc_,numPlain_,numSharedDims_,numSharedPlain_,maxShared_
Shared,35,6,13,0,13,0,0,0
shared_,runNum_,scale_,numTerms_,numChc_,numPlain_,numSharedDims_,numSharedPlain_,maxShared_
Unique,36,7,12,5,7,0,0,1
shared_,runNum_,scale_,numTerms_,numChc_,numPlain_,numSharedDims_,numSharedPlain_,maxShared_
Shared,36,7,5,0,5,0,0,0
shared_,runNum_,scale_,numTerms_,numChc_,numPlain_,numSharedDims_,numSharedPlain_,maxShared_
Unique,37,7,12,3,9,0,0,1
shared_,runNum_,scale_,numTerms_,numChc_,numPlain_,numSharedDims_,numSharedPlain_,maxShared_
Shared,37,7,12,0,12,0,0,0
shared_,runNum_,scale_,numTerms_,numChc_,numPlain_,numSharedDims_,numSharedPlain_,maxShared_
Unique,38,7,12,3,9,0,0,1
shared_,runNum_,scale_,numTerms_,numChc_,numPlain_,numSharedDims_,numSharedPlain_,maxShared_
Shared,38,7,5,0,5,0,0,0
shared_,runNum_,scale_,numTerms_,numChc_,numPlain_,numSharedDims_,numSharedPlain_,maxShared_
Unique,39,7,14,0,14,0,0,0
shared_,runNum_,scale_,numTerms_,numChc_,numPlain_,numSharedDims_,numSharedPlain_,maxShared_
Shared,39,7,13,0,13,0,0,0
shared_,runNum_,scale_,numTerms_,numChc_,numPlain_,numSharedDims_,numSharedPlain_,maxShared_
Unique,40,7,9,0,9,0,0,0
shared_,runNum_,scale_,numTerms_,numChc_,numPlain_,numSharedDims_,numSharedPlain_,maxShared_
Shared,40,7,9,3,6,0,0,1
shared_,runNum_,scale_,numTerms_,numChc_,numPlain_,numSharedDims_,numSharedPlain_,maxShared_
Unique,41,8,31,6,25,0,0,1
shared_,runNum_,scale_,numTerms_,numChc_,numPlain_,numSharedDims_,numSharedPlain_,maxShared_
Shared,41,8,25,5,20,0,0,1
shared_,runNum_,scale_,numTerms_,numChc_,numPlain_,numSharedDims_,numSharedPlain_,maxShared_
Unique,42,8,1,0,1,0,0,0
shared_,runNum_,scale_,numTerms_,numChc_,numPlain_,numSharedDims_,numSharedPlain_,maxShared_
Shared,42,8,8,0,8,0,0,0
shared_,runNum_,scale_,numTerms_,numChc_,numPlain_,numSharedDims_,numSharedPlain_,maxShared_
Unique,43,8,28,7,21,0,0,1
shared_,runNum_,scale_,numTerms_,numChc_,numPlain_,numSharedDims_,numSharedPlain_,maxShared_
Shared,43,8,13,4,9,0,0,1
shared_,runNum_,scale_,numTerms_,numChc_,numPlain_,numSharedDims_,numSharedPlain_,maxShared_
Unique,44,8,16,4,12,0,0,1
shared_,runNum_,scale_,numTerms_,numChc_,numPlain_,numSharedDims_,numSharedPlain_,maxShared_
Shared,44,8,28,5,23,0,0,1
shared_,runNum_,scale_,numTerms_,numChc_,numPlain_,numSharedDims_,numSharedPlain_,maxShared_
Unique,45,8,20,3,17,0,0,1
shared_,runNum_,scale_,numTerms_,numChc_,numPlain_,numSharedDims_,numSharedPlain_,maxShared_
Shared,45,8,19,1,18,0,0,1
shared_,runNum_,scale_,numTerms_,numChc_,numPlain_,numSharedDims_,numSharedPlain_,maxShared_
Unique,46,9,29,3,26,0,0,1
shared_,runNum_,scale_,numTerms_,numChc_,numPlain_,numSharedDims_,numSharedPlain_,maxShared_
Shared,46,9,15,4,11,0,0,1
shared_,runNum_,scale_,numTerms_,numChc_,numPlain_,numSharedDims_,numSharedPlain_,maxShared_
Unique,47,9,26,7,19,0,0,1
shared_,runNum_,scale_,numTerms_,numChc_,numPlain_,numSharedDims_,numSharedPlain_,maxShared_
Shared,47,9,15,4,11,0,0,1
shared_,runNum_,scale_,numTerms_,numChc_,numPlain_,numSharedDims_,numSharedPlain_,maxShared_
Unique,48,9,24,5,19,0,0,1
shared_,runNum_,scale_,numTerms_,numChc_,numPlain_,numSharedDims_,numSharedPlain_,maxShared_
Shared,48,9,20,5,15,0,0,1
shared_,runNum_,scale_,numTerms_,numChc_,numPlain_,numSharedDims_,numSharedPlain_,maxShared_
Unique,49,9,1,0,1,0,0,0
shared_,runNum_,scale_,numTerms_,numChc_,numPlain_,numSharedDims_,numSharedPlain_,maxShared_
Shared,49,9,19,3,16,0,0,1
shared_,runNum_,scale_,numTerms_,numChc_,numPlain_,numSharedDims_,numSharedPlain_,maxShared_
Unique,50,9,24,6,18,0,0,1
shared_,runNum_,scale_,numTerms_,numChc_,numPlain_,numSharedDims_,numSharedPlain_,maxShared_
Shared,50,9,27,2,25,0,0,1
shared_,runNum_,scale_,numTerms_,numChc_,numPlain_,numSharedDims_,numSharedPlain_,maxShared_
Unique,51,10,21,4,17,0,0,1
shared_,runNum_,scale_,numTerms_,numChc_,numPlain_,numSharedDims_,numSharedPlain_,maxShared_
Shared,51,10,22,1,21,0,0,1
shared_,runNum_,scale_,numTerms_,numChc_,numPlain_,numSharedDims_,numSharedPlain_,maxShared_
Unique,52,10,14,4,10,0,0,1
shared_,runNum_,scale_,numTerms_,numChc_,numPlain_,numSharedDims_,numSharedPlain_,maxShared_
Shared,52,10,24,7,17,1,0,2
shared_,runNum_,scale_,numTerms_,numChc_,numPlain_,numSharedDims_,numSharedPlain_,maxShared_
Unique,53,10,9,3,6,0,0,1
shared_,runNum_,scale_,numTerms_,numChc_,numPlain_,numSharedDims_,numSharedPlain_,maxShared_
Shared,53,10,15,3,12,1,0,2
shared_,runNum_,scale_,numTerms_,numChc_,numPlain_,numSharedDims_,numSharedPlain_,maxShared_
Unique,54,10,14,4,10,0,0,1
shared_,runNum_,scale_,numTerms_,numChc_,numPlain_,numSharedDims_,numSharedPlain_,maxShared_
Shared,54,10,30,4,26,0,0,1
shared_,runNum_,scale_,numTerms_,numChc_,numPlain_,numSharedDims_,numSharedPlain_,maxShared_
Unique,55,10,16,4,12,0,0,1
shared_,runNum_,scale_,numTerms_,numChc_,numPlain_,numSharedDims_,numSharedPlain_,maxShared_
Shared,55,10,30,8,22,0,0,2
shared_,runNum_,scale_,numTerms_,numChc_,numPlain_,numSharedDims_,numSharedPlain_,maxShared_
Unique,56,11,23,0,23,0,0,0
shared_,runNum_,scale_,numTerms_,numChc_,numPlain_,numSharedDims_,numSharedPlain_,maxShared_
Shared,56,11,24,0,24,0,0,0
shared_,runNum_,scale_,numTerms_,numChc_,numPlain_,numSharedDims_,numSharedPlain_,maxShared_
Unique,57,11,17,4,13,0,0,1
shared_,runNum_,scale_,numTerms_,numChc_,numPlain_,numSharedDims_,numSharedPlain_,maxShared_
Shared,57,11,25,6,19,1,0,2
shared_,runNum_,scale_,numTerms_,numChc_,numPlain_,numSharedDims_,numSharedPlain_,maxShared_
Unique,58,11,14,3,11,0,0,1
shared_,runNum_,scale_,numTerms_,numChc_,numPlain_,numSharedDims_,numSharedPlain_,maxShared_
Shared,58,11,24,8,16,0,0,1
shared_,runNum_,scale_,numTerms_,numChc_,numPlain_,numSharedDims_,numSharedPlain_,maxShared_
Unique,59,11,18,3,15,0,0,1
shared_,runNum_,scale_,numTerms_,numChc_,numPlain_,numSharedDims_,numSharedPlain_,maxShared_
Shared,59,11,28,6,22,0,0,2
shared_,runNum_,scale_,numTerms_,numChc_,numPlain_,numSharedDims_,numSharedPlain_,maxShared_
Unique,60,11,31,3,28,0,0,1
shared_,runNum_,scale_,numTerms_,numChc_,numPlain_,numSharedDims_,numSharedPlain_,maxShared_
Shared,60,11,15,2,13,0,0,1
shared_,runNum_,scale_,numTerms_,numChc_,numPlain_,numSharedDims_,numSharedPlain_,maxShared_
Unique,61,12,16,0,16,0,0,0
shared_,runNum_,scale_,numTerms_,numChc_,numPlain_,numSharedDims_,numSharedPlain_,maxShared_
Shared,61,12,16,0,16,0,0,0
shared_,runNum_,scale_,numTerms_,numChc_,numPlain_,numSharedDims_,numSharedPlain_,maxShared_
Unique,62,12,1,0,1,0,0,0
shared_,runNum_,scale_,numTerms_,numChc_,numPlain_,numSharedDims_,numSharedPlain_,maxShared_
Shared,62,12,27,4,23,0,0,1
shared_,runNum_,scale_,numTerms_,numChc_,numPlain_,numSharedDims_,numSharedPlain_,maxShared_
Unique,63,12,30,8,22,0,0,1
shared_,runNum_,scale_,numTerms_,numChc_,numPlain_,numSharedDims_,numSharedPlain_,maxShared_
Shared,63,12,27,7,20,0,0,1
shared_,runNum_,scale_,numTerms_,numChc_,numPlain_,numSharedDims_,numSharedPlain_,maxShared_
Unique,64,12,24,9,15,0,0,1
shared_,runNum_,scale_,numTerms_,numChc_,numPlain_,numSharedDims_,numSharedPlain_,maxShared_
Shared,64,12,24,7,17,0,0,1
shared_,runNum_,scale_,numTerms_,numChc_,numPlain_,numSharedDims_,numSharedPlain_,maxShared_
Unique,65,12,18,7,11,0,0,1
shared_,runNum_,scale_,numTerms_,numChc_,numPlain_,numSharedDims_,numSharedPlain_,maxShared_
Shared,65,12,31,9,22,1,0,2
shared_,runNum_,scale_,numTerms_,numChc_,numPlain_,numSharedDims_,numSharedPlain_,maxShared_
Unique,66,13,23,5,18,0,0,1
shared_,runNum_,scale_,numTerms_,numChc_,numPlain_,numSharedDims_,numSharedPlain_,maxShared_
Shared,66,13,29,6,23,1,0,2
shared_,runNum_,scale_,numTerms_,numChc_,numPlain_,numSharedDims_,numSharedPlain_,maxShared_
Unique,67,13,28,3,25,0,0,1
shared_,runNum_,scale_,numTerms_,numChc_,numPlain_,numSharedDims_,numSharedPlain_,maxShared_
Shared,67,13,14,4,10,0,0,1
shared_,runNum_,scale_,numTerms_,numChc_,numPlain_,numSharedDims_,numSharedPlain_,maxShared_
Unique,68,13,29,5,24,0,0,1
shared_,runNum_,scale_,numTerms_,numChc_,numPlain_,numSharedDims_,numSharedPlain_,maxShared_
Shared,68,13,25,3,22,0,0,1
shared_,runNum_,scale_,numTerms_,numChc_,numPlain_,numSharedDims_,numSharedPlain_,maxShared_
Unique,69,13,27,1,26,0,0,1
shared_,runNum_,scale_,numTerms_,numChc_,numPlain_,numSharedDims_,numSharedPlain_,maxShared_
Shared,69,13,27,10,17,0,0,2
shared_,runNum_,scale_,numTerms_,numChc_,numPlain_,numSharedDims_,numSharedPlain_,maxShared_
Unique,70,13,27,8,19,0,0,1
shared_,runNum_,scale_,numTerms_,numChc_,numPlain_,numSharedDims_,numSharedPlain_,maxShared_
Shared,70,13,27,6,21,0,0,1
shared_,runNum_,scale_,numTerms_,numChc_,numPlain_,numSharedDims_,numSharedPlain_,maxShared_
Unique,71,14,24,2,22,0,0,1
shared_,runNum_,scale_,numTerms_,numChc_,numPlain_,numSharedDims_,numSharedPlain_,maxShared_
Shared,71,14,30,4,26,1,0,2
shared_,runNum_,scale_,numTerms_,numChc_,numPlain_,numSharedDims_,numSharedPlain_,maxShared_
Unique,72,14,15,5,10,0,0,1
shared_,runNum_,scale_,numTerms_,numChc_,numPlain_,numSharedDims_,numSharedPlain_,maxShared_
Shared,72,14,25,0,25,0,0,0
shared_,runNum_,scale_,numTerms_,numChc_,numPlain_,numSharedDims_,numSharedPlain_,maxShared_
Unique,73,14,20,5,15,0,0,1
shared_,runNum_,scale_,numTerms_,numChc_,numPlain_,numSharedDims_,numSharedPlain_,maxShared_
Shared,73,14,11,0,11,0,0,0
shared_,runNum_,scale_,numTerms_,numChc_,numPlain_,numSharedDims_,numSharedPlain_,maxShared_
Unique,74,14,24,4,20,0,0,1
shared_,runNum_,scale_,numTerms_,numChc_,numPlain_,numSharedDims_,numSharedPlain_,maxShared_
Shared,74,14,26,4,22,0,0,2
shared_,runNum_,scale_,numTerms_,numChc_,numPlain_,numSharedDims_,numSharedPlain_,maxShared_
Unique,75,14,16,5,11,0,0,1
shared_,runNum_,scale_,numTerms_,numChc_,numPlain_,numSharedDims_,numSharedPlain_,maxShared_
Shared,75,14,24,4,20,0,0,1
shared_,runNum_,scale_,numTerms_,numChc_,numPlain_,numSharedDims_,numSharedPlain_,maxShared_
Unique,76,15,2,0,2,0,0,0
shared_,runNum_,scale_,numTerms_,numChc_,numPlain_,numSharedDims_,numSharedPlain_,maxShared_
Shared,76,15,13,0,13,0,0,0
shared_,runNum_,scale_,numTerms_,numChc_,numPlain_,numSharedDims_,numSharedPlain_,maxShared_
Unique,77,15,27,4,23,0,0,1
shared_,runNum_,scale_,numTerms_,numChc_,numPlain_,numSharedDims_,numSharedPlain_,maxShared_
Shared,77,15,21,5,16,1,0,3
shared_,runNum_,scale_,numTerms_,numChc_,numPlain_,numSharedDims_,numSharedPlain_,maxShared_
Unique,78,15,31,6,25,0,0,1
shared_,runNum_,scale_,numTerms_,numChc_,numPlain_,numSharedDims_,numSharedPlain_,maxShared_
Shared,78,15,11,2,9,0,0,1
shared_,runNum_,scale_,numTerms_,numChc_,numPlain_,numSharedDims_,numSharedPlain_,maxShared_
Unique,79,15,15,4,11,0,0,1
shared_,runNum_,scale_,numTerms_,numChc_,numPlain_,numSharedDims_,numSharedPlain_,maxShared_
Shared,79,15,24,7,17,0,0,1
shared_,runNum_,scale_,numTerms_,numChc_,numPlain_,numSharedDims_,numSharedPlain_,maxShared_
Unique,80,15,16,6,10,0,0,1
shared_,runNum_,scale_,numTerms_,numChc_,numPlain_,numSharedDims_,numSharedPlain_,maxShared_
Shared,80,15,19,0,19,0,0,0
shared_,runNum_,scale_,numTerms_,numChc_,numPlain_,numSharedDims_,numSharedPlain_,maxShared_
Unique,81,16,44,12,32,0,0,1
shared_,runNum_,scale_,numTerms_,numChc_,numPlain_,numSharedDims_,numSharedPlain_,maxShared_
Shared,81,16,19,2,17,0,0,1
shared_,runNum_,scale_,numTerms_,numChc_,numPlain_,numSharedDims_,numSharedPlain_,maxShared_
Unique,82,16,36,4,32,0,0,1
shared_,runNum_,scale_,numTerms_,numChc_,numPlain_,numSharedDims_,numSharedPlain_,maxShared_
Shared,82,16,50,7,43,0,0,1
shared_,runNum_,scale_,numTerms_,numChc_,numPlain_,numSharedDims_,numSharedPlain_,maxShared_
Unique,83,16,31,10,21,0,0,1
shared_,runNum_,scale_,numTerms_,numChc_,numPlain_,numSharedDims_,numSharedPlain_,maxShared_
Shared,83,16,36,5,31,0,0,1
shared_,runNum_,scale_,numTerms_,numChc_,numPlain_,numSharedDims_,numSharedPlain_,maxShared_
Unique,84,16,51,10,41,0,0,1
shared_,runNum_,scale_,numTerms_,numChc_,numPlain_,numSharedDims_,numSharedPlain_,maxShared_
Shared,84,16,56,15,41,0,0,2
shared_,runNum_,scale_,numTerms_,numChc_,numPlain_,numSharedDims_,numSharedPlain_,maxShared_
Unique,85,16,25,4,21,0,0,1
shared_,runNum_,scale_,numTerms_,numChc_,numPlain_,numSharedDims_,numSharedPlain_,maxShared_
Shared,85,16,51,13,38,1,0,3
shared_,runNum_,scale_,numTerms_,numChc_,numPlain_,numSharedDims_,numSharedPlain_,maxShared_
Unique,86,17,51,5,46,0,0,1
shared_,runNum_,scale_,numTerms_,numChc_,numPlain_,numSharedDims_,numSharedPlain_,maxShared_
Shared,86,17,50,12,38,0,0,2
shared_,runNum_,scale_,numTerms_,numChc_,numPlain_,numSharedDims_,numSharedPlain_,maxShared_
Unique,87,17,44,7,37,0,0,1
shared_,runNum_,scale_,numTerms_,numChc_,numPlain_,numSharedDims_,numSharedPlain_,maxShared_
Shared,87,17,23,8,15,1,0,2
shared_,runNum_,scale_,numTerms_,numChc_,numPlain_,numSharedDims_,numSharedPlain_,maxShared_
Unique,88,17,47,7,40,0,0,1
shared_,runNum_,scale_,numTerms_,numChc_,numPlain_,numSharedDims_,numSharedPlain_,maxShared_
Shared,88,17,44,14,30,2,0,2
shared_,runNum_,scale_,numTerms_,numChc_,numPlain_,numSharedDims_,numSharedPlain_,maxShared_
Unique,89,17,1,0,1,0,0,0
shared_,runNum_,scale_,numTerms_,numChc_,numPlain_,numSharedDims_,numSharedPlain_,maxShared_
Shared,89,17,42,13,29,1,0,3
shared_,runNum_,scale_,numTerms_,numChc_,numPlain_,numSharedDims_,numSharedPlain_,maxShared_
Unique,90,17,46,4,42,0,0,1
shared_,runNum_,scale_,numTerms_,numChc_,numPlain_,numSharedDims_,numSharedPlain_,maxShared_
Shared,90,17,29,9,20,0,0,2
shared_,runNum_,scale_,numTerms_,numChc_,numPlain_,numSharedDims_,numSharedPlain_,maxShared_
Unique,91,18,48,15,33,0,0,1
shared_,runNum_,scale_,numTerms_,numChc_,numPlain_,numSharedDims_,numSharedPlain_,maxShared_
Shared,91,18,54,12,42,1,0,2
shared_,runNum_,scale_,numTerms_,numChc_,numPlain_,numSharedDims_,numSharedPlain_,maxShared_
Unique,92,18,45,6,39,0,0,1
shared_,runNum_,scale_,numTerms_,numChc_,numPlain_,numSharedDims_,numSharedPlain_,maxShared_
Shared,92,18,54,11,43,0,0,2
shared_,runNum_,scale_,numTerms_,numChc_,numPlain_,numSharedDims_,numSharedPlain_,maxShared_
Unique,93,18,31,6,25,0,0,1
shared_,runNum_,scale_,numTerms_,numChc_,numPlain_,numSharedDims_,numSharedPlain_,maxShared_
Shared,93,18,49,5,44,1,0,2
shared_,runNum_,scale_,numTerms_,numChc_,numPlain_,numSharedDims_,numSharedPlain_,maxShared_
Unique,94,18,36,7,29,0,0,1
shared_,runNum_,scale_,numTerms_,numChc_,numPlain_,numSharedDims_,numSharedPlain_,maxShared_
Shared,94,18,48,2,46,0,0,1
shared_,runNum_,scale_,numTerms_,numChc_,numPlain_,numSharedDims_,numSharedPlain_,maxShared_
Unique,95,18,26,0,26,0,0,0
shared_,runNum_,scale_,numTerms_,numChc_,numPlain_,numSharedDims_,numSharedPlain_,maxShared_
Shared,95,18,22,0,22,0,0,0
shared_,runNum_,scale_,numTerms_,numChc_,numPlain_,numSharedDims_,numSharedPlain_,maxShared_
Unique,96,19,38,1,37,0,0,1
shared_,runNum_,scale_,numTerms_,numChc_,numPlain_,numSharedDims_,numSharedPlain_,maxShared_
Shared,96,19,30,3,27,0,0,1
shared_,runNum_,scale_,numTerms_,numChc_,numPlain_,numSharedDims_,numSharedPlain_,maxShared_
Unique,97,19,1,0,1,0,0,0
shared_,runNum_,scale_,numTerms_,numChc_,numPlain_,numSharedDims_,numSharedPlain_,maxShared_
Shared,97,19,31,6,25,0,0,1
shared_,runNum_,scale_,numTerms_,numChc_,numPlain_,numSharedDims_,numSharedPlain_,maxShared_
Unique,98,19,35,3,32,0,0,1
shared_,runNum_,scale_,numTerms_,numChc_,numPlain_,numSharedDims_,numSharedPlain_,maxShared_
Shared,98,19,13,0,13,0,0,0
shared_,runNum_,scale_,numTerms_,numChc_,numPlain_,numSharedDims_,numSharedPlain_,maxShared_
Unique,99,19,15,5,10,0,0,1
shared_,runNum_,scale_,numTerms_,numChc_,numPlain_,numSharedDims_,numSharedPlain_,maxShared_
Shared,99,19,47,9,38,1,0,2
shared_,runNum_,scale_,numTerms_,numChc_,numPlain_,numSharedDims_,numSharedPlain_,maxShared_
Unique,100,19,1,0,1,0,0,0
shared_,runNum_,scale_,numTerms_,numChc_,numPlain_,numSharedDims_,numSharedPlain_,maxShared_
Shared,100,19,39,10,29,0,0,1
shared_,runNum_,scale_,numTerms_,numChc_,numPlain_,numSharedDims_,numSharedPlain_,maxShared_
Unique,101,20,38,6,32,0,0,1
shared_,runNum_,scale_,numTerms_,numChc_,numPlain_,numSharedDims_,numSharedPlain_,maxShared_
Shared,101,20,56,8,48,0,0,2
shared_,runNum_,scale_,numTerms_,numChc_,numPlain_,numSharedDims_,numSharedPlain_,maxShared_
Unique,102,20,35,12,23,0,0,1
shared_,runNum_,scale_,numTerms_,numChc_,numPlain_,numSharedDims_,numSharedPlain_,maxShared_
Shared,102,20,45,12,33,0,0,2
shared_,runNum_,scale_,numTerms_,numChc_,numPlain_,numSharedDims_,numSharedPlain_,maxShared_
Unique,103,20,40,4,36,0,0,1
shared_,runNum_,scale_,numTerms_,numChc_,numPlain_,numSharedDims_,numSharedPlain_,maxShared_
Shared,103,20,42,11,31,0,0,2
shared_,runNum_,scale_,numTerms_,numChc_,numPlain_,numSharedDims_,numSharedPlain_,maxShared_
Unique,104,20,45,11,34,0,0,1
shared_,runNum_,scale_,numTerms_,numChc_,numPlain_,numSharedDims_,numSharedPlain_,maxShared_
Shared,104,20,52,10,42,1,0,2
shared_,runNum_,scale_,numTerms_,numChc_,numPlain_,numSharedDims_,numSharedPlain_,maxShared_
Unique,105,20,27,8,19,0,0,1
shared_,runNum_,scale_,numTerms_,numChc_,numPlain_,numSharedDims_,numSharedPlain_,maxShared_
Shared,105,20,57,13,44,0,0,2
shared_,runNum_,scale_,numTerms_,numChc_,numPlain_,numSharedDims_,numSharedPlain_,maxShared_
Unique,106,21,18,5,13,0,0,1
shared_,runNum_,scale_,numTerms_,numChc_,numPlain_,numSharedDims_,numSharedPlain_,maxShared_
Shared,106,21,55,11,44,0,0,2
shared_,runNum_,scale_,numTerms_,numChc_,numPlain_,numSharedDims_,numSharedPlain_,maxShared_
Unique,107,21,1,0,1,0,0,0
shared_,runNum_,scale_,numTerms_,numChc_,numPlain_,numSharedDims_,numSharedPlain_,maxShared_
Shared,107,21,1,0,1,0,0,0
shared_,runNum_,scale_,numTerms_,numChc_,numPlain_,numSharedDims_,numSharedPlain_,maxShared_
Unique,108,21,39,6,33,0,0,1
shared_,runNum_,scale_,numTerms_,numChc_,numPlain_,numSharedDims_,numSharedPlain_,maxShared_
Shared,108,21,27,9,18,1,0,2
shared_,runNum_,scale_,numTerms_,numChc_,numPlain_,numSharedDims_,numSharedPlain_,maxShared_
Unique,109,21,12,0,12,0,0,0
shared_,runNum_,scale_,numTerms_,numChc_,numPlain_,numSharedDims_,numSharedPlain_,maxShared_
Shared,109,21,53,5,48,0,0,1
shared_,runNum_,scale_,numTerms_,numChc_,numPlain_,numSharedDims_,numSharedPlain_,maxShared_
Unique,110,21,47,9,38,0,0,1
shared_,runNum_,scale_,numTerms_,numChc_,numPlain_,numSharedDims_,numSharedPlain_,maxShared_
Shared,110,21,27,7,20,0,0,2
shared_,runNum_,scale_,numTerms_,numChc_,numPlain_,numSharedDims_,numSharedPlain_,maxShared_
Unique,111,22,30,0,30,0,0,0
shared_,runNum_,scale_,numTerms_,numChc_,numPlain_,numSharedDims_,numSharedPlain_,maxShared_
Shared,111,22,1,0,1,0,0,0
shared_,runNum_,scale_,numTerms_,numChc_,numPlain_,numSharedDims_,numSharedPlain_,maxShared_
Unique,112,22,55,14,41,0,0,1
shared_,runNum_,scale_,numTerms_,numChc_,numPlain_,numSharedDims_,numSharedPlain_,maxShared_
Shared,112,22,24,7,17,0,0,1
shared_,runNum_,scale_,numTerms_,numChc_,numPlain_,numSharedDims_,numSharedPlain_,maxShared_
Unique,113,22,27,10,17,0,0,1
shared_,runNum_,scale_,numTerms_,numChc_,numPlain_,numSharedDims_,numSharedPlain_,maxShared_
Shared,113,22,53,14,39,1,0,3
shared_,runNum_,scale_,numTerms_,numChc_,numPlain_,numSharedDims_,numSharedPlain_,maxShared_
Unique,114,22,27,0,27,0,0,0
shared_,runNum_,scale_,numTerms_,numChc_,numPlain_,numSharedDims_,numSharedPlain_,maxShared_
Shared,114,22,15,0,15,0,0,0
shared_,runNum_,scale_,numTerms_,numChc_,numPlain_,numSharedDims_,numSharedPlain_,maxShared_
Unique,115,22,43,10,33,0,0,1
shared_,runNum_,scale_,numTerms_,numChc_,numPlain_,numSharedDims_,numSharedPlain_,maxShared_
Shared,115,22,47,5,42,0,0,1
shared_,runNum_,scale_,numTerms_,numChc_,numPlain_,numSharedDims_,numSharedPlain_,maxShared_
Unique,116,23,29,5,24,0,0,1
shared_,runNum_,scale_,numTerms_,numChc_,numPlain_,numSharedDims_,numSharedPlain_,maxShared_
Shared,116,23,43,9,34,0,0,1
shared_,runNum_,scale_,numTerms_,numChc_,numPlain_,numSharedDims_,numSharedPlain_,maxShared_
Unique,117,23,42,10,32,0,0,1
shared_,runNum_,scale_,numTerms_,numChc_,numPlain_,numSharedDims_,numSharedPlain_,maxShared_
Shared,117,23,38,5,33,0,0,1
shared_,runNum_,scale_,numTerms_,numChc_,numPlain_,numSharedDims_,numSharedPlain_,maxShared_
Unique,118,23,27,5,22,0,0,1
shared_,runNum_,scale_,numTerms_,numChc_,numPlain_,numSharedDims_,numSharedPlain_,maxShared_
Shared,118,23,56,12,44,0,0,2
shared_,runNum_,scale_,numTerms_,numChc_,numPlain_,numSharedDims_,numSharedPlain_,maxShared_
Unique,119,23,34,8,26,0,0,1
shared_,runNum_,scale_,numTerms_,numChc_,numPlain_,numSharedDims_,numSharedPlain_,maxShared_
Shared,119,23,55,12,43,1,0,3
shared_,runNum_,scale_,numTerms_,numChc_,numPlain_,numSharedDims_,numSharedPlain_,maxShared_
Unique,120,23,44,11,33,0,0,1
shared_,runNum_,scale_,numTerms_,numChc_,numPlain_,numSharedDims_,numSharedPlain_,maxShared_
Shared,120,23,53,14,39,1,0,2
shared_,runNum_,scale_,numTerms_,numChc_,numPlain_,numSharedDims_,numSharedPlain_,maxShared_
Unique,121,24,48,13,35,0,0,1
shared_,runNum_,scale_,numTerms_,numChc_,numPlain_,numSharedDims_,numSharedPlain_,maxShared_
Shared,121,24,32,0,32,0,0,0
shared_,runNum_,scale_,numTerms_,numChc_,numPlain_,numSharedDims_,numSharedPlain_,maxShared_
Unique,122,24,30,7,23,0,0,1
shared_,runNum_,scale_,numTerms_,numChc_,numPlain_,numSharedDims_,numSharedPlain_,maxShared_
Shared,122,24,20,9,11,0,0,1
shared_,runNum_,scale_,numTerms_,numChc_,numPlain_,numSharedDims_,numSharedPlain_,maxShared_
Unique,123,24,41,8,33,0,0,1
shared_,runNum_,scale_,numTerms_,numChc_,numPlain_,numSharedDims_,numSharedPlain_,maxShared_
Shared,123,24,50,8,42,1,0,3
shared_,runNum_,scale_,numTerms_,numChc_,numPlain_,numSharedDims_,numSharedPlain_,maxShared_
Unique,124,24,47,7,40,0,0,1
shared_,runNum_,scale_,numTerms_,numChc_,numPlain_,numSharedDims_,numSharedPlain_,maxShared_
Shared,124,24,18,5,13,0,0,1
shared_,runNum_,scale_,numTerms_,numChc_,numPlain_,numSharedDims_,numSharedPlain_,maxShared_
Unique,125,24,49,9,40,0,0,1
shared_,runNum_,scale_,numTerms_,numChc_,numPlain_,numSharedDims_,numSharedPlain_,maxShared_
Shared,125,24,45,9,36,1,0,2
shared_,runNum_,scale_,numTerms_,numChc_,numPlain_,numSharedDims_,numSharedPlain_,maxShared_
Unique,126,25,45,11,34,0,0,1
shared_,runNum_,scale_,numTerms_,numChc_,numPlain_,numSharedDims_,numSharedPlain_,maxShared_
Shared,126,25,27,4,23,0,0,1
shared_,runNum_,scale_,numTerms_,numChc_,numPlain_,numSharedDims_,numSharedPlain_,maxShared_
Unique,127,25,57,17,40,0,0,1
shared_,runNum_,scale_,numTerms_,numChc_,numPlain_,numSharedDims_,numSharedPlain_,maxShared_
Shared,127,25,32,7,25,1,0,2
shared_,runNum_,scale_,numTerms_,numChc_,numPlain_,numSharedDims_,numSharedPlain_,maxShared_
Unique,128,25,42,11,31,0,0,1
shared_,runNum_,scale_,numTerms_,numChc_,numPlain_,numSharedDims_,numSharedPlain_,maxShared_
Shared,128,25,38,9,29,0,0,1
shared_,runNum_,scale_,numTerms_,numChc_,numPlain_,numSharedDims_,numSharedPlain_,maxShared_
Unique,129,25,41,7,34,0,0,1
shared_,runNum_,scale_,numTerms_,numChc_,numPlain_,numSharedDims_,numSharedPlain_,maxShared_
Shared,129,25,44,9,35,0,0,1
shared_,runNum_,scale_,numTerms_,numChc_,numPlain_,numSharedDims_,numSharedPlain_,maxShared_
Unique,130,25,27,5,22,0,0,1
shared_,runNum_,scale_,numTerms_,numChc_,numPlain_,numSharedDims_,numSharedPlain_,maxShared_
Shared,130,25,11,0,11,0,0,0
shared_,runNum_,scale_,numTerms_,numChc_,numPlain_,numSharedDims_,numSharedPlain_,maxShared_
Unique,131,26,46,11,35,0,0,1
shared_,runNum_,scale_,numTerms_,numChc_,numPlain_,numSharedDims_,numSharedPlain_,maxShared_
Shared,131,26,52,7,45,0,0,1
shared_,runNum_,scale_,numTerms_,numChc_,numPlain_,numSharedDims_,numSharedPlain_,maxShared_
Unique,132,26,51,13,38,0,0,1
shared_,runNum_,scale_,numTerms_,numChc_,numPlain_,numSharedDims_,numSharedPlain_,maxShared_
Shared,132,26,54,11,43,0,0,2
shared_,runNum_,scale_,numTerms_,numChc_,numPlain_,numSharedDims_,numSharedPlain_,maxShared_
Unique,133,26,46,13,33,0,0,1
shared_,runNum_,scale_,numTerms_,numChc_,numPlain_,numSharedDims_,numSharedPlain_,maxShared_
Shared,133,26,31,7,24,0,0,1
shared_,runNum_,scale_,numTerms_,numChc_,numPlain_,numSharedDims_,numSharedPlain_,maxShared_
Unique,134,26,39,6,33,0,0,1
shared_,runNum_,scale_,numTerms_,numChc_,numPlain_,numSharedDims_,numSharedPlain_,maxShared_
Shared,134,26,53,13,40,0,0,2
shared_,runNum_,scale_,numTerms_,numChc_,numPlain_,numSharedDims_,numSharedPlain_,maxShared_
Unique,135,26,31,5,26,0,0,1
shared_,runNum_,scale_,numTerms_,numChc_,numPlain_,numSharedDims_,numSharedPlain_,maxShared_
Shared,135,26,28,4,24,0,0,1
shared_,runNum_,scale_,numTerms_,numChc_,numPlain_,numSharedDims_,numSharedPlain_,maxShared_
Unique,136,27,33,5,28,0,0,1
shared_,runNum_,scale_,numTerms_,numChc_,numPlain_,numSharedDims_,numSharedPlain_,maxShared_
Shared,136,27,20,7,13,0,0,1
shared_,runNum_,scale_,numTerms_,numChc_,numPlain_,numSharedDims_,numSharedPlain_,maxShared_
Unique,137,27,52,9,43,0,0,1
shared_,runNum_,scale_,numTerms_,numChc_,numPlain_,numSharedDims_,numSharedPlain_,maxShared_
Shared,137,27,33,7,26,0,0,1
shared_,runNum_,scale_,numTerms_,numChc_,numPlain_,numSharedDims_,numSharedPlain_,maxShared_
Unique,138,27,47,10,37,0,0,1
shared_,runNum_,scale_,numTerms_,numChc_,numPlain_,numSharedDims_,numSharedPlain_,maxShared_
Shared,138,27,26,5,21,0,0,1
shared_,runNum_,scale_,numTerms_,numChc_,numPlain_,numSharedDims_,numSharedPlain_,maxShared_
Unique,139,27,53,12,41,0,0,1
shared_,runNum_,scale_,numTerms_,numChc_,numPlain_,numSharedDims_,numSharedPlain_,maxShared_
Shared,139,27,24,5,19,0,0,1
shared_,runNum_,scale_,numTerms_,numChc_,numPlain_,numSharedDims_,numSharedPlain_,maxShared_
Unique,140,27,46,9,37,0,0,1
shared_,runNum_,scale_,numTerms_,numChc_,numPlain_,numSharedDims_,numSharedPlain_,maxShared_
Shared,140,27,43,0,43,0,0,0
shared_,runNum_,scale_,numTerms_,numChc_,numPlain_,numSharedDims_,numSharedPlain_,maxShared_
Unique,141,28,43,7,36,0,0,1
shared_,runNum_,scale_,numTerms_,numChc_,numPlain_,numSharedDims_,numSharedPlain_,maxShared_
Shared,141,28,35,5,30,0,0,1
shared_,runNum_,scale_,numTerms_,numChc_,numPlain_,numSharedDims_,numSharedPlain_,maxShared_
Unique,142,28,43,10,33,0,0,1
shared_,runNum_,scale_,numTerms_,numChc_,numPlain_,numSharedDims_,numSharedPlain_,maxShared_
Shared,142,28,19,5,14,0,0,1
shared_,runNum_,scale_,numTerms_,numChc_,numPlain_,numSharedDims_,numSharedPlain_,maxShared_
Unique,143,28,27,8,19,0,0,1
shared_,runNum_,scale_,numTerms_,numChc_,numPlain_,numSharedDims_,numSharedPlain_,maxShared_
Shared,143,28,1,0,1,0,0,0
shared_,runNum_,scale_,numTerms_,numChc_,numPlain_,numSharedDims_,numSharedPlain_,maxShared_
Unique,144,28,40,9,31,0,0,1
shared_,runNum_,scale_,numTerms_,numChc_,numPlain_,numSharedDims_,numSharedPlain_,maxShared_
Shared,144,28,58,7,51,1,0,2
shared_,runNum_,scale_,numTerms_,numChc_,numPlain_,numSharedDims_,numSharedPlain_,maxShared_
Unique,145,28,44,5,39,0,0,1
shared_,runNum_,scale_,numTerms_,numChc_,numPlain_,numSharedDims_,numSharedPlain_,maxShared_
Shared,145,28,52,13,39,1,0,2
shared_,runNum_,scale_,numTerms_,numChc_,numPlain_,numSharedDims_,numSharedPlain_,maxShared_
Unique,146,29,27,9,18,0,0,1
shared_,runNum_,scale_,numTerms_,numChc_,numPlain_,numSharedDims_,numSharedPlain_,maxShared_
Shared,146,29,30,7,23,0,0,2
shared_,runNum_,scale_,numTerms_,numChc_,numPlain_,numSharedDims_,numSharedPlain_,maxShared_
Unique,147,29,31,5,26,0,0,1
shared_,runNum_,scale_,numTerms_,numChc_,numPlain_,numSharedDims_,numSharedPlain_,maxShared_
Shared,147,29,1,0,1,0,0,0
shared_,runNum_,scale_,numTerms_,numChc_,numPlain_,numSharedDims_,numSharedPlain_,maxShared_
Unique,148,29,35,13,22,0,0,1
shared_,runNum_,scale_,numTerms_,numChc_,numPlain_,numSharedDims_,numSharedPlain_,maxShared_
Shared,148,29,47,8,39,0,0,1
shared_,runNum_,scale_,numTerms_,numChc_,numPlain_,numSharedDims_,numSharedPlain_,maxShared_
Unique,149,29,48,13,35,0,0,1
shared_,runNum_,scale_,numTerms_,numChc_,numPlain_,numSharedDims_,numSharedPlain_,maxShared_
Shared,149,29,36,3,33,0,0,1
shared_,runNum_,scale_,numTerms_,numChc_,numPlain_,numSharedDims_,numSharedPlain_,maxShared_
Unique,150,29,50,13,37,0,0,1
shared_,runNum_,scale_,numTerms_,numChc_,numPlain_,numSharedDims_,numSharedPlain_,maxShared_
Shared,150,29,1,0,1,0,0,0
shared_,runNum_,scale_,numTerms_,numChc_,numPlain_,numSharedDims_,numSharedPlain_,maxShared_
Unique,151,30,22,5,17,0,0,1
shared_,runNum_,scale_,numTerms_,numChc_,numPlain_,numSharedDims_,numSharedPlain_,maxShared_
Shared,151,30,35,0,35,0,0,0
shared_,runNum_,scale_,numTerms_,numChc_,numPlain_,numSharedDims_,numSharedPlain_,maxShared_
Unique,152,30,38,7,31,0,0,1
shared_,runNum_,scale_,numTerms_,numChc_,numPlain_,numSharedDims_,numSharedPlain_,maxShared_
Shared,152,30,40,7,33,0,0,1
shared_,runNum_,scale_,numTerms_,numChc_,numPlain_,numSharedDims_,numSharedPlain_,maxShared_
Unique,153,30,56,15,41,0,0,1
shared_,runNum_,scale_,numTerms_,numChc_,numPlain_,numSharedDims_,numSharedPlain_,maxShared_
Shared,153,30,48,14,34,1,0,3
shared_,runNum_,scale_,numTerms_,numChc_,numPlain_,numSharedDims_,numSharedPlain_,maxShared_
Unique,154,30,46,8,38,0,0,1
shared_,runNum_,scale_,numTerms_,numChc_,numPlain_,numSharedDims_,numSharedPlain_,maxShared_
Shared,154,30,2,0,2,0,0,0
shared_,runNum_,scale_,numTerms_,numChc_,numPlain_,numSharedDims_,numSharedPlain_,maxShared_
Unique,155,30,35,7,28,0,0,1
shared_,runNum_,scale_,numTerms_,numChc_,numPlain_,numSharedDims_,numSharedPlain_,maxShared_
Shared,155,30,44,15,29,1,0,3
shared_,runNum_,scale_,numTerms_,numChc_,numPlain_,numSharedDims_,numSharedPlain_,maxShared_
Unique,156,31,1,0,1,0,0,0
shared_,runNum_,scale_,numTerms_,numChc_,numPlain_,numSharedDims_,numSharedPlain_,maxShared_
Shared,156,31,25,7,18,1,0,2
shared_,runNum_,scale_,numTerms_,numChc_,numPlain_,numSharedDims_,numSharedPlain_,maxShared_
Unique,157,31,41,12,29,0,0,1
shared_,runNum_,scale_,numTerms_,numChc_,numPlain_,numSharedDims_,numSharedPlain_,maxShared_
Shared,157,31,44,10,34,1,0,2
shared_,runNum_,scale_,numTerms_,numChc_,numPlain_,numSharedDims_,numSharedPlain_,maxShared_
Unique,158,31,52,11,41,0,0,1
shared_,runNum_,scale_,numTerms_,numChc_,numPlain_,numSharedDims_,numSharedPlain_,maxShared_
Shared,158,31,44,9,35,0,0,2
shared_,runNum_,scale_,numTerms_,numChc_,numPlain_,numSharedDims_,numSharedPlain_,maxShared_
Unique,159,31,32,6,26,0,0,1
shared_,runNum_,scale_,numTerms_,numChc_,numPlain_,numSharedDims_,numSharedPlain_,maxShared_
Shared,159,31,57,14,43,1,0,4
shared_,runNum_,scale_,numTerms_,numChc_,numPlain_,numSharedDims_,numSharedPlain_,maxShared_
Unique,160,31,46,8,38,0,0,1
shared_,runNum_,scale_,numTerms_,numChc_,numPlain_,numSharedDims_,numSharedPlain_,maxShared_
Shared,160,31,22,6,16,0,0,2
shared_,runNum_,scale_,numTerms_,numChc_,numPlain_,numSharedDims_,numSharedPlain_,maxShared_
Unique,161,32,96,20,76,0,0,1
shared_,runNum_,scale_,numTerms_,numChc_,numPlain_,numSharedDims_,numSharedPlain_,maxShared_
Shared,161,32,90,14,76,0,0,2
shared_,runNum_,scale_,numTerms_,numChc_,numPlain_,numSharedDims_,numSharedPlain_,maxShared_
Unique,162,32,84,24,60,0,0,1
shared_,runNum_,scale_,numTerms_,numChc_,numPlain_,numSharedDims_,numSharedPlain_,maxShared_
Shared,162,32,40,12,28,0,0,2
shared_,runNum_,scale_,numTerms_,numChc_,numPlain_,numSharedDims_,numSharedPlain_,maxShared_
Unique,163,32,94,10,84,0,0,1
shared_,runNum_,scale_,numTerms_,numChc_,numPlain_,numSharedDims_,numSharedPlain_,maxShared_
Shared,163,32,56,11,45,0,0,2
shared_,runNum_,scale_,numTerms_,numChc_,numPlain_,numSharedDims_,numSharedPlain_,maxShared_
Unique,164,32,69,19,50,0,0,1
shared_,runNum_,scale_,numTerms_,numChc_,numPlain_,numSharedDims_,numSharedPlain_,maxShared_
Shared,164,32,25,6,19,0,0,1
shared_,runNum_,scale_,numTerms_,numChc_,numPlain_,numSharedDims_,numSharedPlain_,maxShared_
Unique,165,32,26,8,18,0,0,1
shared_,runNum_,scale_,numTerms_,numChc_,numPlain_,numSharedDims_,numSharedPlain_,maxShared_
Shared,165,32,31,12,19,0,0,2
shared_,runNum_,scale_,numTerms_,numChc_,numPlain_,numSharedDims_,numSharedPlain_,maxShared_
Unique,166,33,63,13,50,0,0,1
shared_,runNum_,scale_,numTerms_,numChc_,numPlain_,numSharedDims_,numSharedPlain_,maxShared_
Shared,166,33,62,22,40,1,0,3
shared_,runNum_,scale_,numTerms_,numChc_,numPlain_,numSharedDims_,numSharedPlain_,maxShared_
Unique,167,33,94,15,79,0,0,1
shared_,runNum_,scale_,numTerms_,numChc_,numPlain_,numSharedDims_,numSharedPlain_,maxShared_
Shared,167,33,1,0,1,0,0,0
shared_,runNum_,scale_,numTerms_,numChc_,numPlain_,numSharedDims_,numSharedPlain_,maxShared_
Unique,168,33,77,16,61,0,0,1
shared_,runNum_,scale_,numTerms_,numChc_,numPlain_,numSharedDims_,numSharedPlain_,maxShared_
Shared,168,33,93,21,72,0,0,2
shared_,runNum_,scale_,numTerms_,numChc_,numPlain_,numSharedDims_,numSharedPlain_,maxShared_
Unique,169,33,52,7,45,0,0,1
shared_,runNum_,scale_,numTerms_,numChc_,numPlain_,numSharedDims_,numSharedPlain_,maxShared_
Shared,169,33,1,0,1,0,0,0
shared_,runNum_,scale_,numTerms_,numChc_,numPlain_,numSharedDims_,numSharedPlain_,maxShared_
Unique,170,33,1,0,1,0,0,0
shared_,runNum_,scale_,numTerms_,numChc_,numPlain_,numSharedDims_,numSharedPlain_,maxShared_
Shared,170,33,83,21,62,1,0,3
shared_,runNum_,scale_,numTerms_,numChc_,numPlain_,numSharedDims_,numSharedPlain_,maxShared_
Unique,171,34,61,15,46,0,0,1
shared_,runNum_,scale_,numTerms_,numChc_,numPlain_,numSharedDims_,numSharedPlain_,maxShared_
Shared,171,34,81,15,66,2,0,4
shared_,runNum_,scale_,numTerms_,numChc_,numPlain_,numSharedDims_,numSharedPlain_,maxShared_
Unique,172,34,67,11,56,0,0,1
shared_,runNum_,scale_,numTerms_,numChc_,numPlain_,numSharedDims_,numSharedPlain_,maxShared_
Shared,172,34,49,14,35,0,0,2
shared_,runNum_,scale_,numTerms_,numChc_,numPlain_,numSharedDims_,numSharedPlain_,maxShared_
Unique,173,34,69,13,56,0,0,1
shared_,runNum_,scale_,numTerms_,numChc_,numPlain_,numSharedDims_,numSharedPlain_,maxShared_
Shared,173,34,78,18,60,0,0,2
shared_,runNum_,scale_,numTerms_,numChc_,numPlain_,numSharedDims_,numSharedPlain_,maxShared_
Unique,174,34,2,0,2,0,0,0
shared_,runNum_,scale_,numTerms_,numChc_,numPlain_,numSharedDims_,numSharedPlain_,maxShared_
Shared,174,34,80,21,59,0,0,3
shared_,runNum_,scale_,numTerms_,numChc_,numPlain_,numSharedDims_,numSharedPlain_,maxShared_
Unique,175,34,86,14,72,0,0,1
shared_,runNum_,scale_,numTerms_,numChc_,numPlain_,numSharedDims_,numSharedPlain_,maxShared_
Shared,175,34,72,16,56,1,0,3
shared_,runNum_,scale_,numTerms_,numChc_,numPlain_,numSharedDims_,numSharedPlain_,maxShared_
Unique,176,35,75,11,64,0,0,1
shared_,runNum_,scale_,numTerms_,numChc_,numPlain_,numSharedDims_,numSharedPlain_,maxShared_
Shared,176,35,47,6,41,0,0,1
shared_,runNum_,scale_,numTerms_,numChc_,numPlain_,numSharedDims_,numSharedPlain_,maxShared_
Unique,177,35,92,23,69,0,0,1
shared_,runNum_,scale_,numTerms_,numChc_,numPlain_,numSharedDims_,numSharedPlain_,maxShared_
Shared,177,35,60,14,46,2,0,3
shared_,runNum_,scale_,numTerms_,numChc_,numPlain_,numSharedDims_,numSharedPlain_,maxShared_
Unique,178,35,100,22,78,0,0,1
shared_,runNum_,scale_,numTerms_,numChc_,numPlain_,numSharedDims_,numSharedPlain_,maxShared_
Shared,178,35,1,0,1,0,0,0
shared_,runNum_,scale_,numTerms_,numChc_,numPlain_,numSharedDims_,numSharedPlain_,maxShared_
Unique,179,35,54,13,41,0,0,1
shared_,runNum_,scale_,numTerms_,numChc_,numPlain_,numSharedDims_,numSharedPlain_,maxShared_
Shared,179,35,105,20,85,2,0,3
shared_,runNum_,scale_,numTerms_,numChc_,numPlain_,numSharedDims_,numSharedPlain_,maxShared_
Unique,180,35,105,15,90,0,0,1
shared_,runNum_,scale_,numTerms_,numChc_,numPlain_,numSharedDims_,numSharedPlain_,maxShared_
Shared,180,35,1,0,1,0,0,0
shared_,runNum_,scale_,numTerms_,numChc_,numPlain_,numSharedDims_,numSharedPlain_,maxShared_
Unique,181,36,39,11,28,0,0,1
shared_,runNum_,scale_,numTerms_,numChc_,numPlain_,numSharedDims_,numSharedPlain_,maxShared_
Shared,181,36,72,21,51,2,0,4
shared_,runNum_,scale_,numTerms_,numChc_,numPlain_,numSharedDims_,numSharedPlain_,maxShared_
Unique,182,36,1,0,1,0,0,0
shared_,runNum_,scale_,numTerms_,numChc_,numPlain_,numSharedDims_,numSharedPlain_,maxShared_
Shared,182,36,27,7,20,0,0,1
shared_,runNum_,scale_,numTerms_,numChc_,numPlain_,numSharedDims_,numSharedPlain_,maxShared_
Unique,183,36,94,21,73,0,0,1
shared_,runNum_,scale_,numTerms_,numChc_,numPlain_,numSharedDims_,numSharedPlain_,maxShared_
Shared,183,36,72,5,67,0,0,2
shared_,runNum_,scale_,numTerms_,numChc_,numPlain_,numSharedDims_,numSharedPlain_,maxShared_
Unique,184,36,75,21,54,0,0,1
shared_,runNum_,scale_,numTerms_,numChc_,numPlain_,numSharedDims_,numSharedPlain_,maxShared_
Shared,184,36,71,7,64,1,0,2
shared_,runNum_,scale_,numTerms_,numChc_,numPlain_,numSharedDims_,numSharedPlain_,maxShared_
Unique,185,36,78,6,72,0,0,1
shared_,runNum_,scale_,numTerms_,numChc_,numPlain_,numSharedDims_,numSharedPlain_,maxShared_
Shared,185,36,88,17,71,1,0,3
shared_,runNum_,scale_,numTerms_,numChc_,numPlain_,numSharedDims_,numSharedPlain_,maxShared_
Unique,186,37,81,19,62,0,0,1
shared_,runNum_,scale_,numTerms_,numChc_,numPlain_,numSharedDims_,numSharedPlain_,maxShared_
Shared,186,37,70,14,56,2,0,2
shared_,runNum_,scale_,numTerms_,numChc_,numPlain_,numSharedDims_,numSharedPlain_,maxShared_
Unique,187,37,80,22,58,0,0,1
shared_,runNum_,scale_,numTerms_,numChc_,numPlain_,numSharedDims_,numSharedPlain_,maxShared_
Shared,187,37,36,4,32,0,0,1
shared_,runNum_,scale_,numTerms_,numChc_,numPlain_,numSharedDims_,numSharedPlain_,maxShared_
Unique,188,37,94,27,67,0,0,1
shared_,runNum_,scale_,numTerms_,numChc_,numPlain_,numSharedDims_,numSharedPlain_,maxShared_
Shared,188,37,99,17,82,1,0,2
shared_,runNum_,scale_,numTerms_,numChc_,numPlain_,numSharedDims_,numSharedPlain_,maxShared_
Unique,189,37,97,25,72,0,0,1
shared_,runNum_,scale_,numTerms_,numChc_,numPlain_,numSharedDims_,numSharedPlain_,maxShared_
Shared,189,37,44,8,36,0,0,1
shared_,runNum_,scale_,numTerms_,numChc_,numPlain_,numSharedDims_,numSharedPlain_,maxShared_
Unique,190,37,75,20,55,0,0,1
shared_,runNum_,scale_,numTerms_,numChc_,numPlain_,numSharedDims_,numSharedPlain_,maxShared_
Shared,190,37,83,11,72,1,0,2
shared_,runNum_,scale_,numTerms_,numChc_,numPlain_,numSharedDims_,numSharedPlain_,maxShared_
Unique,191,38,112,18,94,0,0,1
shared_,runNum_,scale_,numTerms_,numChc_,numPlain_,numSharedDims_,numSharedPlain_,maxShared_
Shared,191,38,118,25,93,1,0,3
shared_,runNum_,scale_,numTerms_,numChc_,numPlain_,numSharedDims_,numSharedPlain_,maxShared_
Unique,192,38,70,21,49,0,0,1
shared_,runNum_,scale_,numTerms_,numChc_,numPlain_,numSharedDims_,numSharedPlain_,maxShared_
Shared,192,38,50,20,30,1,0,3
shared_,runNum_,scale_,numTerms_,numChc_,numPlain_,numSharedDims_,numSharedPlain_,maxShared_
Unique,193,38,101,17,84,0,0,1
shared_,runNum_,scale_,numTerms_,numChc_,numPlain_,numSharedDims_,numSharedPlain_,maxShared_
Shared,193,38,64,19,45,1,0,2
shared_,runNum_,scale_,numTerms_,numChc_,numPlain_,numSharedDims_,numSharedPlain_,maxShared_
Unique,194,38,100,25,75,0,0,1
shared_,runNum_,scale_,numTerms_,numChc_,numPlain_,numSharedDims_,numSharedPlain_,maxShared_
Shared,194,38,83,21,62,0,0,2
shared_,runNum_,scale_,numTerms_,numChc_,numPlain_,numSharedDims_,numSharedPlain_,maxShared_
Unique,195,38,60,9,51,0,0,1
shared_,runNum_,scale_,numTerms_,numChc_,numPlain_,numSharedDims_,numSharedPlain_,maxShared_
Shared,195,38,68,12,56,1,0,2
shared_,runNum_,scale_,numTerms_,numChc_,numPlain_,numSharedDims_,numSharedPlain_,maxShared_
Unique,196,39,48,12,36,0,0,1
shared_,runNum_,scale_,numTerms_,numChc_,numPlain_,numSharedDims_,numSharedPlain_,maxShared_
Shared,196,39,42,10,32,1,0,2
shared_,runNum_,scale_,numTerms_,numChc_,numPlain_,numSharedDims_,numSharedPlain_,maxShared_
Unique,197,39,46,11,35,0,0,1
shared_,runNum_,scale_,numTerms_,numChc_,numPlain_,numSharedDims_,numSharedPlain_,maxShared_
Shared,197,39,84,22,62,2,0,6
shared_,runNum_,scale_,numTerms_,numChc_,numPlain_,numSharedDims_,numSharedPlain_,maxShared_
Unique,198,39,38,8,30,0,0,1
shared_,runNum_,scale_,numTerms_,numChc_,numPlain_,numSharedDims_,numSharedPlain_,maxShared_
Shared,198,39,77,19,58,1,0,2
shared_,runNum_,scale_,numTerms_,numChc_,numPlain_,numSharedDims_,numSharedPlain_,maxShared_
Unique,199,39,44,9,35,0,0,1
shared_,runNum_,scale_,numTerms_,numChc_,numPlain_,numSharedDims_,numSharedPlain_,maxShared_
Shared,199,39,51,11,40,1,0,3
shared_,runNum_,scale_,numTerms_,numChc_,numPlain_,numSharedDims_,numSharedPlain_,maxShared_
Unique,200,39,71,12,59,0,0,1
shared_,runNum_,scale_,numTerms_,numChc_,numPlain_,numSharedDims_,numSharedPlain_,maxShared_
Shared,200,39,96,24,72,2,0,3
shared_,runNum_,scale_,numTerms_,numChc_,numPlain_,numSharedDims_,numSharedPlain_,maxShared_
Unique,201,40,72,15,57,0,0,1
shared_,runNum_,scale_,numTerms_,numChc_,numPlain_,numSharedDims_,numSharedPlain_,maxShared_
Shared,201,40,69,15,54,1,0,2
shared_,runNum_,scale_,numTerms_,numChc_,numPlain_,numSharedDims_,numSharedPlain_,maxShared_
Unique,202,40,89,18,71,0,0,1
shared_,runNum_,scale_,numTerms_,numChc_,numPlain_,numSharedDims_,numSharedPlain_,maxShared_
Shared,202,40,53,14,39,1,0,2
shared_,runNum_,scale_,numTerms_,numChc_,numPlain_,numSharedDims_,numSharedPlain_,maxShared_
Unique,203,40,67,21,46,0,0,1
shared_,runNum_,scale_,numTerms_,numChc_,numPlain_,numSharedDims_,numSharedPlain_,maxShared_
Shared,203,40,98,24,74,0,0,4
shared_,runNum_,scale_,numTerms_,numChc_,numPlain_,numSharedDims_,numSharedPlain_,maxShared_
Unique,204,40,95,24,71,0,0,1
shared_,runNum_,scale_,numTerms_,numChc_,numPlain_,numSharedDims_,numSharedPlain_,maxShared_
Shared,204,40,82,16,66,1,0,3
shared_,runNum_,scale_,numTerms_,numChc_,numPlain_,numSharedDims_,numSharedPlain_,maxShared_
Unique,205,40,81,17,64,0,0,1
shared_,runNum_,scale_,numTerms_,numChc_,numPlain_,numSharedDims_,numSharedPlain_,maxShared_
Shared,205,40,84,16,68,1,0,2
