name,iters,time,cycles,cpuTime,utime,stime,maxrss,minflt,majflt,nvcsw,nivcsw,allocated,numGcs,bytesCopied,mutatorWallSeconds,mutatorCpuSeconds,gcWallSeconds,gcCpuSeconds
Yices/v-->v/V1/Chc/0/numPlain/479622/Compression/0.0/VCore_Total/1/VCorePlain/1/VCoreVar/0/Variants/1,1,22.606777467,90256538920,21.05778204,16.906156,4.151676,1441164,188929,0,1103623,138,,,,,,,
Yices/v-->v/V1/Chc/0/numPlain/479622/Compression/0.0/VCore_Total/1/VCorePlain/1/VCoreVar/0/Variants/1,2,43.914135356,175325187480,42.354996502,34.536599,7.818411,1524076,346880,0,2206783,171,,,,,,,
Yices/v-->v/V1/Chc/0/numPlain/479622/Compression/0.0/VCore_Total/1/VCorePlain/1/VCoreVar/0/Variants/1,3,66.786679266,266642770200,64.352995322,52.304747,12.048263,1524076,412662,0,3310583,120,,,,,,,
Yices/v-->v/V2/Chc/0/numPlain/687613/Compression/0.0/VCore_Total/1/VCorePlain/1/VCoreVar/0/Variants/1,1,38.286653979,152856633240,37.484078534,31.810215,5.673878,2300276,396290,0,1540391,41,,,,,,,
Yices/v-->v/V2/Chc/0/numPlain/687613/Compression/0.0/VCore_Total/1/VCorePlain/1/VCoreVar/0/Variants/1,2,76.108639968,303858299000,75.115338795,64.309228,10.806125,2334568,561823,0,3082001,131,,,,,,,
Yices/v-->v/V2/Chc/0/numPlain/687613/Compression/0.0/VCore_Total/1/VCorePlain/1/VCoreVar/0/Variants/1,3,118.417294516,472773011240,114.613047366,96.948311,17.66475,2334664,804126,0,4622160,179,,,,,,,
Yices/v-->v/V3/Chc/0/numPlain/77192/Compression/0.0/VCore_Total/1/VCorePlain/1/VCoreVar/0/Variants/1,1,8.270507263,33019473880,8.262360882,7.226179,1.036197,2334664,53504,0,288684,11,,,,,,,
Yices/v-->v/V3/Chc/0/numPlain/77192/Compression/0.0/VCore_Total/1/VCorePlain/1/VCoreVar/0/Variants/1,2,16.613864509,66329788600,16.669842359,14.576261,2.093597,2334664,105217,0,577523,39,,,,,,,
Yices/v-->v/V3/Chc/0/numPlain/77192/Compression/0.0/VCore_Total/1/VCorePlain/1/VCoreVar/0/Variants/1,3,24.719146563,98689614040,24.848737876,21.7703,3.078453,2334664,121344,0,867166,44,,,,,,,
Yices/v-->v/V4/Chc/0/numPlain/70791/Compression/0.0/VCore_Total/1/VCorePlain/1/VCoreVar/0/Variants/1,1,7.955398566,31761436560,7.99608406,7.014103,0.981995,2334664,53504,0,272636,18,,,,,,,
Yices/v-->v/V4/Chc/0/numPlain/70791/Compression/0.0/VCore_Total/1/VCorePlain/1/VCoreVar/0/Variants/1,2,16.013304562,63932119880,16.073741639,14.0517,2.022057,2334664,93508,0,545327,55,,,,,,,
Yices/v-->v/V4/Chc/0/numPlain/70791/Compression/0.0/VCore_Total/1/VCorePlain/1/VCoreVar/0/Variants/1,3,23.885064693,95359636720,23.915847877,21.033159,2.882704,2334664,105472,0,817554,68,,,,,,,
Yices/p-->v/V1/Chc/0/numPlain/479622/Compression/0.0/VCore_Total/1/VCorePlain/1/VCoreVar/0/Variants/1,1,23.071499708,92111603320,23.419650578,19.508932,3.910735,2334664,41472,0,1228412,30,,,,,,,
Yices/p-->v/V1/Chc/0/numPlain/479622/Compression/0.0/VCore_Total/1/VCorePlain/1/VCoreVar/0/Variants/1,2,45.921470726,183338721840,46.94767238,39.44856,7.499129,2334664,64512,0,2406312,79,,,,,,,
Yices/p-->v/V1/Chc/0/numPlain/479622/Compression/0.0/VCore_Total/1/VCorePlain/1/VCoreVar/0/Variants/1,3,70.056022465,279694544560,70.596314596,58.918927,11.677402,2334664,94464,0,3691812,154,,,,,,,
Yices/p-->v/V2/Chc/0/numPlain/687613/Compression/0.0/VCore_Total/1/VCorePlain/1/VCoreVar/0/Variants/1,1,34.252770276,136752249520,32.658980744,26.978134,5.680861,2334664,106753,0,1523021,67,,,,,,,
Yices/p-->v/V2/Chc/0/numPlain/687613/Compression/0.0/VCore_Total/1/VCorePlain/1/VCoreVar/0/Variants/1,2,67.514970856,269549733720,65.945863196,55.280825,10.665054,2334664,157696,0,3082479,260,,,,,,,
Yices/p-->v/V2/Chc/0/numPlain/687613/Compression/0.0/VCore_Total/1/VCorePlain/1/VCoreVar/0/Variants/1,3,101.947274623,407018860360,100.182426434,84.315656,15.866785,2334664,204032,0,4648554,228,,,,,,,
Yices/p-->v/V3/Chc/0/numPlain/77192/Compression/0.0/VCore_Total/1/VCorePlain/1/VCoreVar/0/Variants/1,1,4.028404813,16083206440,4.021119431,3.141523,0.879612,2334664,0,0,228747,4,,,,,,,
Yices/p-->v/V3/Chc/0/numPlain/77192/Compression/0.0/VCore_Total/1/VCorePlain/1/VCoreVar/0/Variants/1,2,7.974857527,31839200560,7.932909081,6.384803,1.54812,2334664,0,0,464762,16,,,,,,,
Yices/p-->v/V3/Chc/0/numPlain/77192/Compression/0.0/VCore_Total/1/VCorePlain/1/VCoreVar/0/Variants/1,3,12.780475376,51025370840,12.304699672,9.932114,2.372601,2334664,0,0,680650,21,,,,,,,
Yices/p-->v/V4/Chc/0/numPlain/70791/Compression/0.0/VCore_Total/1/VCorePlain/1/VCoreVar/0/Variants/1,1,3.60587889,14396295520,3.527820057,2.883789,0.644047,2334664,0,0,203498,9,,,,,,,
Yices/p-->v/V4/Chc/0/numPlain/70791/Compression/0.0/VCore_Total/1/VCorePlain/1/VCoreVar/0/Variants/1,2,7.466726491,29810517240,7.356763256,5.894613,1.462165,2334664,0,0,406986,8,,,,,,,
Yices/p-->v/V4/Chc/0/numPlain/70791/Compression/0.0/VCore_Total/1/VCorePlain/1/VCoreVar/0/Variants/1,3,11.205174886,44736070080,11.034327542,8.946464,2.087879,2334664,0,0,610578,20,,,,,,,
Yices/p-->p/V1/Chc/0/numPlain/479622/Compression/0.0/VCore_Total/1/VCorePlain/1/VCoreVar/0/Variants/1,1,24.292281663,96985648880,23.173309047,19.455817,3.717508,2334664,129536,0,1098608,63,,,,,,,
Yices/p-->p/V1/Chc/0/numPlain/479622/Compression/0.0/VCore_Total/1/VCorePlain/1/VCoreVar/0/Variants/1,2,51.249502114,204610913040,48.187656169,40.216077,7.971597,2334664,219135,0,2198138,81,,,,,,,
Yices/p-->p/V1/Chc/0/numPlain/479622/Compression/0.0/VCore_Total/1/VCorePlain/1/VCoreVar/0/Variants/1,3,73.471849622,293332474960,71.463107079,60.474617,10.988505,2334664,301208,0,3296566,111,,,,,,,
Yices/p-->p/V2/Chc/0/numPlain/687613/Compression/0.0/VCore_Total/1/VCorePlain/1/VCoreVar/0/Variants/1,1,33.799927281,134944458120,32.757520527,27.65906,5.098477,2334664,171519,0,1522029,74,,,,,,,
Yices/p-->p/V2/Chc/0/numPlain/687613/Compression/0.0/VCore_Total/1/VCorePlain/1/VCoreVar/0/Variants/1,2,71.494543653,285438256400,67.221545005,56.122394,11.099166,2334664,341760,0,3044305,154,,,,,,,
Yices/p-->p/V2/Chc/0/numPlain/687613/Compression/0.0/VCore_Total/1/VCorePlain/1/VCoreVar/0/Variants/1,3,108.628970981,433695554040,102.684959759,86.007018,16.677958,2334664,510464,0,4566610,384,,,,,,,
Yices/p-->p/V3/Chc/0/numPlain/77192/Compression/0.0/VCore_Total/1/VCorePlain/1/VCoreVar/0/Variants/1,1,4.573088477,18257836120,4.268300598,3.426759,0.841556,2334664,0,0,225063,7,,,,,,,
Yices/p-->p/V3/Chc/0/numPlain/77192/Compression/0.0/VCore_Total/1/VCorePlain/1/VCoreVar/0/Variants/1,2,8.665853627,34597992080,8.342563868,6.71616,1.626419,2334664,0,0,449879,16,,,,,,,
Yices/p-->p/V3/Chc/0/numPlain/77192/Compression/0.0/VCore_Total/1/VCorePlain/1/VCoreVar/0/Variants/1,3,12.553033827,50117357160,12.27083789,9.993534,2.27732,2334664,0,0,674984,36,,,,,,,
Yices/p-->p/V4/Chc/0/numPlain/70791/Compression/0.0/VCore_Total/1/VCorePlain/1/VCoreVar/0/Variants/1,1,3.484435201,13911445400,3.532911292,2.861012,0.671914,2334664,0,0,203486,1,,,,,,,
Yices/p-->p/V4/Chc/0/numPlain/70791/Compression/0.0/VCore_Total/1/VCorePlain/1/VCoreVar/0/Variants/1,2,7.209122929,28782070120,7.313139067,5.900807,1.412348,2334664,0,0,407018,17,,,,,,,
Yices/p-->p/V4/Chc/0/numPlain/70791/Compression/0.0/VCore_Total/1/VCorePlain/1/VCoreVar/0/Variants/1,3,11.012865763,43968317720,10.950065384,8.86718,2.082904,2334664,0,0,610560,18,,,,,,,
Yices/v-->p/V1/Chc/0/numPlain/479622/Compression/0.0/VCore_Total/1/VCorePlain/1/VCoreVar/0/Variants/1,1,25.279309756,100926364120,23.644882793,19.581537,4.063362,2334664,168194,0,1099143,49,,,,,,,
Yices/v-->p/V1/Chc/0/numPlain/479622/Compression/0.0/VCore_Total/1/VCorePlain/1/VCoreVar/0/Variants/1,2,51.128605329,204128357760,48.230013851,40.397882,7.832147,2334664,170497,0,2198135,117,,,,,,,
Yices/v-->p/V1/Chc/0/numPlain/479622/Compression/0.0/VCore_Total/1/VCorePlain/1/VCoreVar/0/Variants/1,3,75.595176666,301809901360,71.635896061,59.871678,11.764233,2334664,217856,0,3297454,125,,,,,,,
Yices/v-->p/V2/Chc/0/numPlain/687613/Compression/0.0/VCore_Total/1/VCorePlain/1/VCoreVar/0/Variants/1,1,34.641262817,138303499480,33.051655633,28.03409,5.017583,2334664,186631,0,1522272,121,,,,,,,
Yices/v-->p/V2/Chc/0/numPlain/687613/Compression/0.0/VCore_Total/1/VCorePlain/1/VCoreVar/0/Variants/1,2,72.511760506,289499541720,69.198308799,58.359631,10.838691,2334664,381306,0,3044058,109,,,,,,,
Yices/v-->p/V2/Chc/0/numPlain/687613/Compression/0.0/VCore_Total/1/VCorePlain/1/VCoreVar/0/Variants/1,3,126.863319555,506495404320,119.692855232,102.58838,17.104491,2349580,266762,0,4568954,158,,,,,,,
Yices/v-->p/V3/Chc/0/numPlain/77192/Compression/0.0/VCore_Total/1/VCorePlain/1/VCoreVar/0/Variants/1,1,5.350770024,21362695280,5.154934769,4.322852,0.832099,2349580,0,0,225167,7,,,,,,,
Yices/v-->p/V3/Chc/0/numPlain/77192/Compression/0.0/VCore_Total/1/VCorePlain/1/VCoreVar/0/Variants/1,2,10.189559709,40681492040,9.936558267,8.541002,1.395573,2349580,0,0,450247,46,,,,,,,
Yices/v-->p/V3/Chc/0/numPlain/77192/Compression/0.0/VCore_Total/1/VCorePlain/1/VCoreVar/0/Variants/1,3,15.390388056,61445661520,14.976049552,12.750988,2.225076,2349580,0,0,675495,54,,,,,,,
Yices/v-->p/V4/Chc/0/numPlain/70791/Compression/0.0/VCore_Total/1/VCorePlain/1/VCoreVar/0/Variants/1,1,4.46433804,17823744800,4.431223798,3.721694,0.709548,2349580,0,0,203600,10,,,,,,,
Yices/v-->p/V4/Chc/0/numPlain/70791/Compression/0.0/VCore_Total/1/VCorePlain/1/VCoreVar/0/Variants/1,2,9.08995229,36291362960,8.996942265,7.499171,1.497786,2349580,0,0,407315,16,,,,,,,
Yices/v-->p/V4/Chc/0/numPlain/70791/Compression/0.0/VCore_Total/1/VCorePlain/1/VCoreVar/0/Variants/1,3,13.921438295,55580909560,13.784103036,11.677848,2.10627,2349580,0,0,610770,35,,,,,,,
CVC4/v-->v/V1/Chc/0/numPlain/479622/Compression/0.0/VCore_Total/1/VCorePlain/1/VCoreVar/0/Variants/1,1,58.012371303,231612341280,30.83739742,27.186688,3.650724,2351544,165887,0,1107145,67,,,,,,,
CVC4/v-->v/V1/Chc/0/numPlain/479622/Compression/0.0/VCore_Total/1/VCorePlain/1/VCoreVar/0/Variants/1,2,117.140058621,467677320040,63.069698426,55.961161,7.108553,2351544,165890,0,2214232,130,,,,,,,
CVC4/v-->v/V1/Chc/0/numPlain/479622/Compression/0.0/VCore_Total/1/VCorePlain/1/VCoreVar/0/Variants/1,3,177.428496365,708376231800,95.933260071,84.95866,10.974614,2351544,165888,0,3321391,182,,,,,,,
CVC4/v-->v/V2/Chc/0/numPlain/687613/Compression/0.0/VCore_Total/1/VCorePlain/1/VCoreVar/0/Variants/1,1,86.751484752,346351609360,48.839634407,43.439733,5.399916,2402304,336897,0,1545042,119,,,,,,,
CVC4/v-->v/V2/Chc/0/numPlain/687613/Compression/0.0/VCore_Total/1/VCorePlain/1/VCoreVar/0/Variants/1,2,169.863935925,678174360040,95.865919567,85.664924,10.201009,2402576,462848,0,3089647,162,,,,,,,
CVC4/v-->v/V2/Chc/0/numPlain/687613/Compression/0.0/VCore_Total/1/VCorePlain/1/VCoreVar/0/Variants/1,3,255.070691309,1018358328000,145.508268595,130.671371,14.836914,2402576,588800,0,4634533,214,,,,,,,
CVC4/v-->v/V3/Chc/0/numPlain/77192/Compression/0.0/VCore_Total/1/VCorePlain/1/VCoreVar/0/Variants/1,1,16.07441709,64176395680,10.685817898,9.754098,0.931743,2402576,49834,0,289401,26,,,,,,,
CVC4/v-->v/V3/Chc/0/numPlain/77192/Compression/0.0/VCore_Total/1/VCorePlain/1/VCoreVar/0/Variants/1,2,32.160652604,128399959760,21.635014367,19.709486,1.925544,2402604,73491,0,578765,77,,,,,,,
CVC4/v-->v/V3/Chc/0/numPlain/77192/Compression/0.0/VCore_Total/1/VCorePlain/1/VCoreVar/0/Variants/1,3,47.49569169,189624402480,32.143644543,29.395182,2.748477,2402604,73473,0,868055,71,,,,,,,
CVC4/v-->v/V4/Chc/0/numPlain/70791/Compression/0.0/VCore_Total/1/VCorePlain/1/VCoreVar/0/Variants/1,1,15.014891509,59946281880,10.120007369,9.348045,0.771978,2402676,43061,0,273034,23,,,,,,,
CVC4/v-->v/V4/Chc/0/numPlain/70791/Compression/0.0/VCore_Total/1/VCorePlain/1/VCoreVar/0/Variants/1,2,30.156974026,120400353720,20.389669137,18.88795,1.501733,2402676,71178,0,546079,64,,,,,,,
CVC4/v-->v/V4/Chc/0/numPlain/70791/Compression/0.0/VCore_Total/1/VCorePlain/1/VCoreVar/0/Variants/1,3,45.519132576,181733065280,30.958648593,28.537372,2.42129,2402676,71168,0,819173,77,,,,,,,
CVC4/p-->v/V1/Chc/0/numPlain/479622/Compression/0.0/VCore_Total/1/VCorePlain/1/VCoreVar/0/Variants/1,1,55.49234726,221550655440,29.954235488,26.285014,3.669238,2402676,54224,0,1102105,84,,,,,,,
CVC4/p-->v/V1/Chc/0/numPlain/479622/Compression/0.0/VCore_Total/1/VCorePlain/1/VCoreVar/0/Variants/1,2,110.084060303,439505539400,60.381218044,53.321874,7.059359,2402676,98820,0,2204084,121,,,,,,,
CVC4/p-->v/V1/Chc/0/numPlain/479622/Compression/0.0/VCore_Total/1/VCorePlain/1/VCoreVar/0/Variants/1,3,172.272233922,687788916600,94.140991596,82.801369,11.339641,2402676,108544,0,3307043,223,,,,,,,
CVC4/p-->v/V2/Chc/0/numPlain/687613/Compression/0.0/VCore_Total/1/VCorePlain/1/VCoreVar/0/Variants/1,1,78.633183753,313939338320,42.647967377,37.396517,5.251485,2402676,105214,0,1526667,75,,,,,,,
CVC4/p-->v/V2/Chc/0/numPlain/687613/Compression/0.0/VCore_Total/1/VCorePlain/1/VCoreVar/0/Variants/1,2,157.970931779,630688694400,84.324062369,74.280273,10.043805,2402676,157699,0,3053471,204,,,,,,,
CVC4/p-->v/V2/Chc/0/numPlain/687613/Compression/0.0/VCore_Total/1/VCorePlain/1/VCoreVar/0/Variants/1,3,236.071886736,942502720120,126.915306104,112.156678,14.758645,2402676,205568,0,4579940,316,,,,,,,
CVC4/p-->v/V3/Chc/0/numPlain/77192/Compression/0.0/VCore_Total/1/VCorePlain/1/VCoreVar/0/Variants/1,1,9.719189429,38803321560,5.153317705,4.423752,0.72958,2402676,0,0,225594,4,,,,,,,
CVC4/p-->v/V3/Chc/0/numPlain/77192/Compression/0.0/VCore_Total/1/VCorePlain/1/VCoreVar/0/Variants/1,2,19.665450629,78513199000,10.599737793,9.121066,1.478689,2402676,0,0,451220,25,,,,,,,
CVC4/p-->v/V3/Chc/0/numPlain/77192/Compression/0.0/VCore_Total/1/VCorePlain/1/VCoreVar/0/Variants/1,3,30.32896773,121086688680,16.170167497,13.863153,2.307031,2402676,0,0,676923,29,,,,,,,
CVC4/p-->v/V4/Chc/0/numPlain/70791/Compression/0.0/VCore_Total/1/VCorePlain/1/VCoreVar/0/Variants/1,1,9.399388742,37526542960,4.964192801,4.229081,0.735127,2402676,0,0,204169,9,,,,,,,
CVC4/p-->v/V4/Chc/0/numPlain/70791/Compression/0.0/VCore_Total/1/VCorePlain/1/VCoreVar/0/Variants/1,2,18.663267427,74512058280,9.909650959,8.507025,1.402642,2402676,0,0,408297,18,,,,,,,
CVC4/p-->v/V4/Chc/0/numPlain/70791/Compression/0.0/VCore_Total/1/VCorePlain/1/VCoreVar/0/Variants/1,3,27.64784877,110382502520,14.374297014,12.42805,1.946262,2402676,0,0,612395,49,,,,,,,
CVC4/p-->p/V1/Chc/0/numPlain/479622/Compression/0.0/VCore_Total/1/VCorePlain/1/VCoreVar/0/Variants/1,1,57.586032737,229909114240,30.921154255,27.191705,3.729464,2402676,127989,0,1102377,38,,,,,,,
CVC4/p-->p/V1/Chc/0/numPlain/479622/Compression/0.0/VCore_Total/1/VCorePlain/1/VCoreVar/0/Variants/1,2,117.240058055,468074659000,62.665006448,55.39072,7.274303,2402676,140811,0,2204899,78,,,,,,,
CVC4/p-->p/V1/Chc/0/numPlain/479622/Compression/0.0/VCore_Total/1/VCorePlain/1/VCoreVar/0/Variants/1,3,173.652313534,693297741840,92.787024025,82.497437,10.289603,2402676,140800,0,3307002,152,,,,,,,
CVC4/p-->p/V2/Chc/0/numPlain/687613/Compression/0.0/VCore_Total/1/VCorePlain/1/VCoreVar/0/Variants/1,1,81.27836405,324499717680,43.584130919,38.466484,5.117663,2402676,238593,0,1526942,52,,,,,,,
CVC4/p-->p/V2/Chc/0/numPlain/687613/Compression/0.0/VCore_Total/1/VCorePlain/1/VCoreVar/0/Variants/1,2,165.597159399,661138256040,89.832920166,79.916574,9.916363,2402676,238595,0,3054140,137,,,,,,,
CVC4/p-->p/V2/Chc/0/numPlain/687613/Compression/0.0/VCore_Total/1/VCorePlain/1/VCoreVar/0/Variants/1,3,252.115922806,1006560144680,137.740172848,123.042798,14.697391,2402676,238592,0,4581457,249,,,,,,,
CVC4/p-->p/V3/Chc/0/numPlain/77192/Compression/0.0/VCore_Total/1/VCorePlain/1/VCoreVar/0/Variants/1,1,10.40461643,41539933360,5.567921471,4.874933,0.693004,2402676,0,0,225692,18,,,,,,,
CVC4/p-->p/V3/Chc/0/numPlain/77192/Compression/0.0/VCore_Total/1/VCorePlain/1/VCoreVar/0/Variants/1,2,21.015142946,83901924720,11.063128876,9.620018,1.443126,2402676,0,0,451385,21,,,,,,,
CVC4/p-->p/V3/Chc/0/numPlain/77192/Compression/0.0/VCore_Total/1/VCorePlain/1/VCoreVar/0/Variants/1,3,30.580393975,122090715880,16.073675071,14.138398,1.935294,2402676,0,0,676965,21,,,,,,,
CVC4/p-->p/V4/Chc/0/numPlain/70791/Compression/0.0/VCore_Total/1/VCorePlain/1/VCoreVar/0/Variants/1,1,8.746768992,34921059240,4.565867879,3.857069,0.708815,2402676,0,0,204110,6,,,,,,,
CVC4/p-->p/V4/Chc/0/numPlain/70791/Compression/0.0/VCore_Total/1/VCorePlain/1/VCoreVar/0/Variants/1,2,17.590500127,70229210080,9.199580088,7.913507,1.286087,2402676,0,0,408207,12,,,,,,,
CVC4/p-->p/V4/Chc/0/numPlain/70791/Compression/0.0/VCore_Total/1/VCorePlain/1/VCoreVar/0/Variants/1,3,28.047497863,111978254800,14.651172954,12.667796,1.983393,2402676,0,0,612453,26,,,,,,,
CVC4/v-->p/V1/Chc/0/numPlain/479622/Compression/0.0/VCore_Total/1/VCorePlain/1/VCoreVar/0/Variants/1,1,58.042636691,231732354800,31.057891184,27.385656,3.672249,2402676,169741,0,1102469,51,,,,,,,
CVC4/v-->p/V1/Chc/0/numPlain/479622/Compression/0.0/VCore_Total/1/VCorePlain/1/VCoreVar/0/Variants/1,2,115.307121067,460357965080,61.560738388,54.986745,6.574009,2402676,167936,0,2204741,61,,,,,,,
CVC4/v-->p/V1/Chc/0/numPlain/479622/Compression/0.0/VCore_Total/1/VCorePlain/1/VCoreVar/0/Variants/1,3,174.066467087,694951404520,93.691026051,83.680266,10.010775,2402676,169472,0,3307296,82,,,,,,,
CVC4/v-->p/V2/Chc/0/numPlain/687613/Compression/0.0/VCore_Total/1/VCorePlain/1/VCoreVar/0/Variants/1,1,82.548250916,329569722920,43.903048317,39.163733,4.739335,2402676,262415,0,1527061,53,,,,,,,
CVC4/v-->p/V2/Chc/0/numPlain/687613/Compression/0.0/VCore_Total/1/VCorePlain/1/VCoreVar/0/Variants/1,2,165.713119698,661601257040,90.495594823,80.927197,9.568414,2402676,262401,0,3054248,83,,,,,,,
CVC4/v-->p/V2/Chc/0/numPlain/687613/Compression/0.0/VCore_Total/1/VCorePlain/1/VCoreVar/0/Variants/1,3,254.154164126,1014697735840,138.190246954,124.035594,14.154668,2402676,262400,0,4581941,177,,,,,,,
CVC4/v-->p/V3/Chc/0/numPlain/77192/Compression/0.0/VCore_Total/1/VCorePlain/1/VCoreVar/0/Variants/1,1,10.4098502,41560821480,5.590131951,4.818315,0.771833,2402676,0,0,225795,9,,,,,,,
CVC4/v-->p/V3/Chc/0/numPlain/77192/Compression/0.0/VCore_Total/1/VCorePlain/1/VCoreVar/0/Variants/1,2,20.685394645,82585423800,10.999970414,9.611412,1.388574,2402676,0,0,451491,10,,,,,,,
CVC4/v-->p/V3/Chc/0/numPlain/77192/Compression/0.0/VCore_Total/1/VCorePlain/1/VCoreVar/0/Variants/1,3,30.862190057,123215765400,16.283460309,14.25262,2.030856,2402676,0,0,677218,22,,,,,,,
CVC4/v-->p/V4/Chc/0/numPlain/70791/Compression/0.0/VCore_Total/1/VCorePlain/1/VCoreVar/0/Variants/1,1,8.499719875,33934727520,4.312429577,3.704065,0.608381,2402676,0,0,204140,5,,,,,,,
CVC4/v-->p/V4/Chc/0/numPlain/70791/Compression/0.0/VCore_Total/1/VCorePlain/1/VCoreVar/0/Variants/1,2,17.187247633,68619241320,8.818404619,7.666641,1.15178,2402676,0,0,408325,4,,,,,,,
CVC4/v-->p/V4/Chc/0/numPlain/70791/Compression/0.0/VCore_Total/1/VCorePlain/1/VCoreVar/0/Variants/1,3,26.032314318,103932727800,13.364958426,11.617134,1.74784,2402676,0,0,612493,19,,,,,,,
Boolector/v-->v/V1/Chc/0/numPlain/479622/Compression/0.0/VCore_Total/1/VCorePlain/1/VCoreVar/0/Variants/1,1,32.358744852,129190687040,28.977102354,25.197511,3.779606,2402676,159752,0,1104336,35,,,,,,,
Boolector/v-->v/V1/Chc/0/numPlain/479622/Compression/0.0/VCore_Total/1/VCorePlain/1/VCoreVar/0/Variants/1,2,68.788831212,274635989360,60.194604219,51.748153,8.446467,2402676,159744,0,2209311,128,,,,,,,
Boolector/v-->v/V1/Chc/0/numPlain/479622/Compression/0.0/VCore_Total/1/VCorePlain/1/VCoreVar/0/Variants/1,3,101.419221951,404911200240,89.801877677,78.275833,11.526058,2402676,159744,0,3313302,130,,,,,,,
Boolector/v-->v/V2/Chc/0/numPlain/687613/Compression/0.0/VCore_Total/1/VCorePlain/1/VCoreVar/0/Variants/1,1,50.814412913,202874029840,45.883558855,40.014093,5.869481,2402676,328962,0,1541387,67,,,,,,,
Boolector/v-->v/V2/Chc/0/numPlain/687613/Compression/0.0/VCore_Total/1/VCorePlain/1/VCoreVar/0/Variants/1,2,101.189520353,403994138400,92.264588619,81.029752,11.234851,2402676,455681,0,3083822,119,,,,,,,
Boolector/v-->v/V2/Chc/0/numPlain/687613/Compression/0.0/VCore_Total/1/VCorePlain/1/VCoreVar/0/Variants/1,3,152.358078834,608282065840,138.637134199,121.882889,16.75426,2402676,580351,0,4624505,266,,,,,,,
Boolector/v-->v/V3/Chc/0/numPlain/77192/Compression/0.0/VCore_Total/1/VCorePlain/1/VCoreVar/0/Variants/1,1,10.8871841,43466553840,10.447500001,9.438419,1.009095,2402676,46891,0,289593,50,,,,,,,
Boolector/v-->v/V3/Chc/0/numPlain/77192/Compression/0.0/VCore_Total/1/VCorePlain/1/VCoreVar/0/Variants/1,2,22.00209381,87842281480,21.218993022,19.189818,2.029189,2402676,72199,0,580360,49,,,,,,,
Boolector/v-->v/V3/Chc/0/numPlain/77192/Compression/0.0/VCore_Total/1/VCorePlain/1/VCoreVar/0/Variants/1,3,33.062201213,131999207320,31.791056154,28.794003,2.997068,2402676,72198,0,870642,122,,,,,,,
Boolector/v-->v/V4/Chc/0/numPlain/70791/Compression/0.0/VCore_Total/1/VCorePlain/1/VCoreVar/0/Variants/1,1,10.424711678,41620159280,10.166727283,9.202865,0.963876,2402676,41332,0,274396,35,,,,,,,
Boolector/v-->v/V4/Chc/0/numPlain/70791/Compression/0.0/VCore_Total/1/VCorePlain/1/VCoreVar/0/Variants/1,2,21.461927248,85685691760,20.717441153,18.779175,1.938281,2402676,71422,0,547267,39,,,,,,,
Boolector/v-->v/V4/Chc/0/numPlain/70791/Compression/0.0/VCore_Total/1/VCorePlain/1/VCoreVar/0/Variants/1,3,32.581555909,130080258560,31.184271251,28.180719,3.003566,2402676,71428,0,819092,51,,,,,,,
Boolector/p-->v/V1/Chc/0/numPlain/479622/Compression/0.0/VCore_Total/1/VCorePlain/1/VCoreVar/0/Variants/1,1,36.550829934,145927390680,28.847200443,24.895425,3.95179,2402676,53504,0,1106386,63,,,,,,,
Boolector/p-->v/V1/Chc/0/numPlain/479622/Compression/0.0/VCore_Total/1/VCorePlain/1/VCoreVar/0/Variants/1,2,73.268717519,292521732520,58.609524751,50.572994,8.036546,2402676,101379,0,2236852,99,,,,,,,
Boolector/p-->v/V1/Chc/0/numPlain/479622/Compression/0.0/VCore_Total/1/VCorePlain/1/VCoreVar/0/Variants/1,3,112.897764122,450738439680,89.339048939,77.183928,12.155136,2402676,115712,0,3306998,179,,,,,,,
Boolector/p-->v/V2/Chc/0/numPlain/687613/Compression/0.0/VCore_Total/1/VCorePlain/1/VCoreVar/0/Variants/1,1,49.292825416,196798931760,39.306154799,34.02683,5.279342,2402676,102144,0,1526245,159,,,,,,,
Boolector/p-->v/V2/Chc/0/numPlain/687613/Compression/0.0/VCore_Total/1/VCorePlain/1/VCoreVar/0/Variants/1,2,100.13284117,399774979200,79.823217314,68.990171,10.833061,2402676,158723,0,3048987,212,,,,,,,
Boolector/p-->v/V2/Chc/0/numPlain/687613/Compression/0.0/VCore_Total/1/VCorePlain/1/VCoreVar/0/Variants/1,3,150.775781047,601964299400,120.556847927,104.756664,15.800198,2402676,206080,0,4572971,481,,,,,,,
Boolector/p-->v/V3/Chc/0/numPlain/77192/Compression/0.0/VCore_Total/1/VCorePlain/1/VCoreVar/0/Variants/1,1,6.091816104,24321273360,4.774760276,3.991365,0.783411,2402676,0,0,226965,15,,,,,,,
Boolector/p-->v/V3/Chc/0/numPlain/77192/Compression/0.0/VCore_Total/1/VCorePlain/1/VCoreVar/0/Variants/1,2,12.301487703,49113059240,9.810399105,8.33039,1.480025,2402676,0,0,453108,49,,,,,,,
Boolector/p-->v/V3/Chc/0/numPlain/77192/Compression/0.0/VCore_Total/1/VCorePlain/1/VCoreVar/0/Variants/1,3,18.475669933,73763159160,14.906677134,12.679073,2.227621,2402676,0,0,680389,53,,,,,,,
Boolector/p-->v/V4/Chc/0/numPlain/70791/Compression/0.0/VCore_Total/1/VCorePlain/1/VCoreVar/0/Variants/1,1,4.699244554,18761503000,4.33865577,3.550849,0.787822,2402676,0,0,203653,12,,,,,,,
Boolector/p-->v/V4/Chc/0/numPlain/70791/Compression/0.0/VCore_Total/1/VCorePlain/1/VCoreVar/0/Variants/1,2,9.178633742,36645229200,8.742878339,7.418123,1.324771,2402676,0,0,407161,65,,,,,,,
Boolector/p-->v/V4/Chc/0/numPlain/70791/Compression/0.0/VCore_Total/1/VCorePlain/1/VCoreVar/0/Variants/1,3,14.012474022,55944083320,13.331119401,11.272436,2.058698,2402676,0,0,610799,62,,,,,,,
Boolector/p-->p/V1/Chc/0/numPlain/479622/Compression/0.0/VCore_Total/1/VCorePlain/1/VCoreVar/0/Variants/1,1,36.058828249,143963012560,28.832942496,25.1716,3.661359,2402676,129792,0,1099605,88,,,,,,,
Boolector/p-->p/V1/Chc/0/numPlain/479622/Compression/0.0/VCore_Total/1/VCorePlain/1/VCoreVar/0/Variants/1,2,74.008410495,295474755120,59.49550478,51.6785,7.817019,2402676,144897,0,2199488,112,,,,,,,
Boolector/p-->p/V1/Chc/0/numPlain/479622/Compression/0.0/VCore_Total/1/VCorePlain/1/VCoreVar/0/Variants/1,3,108.914802004,434836741680,89.019966149,78.434787,10.585196,2402676,145152,0,3299152,153,,,,,,,
Boolector/p-->p/V2/Chc/0/numPlain/687613/Compression/0.0/VCore_Total/1/VCorePlain/1/VCoreVar/0/Variants/1,1,52.549762242,209802247120,41.93016264,36.348023,5.582154,2402676,228605,0,1523279,132,,,,,,,
Boolector/p-->p/V2/Chc/0/numPlain/687613/Compression/0.0/VCore_Total/1/VCorePlain/1/VCoreVar/0/Variants/1,2,106.27712121,424305988400,85.800166864,74.985223,10.814959,2402676,228609,0,3046551,163,,,,,,,
Boolector/p-->p/V2/Chc/0/numPlain/687613/Compression/0.0/VCore_Total/1/VCorePlain/1/VCoreVar/0/Variants/1,3,160.145038233,639370921360,129.081479079,113.718068,15.363427,2402676,228608,0,4570279,623,,,,,,,
Boolector/p-->p/V3/Chc/0/numPlain/77192/Compression/0.0/VCore_Total/1/VCorePlain/1/VCoreVar/0/Variants/1,1,6.715441272,26811077240,5.279706584,4.476939,0.802782,2402676,0,0,225142,21,,,,,,,
Boolector/p-->p/V3/Chc/0/numPlain/77192/Compression/0.0/VCore_Total/1/VCorePlain/1/VCoreVar/0/Variants/1,2,12.689568847,50662474160,10.186209864,8.841203,1.345024,2402676,0,0,450288,56,,,,,,,
Boolector/p-->p/V3/Chc/0/numPlain/77192/Compression/0.0/VCore_Total/1/VCorePlain/1/VCoreVar/0/Variants/1,3,20.091934725,80216047760,16.095211819,13.804945,2.290281,2402676,0,0,675634,67,,,,,,,
Boolector/p-->p/V4/Chc/0/numPlain/70791/Compression/0.0/VCore_Total/1/VCorePlain/1/VCoreVar/0/Variants/1,1,4.629773536,18484155320,4.320635242,3.576407,0.744244,2402676,0,0,203648,9,,,,,,,
Boolector/p-->p/V4/Chc/0/numPlain/70791/Compression/0.0/VCore_Total/1/VCorePlain/1/VCoreVar/0/Variants/1,2,8.962477077,35782253000,8.603798454,7.247493,1.356321,2402676,0,0,407192,51,,,,,,,
Boolector/p-->p/V4/Chc/0/numPlain/70791/Compression/0.0/VCore_Total/1/VCorePlain/1/VCoreVar/0/Variants/1,3,13.81690444,55163305440,13.036282995,10.953905,2.082394,2402676,0,0,610877,49,,,,,,,
Boolector/v-->p/V1/Chc/0/numPlain/479622/Compression/0.0/VCore_Total/1/VCorePlain/1/VCoreVar/0/Variants/1,1,33.193447258,132523174880,29.381932427,25.605428,3.77652,2402676,168191,0,1099818,65,,,,,,,
Boolector/v-->p/V1/Chc/0/numPlain/479622/Compression/0.0/VCore_Total/1/VCorePlain/1/VCoreVar/0/Variants/1,2,67.728690573,270403382040,59.255293736,51.534738,7.720571,2402676,168194,0,2199719,161,,,,,,,
Boolector/v-->p/V1/Chc/0/numPlain/479622/Compression/0.0/VCore_Total/1/VCorePlain/1/VCoreVar/0/Variants/1,3,102.363671589,408681796840,91.043007182,79.833839,11.209184,2402676,168192,0,3299157,209,,,,,,,
Boolector/v-->p/V2/Chc/0/numPlain/687613/Compression/0.0/VCore_Total/1/VCorePlain/1/VCoreVar/0/Variants/1,1,46.94897761,187441437680,41.424945578,36.065506,5.359454,2402676,254464,0,1523326,294,,,,,,,
Boolector/v-->p/V2/Chc/0/numPlain/687613/Compression/0.0/VCore_Total/1/VCorePlain/1/VCoreVar/0/Variants/1,2,96.753558392,386283708920,86.138234407,75.50709,10.631174,2402676,254464,0,3046863,129,,,,,,,
Boolector/v-->p/V2/Chc/0/numPlain/687613/Compression/0.0/VCore_Total/1/VCorePlain/1/VCoreVar/0/Variants/1,3,146.630531451,585415008440,131.126892806,115.49482,15.632087,2402676,254464,0,4570007,230,,,,,,,
Boolector/v-->p/V3/Chc/0/numPlain/77192/Compression/0.0/VCore_Total/1/VCorePlain/1/VCoreVar/0/Variants/1,1,5.776431073,23062123720,5.216043524,4.46781,0.748249,2402676,0,0,225214,12,,,,,,,
Boolector/v-->p/V3/Chc/0/numPlain/77192/Compression/0.0/VCore_Total/1/VCorePlain/1/VCoreVar/0/Variants/1,2,11.775712668,47013955600,10.520211474,8.873833,1.646394,2402676,0,0,450501,18,,,,,,,
Boolector/v-->p/V3/Chc/0/numPlain/77192/Compression/0.0/VCore_Total/1/VCorePlain/1/VCoreVar/0/Variants/1,3,17.255613861,68892034000,15.837165526,13.543274,2.293907,2402676,0,0,675537,37,,,,,,,
Boolector/v-->p/V4/Chc/0/numPlain/70791/Compression/0.0/VCore_Total/1/VCorePlain/1/VCoreVar/0/Variants/1,1,4.427188772,17675307320,4.235231917,3.572075,0.663173,2402676,0,0,203689,8,,,,,,,
Boolector/v-->p/V4/Chc/0/numPlain/70791/Compression/0.0/VCore_Total/1/VCorePlain/1/VCoreVar/0/Variants/1,2,9.173291547,36623848240,8.68529192,7.313784,1.371524,2402676,0,0,407410,21,,,,,,,
Boolector/v-->p/V4/Chc/0/numPlain/70791/Compression/0.0/VCore_Total/1/VCorePlain/1/VCoreVar/0/Variants/1,3,13.603277215,54310306600,13.084150039,11.142775,1.94139,2402676,0,0,611109,24,,,,,,,
Z3/v-->v/V1/Chc/0/numPlain/479622/Compression/0.0/VCore_Total/1/VCorePlain/1/VCoreVar/0/Variants/1,1,45.363199059,181109993840,30.129634365,26.125402,4.004246,2424920,169472,0,1104613,76,,,,,,,
Z3/v-->v/V1/Chc/0/numPlain/479622/Compression/0.0/VCore_Total/1/VCorePlain/1/VCoreVar/0/Variants/1,2,90.412376779,360966322640,59.540282211,52.120987,7.419309,2424920,169472,0,2209316,296,,,,,,,
Z3/v-->v/V1/Chc/0/numPlain/479622/Compression/0.0/VCore_Total/1/VCorePlain/1/VCoreVar/0/Variants/1,3,136.684057252,545703524400,90.924207946,79.654164,11.270059,2424920,169472,0,3313999,291,,,,,,,
Z3/v-->v/V2/Chc/0/numPlain/687613/Compression/0.0/VCore_Total/1/VCorePlain/1/VCoreVar/0/Variants/1,1,66.986685384,267440726360,47.157397073,41.395198,5.762212,2451408,374691,0,1541608,86,,,,,,,
Z3/v-->v/V2/Chc/0/numPlain/687613/Compression/0.0/VCore_Total/1/VCorePlain/1/VCoreVar/0/Variants/1,2,132.815381819,530258283840,94.233691966,82.986757,11.24697,2451408,514723,0,3083204,363,,,,,,,
Z3/v-->v/V2/Chc/0/numPlain/687613/Compression/0.0/VCore_Total/1/VCorePlain/1/VCoreVar/0/Variants/1,3,198.68672098,793246172720,140.707146031,123.870243,16.836917,2451436,671035,0,4624866,283,,,,,,,
Z3/v-->v/V3/Chc/0/numPlain/77192/Compression/0.0/VCore_Total/1/VCorePlain/1/VCoreVar/0/Variants/1,1,12.826684765,51209876560,10.943782702,9.989689,0.954107,2451436,67333,0,288917,11,,,,,,,
Z3/v-->v/V3/Chc/0/numPlain/77192/Compression/0.0/VCore_Total/1/VCorePlain/1/VCoreVar/0/Variants/1,2,26.365088739,105261236840,21.897440728,19.899528,1.99793,2451436,77568,0,577896,69,,,,,,,
Z3/v-->v/V3/Chc/0/numPlain/77192/Compression/0.0/VCore_Total/1/VCorePlain/1/VCoreVar/0/Variants/1,3,39.248729325,156698497120,32.411602774,29.589412,2.822205,2451436,77568,0,866843,110,,,,,,,
Z3/v-->v/V4/Chc/0/numPlain/70791/Compression/0.0/VCore_Total/1/VCorePlain/1/VCoreVar/0/Variants/1,1,12.425814016,49609422400,10.236064557,9.343534,0.892545,2451436,65812,0,272639,54,,,,,,,
Z3/v-->v/V4/Chc/0/numPlain/70791/Compression/0.0/VCore_Total/1/VCorePlain/1/VCoreVar/0/Variants/1,2,25.34492883,101188310640,20.934288295,18.92473,2.009572,2451436,75264,0,545386,83,,,,,,,
Z3/v-->v/V4/Chc/0/numPlain/70791/Compression/0.0/VCore_Total/1/VCorePlain/1/VCoreVar/0/Variants/1,3,37.64743027,150305399840,31.369837764,28.570024,2.799827,2451436,75264,0,817973,82,,,,,,,
Z3/p-->v/V1/Chc/0/numPlain/479622/Compression/0.0/VCore_Total/1/VCorePlain/1/VCoreVar/0/Variants/1,1,52.023518525,207701191600,28.683878537,24.927859,3.756035,2451436,78336,0,1100920,72,,,,,,,
Z3/p-->v/V1/Chc/0/numPlain/479622/Compression/0.0/VCore_Total/1/VCorePlain/1/VCoreVar/0/Variants/1,2,105.51760129,421273520000,58.837141584,51.129028,7.708129,2451436,138240,0,2201850,89,,,,,,,
Z3/p-->v/V1/Chc/0/numPlain/479622/Compression/0.0/VCore_Total/1/VCorePlain/1/VCoreVar/0/Variants/1,3,156.78224102,625944935240,87.755103173,76.227917,11.527201,2451436,196352,0,3300499,158,,,,,,,
Z3/p-->v/V2/Chc/0/numPlain/687613/Compression/0.0/VCore_Total/1/VCorePlain/1/VCoreVar/0/Variants/1,1,69.599077207,277870714160,39.561965885,34.011925,5.550056,2451436,146432,0,1523673,89,,,,,,,
Z3/p-->v/V2/Chc/0/numPlain/687613/Compression/0.0/VCore_Total/1/VCorePlain/1/VCoreVar/0/Variants/1,2,138.552977305,553165577400,79.699311629,69.165127,10.534199,2451436,240893,0,3048747,164,,,,,,,
Z3/p-->v/V2/Chc/0/numPlain/687613/Compression/0.0/VCore_Total/1/VCorePlain/1/VCoreVar/0/Variants/1,3,210.560681385,840652655120,121.176109329,104.865413,16.310722,2451436,335105,0,4573093,293,,,,,,,
Z3/p-->v/V3/Chc/0/numPlain/77192/Compression/0.0/VCore_Total/1/VCorePlain/1/VCoreVar/0/Variants/1,1,8.20868259,32772775640,4.791024271,4.020844,0.770196,2451436,0,0,225815,4,,,,,,,
Z3/p-->v/V3/Chc/0/numPlain/77192/Compression/0.0/VCore_Total/1/VCorePlain/1/VCoreVar/0/Variants/1,2,16.536015132,66019234840,9.667427522,8.155419,1.512023,2451436,0,0,451702,40,,,,,,,
Z3/p-->v/V3/Chc/0/numPlain/77192/Compression/0.0/VCore_Total/1/VCorePlain/1/VCoreVar/0/Variants/1,3,24.714281508,98670557120,14.610849485,12.43891,2.171955,2451436,0,0,677849,43,,,,,,,
Z3/p-->v/V4/Chc/0/numPlain/70791/Compression/0.0/VCore_Total/1/VCorePlain/1/VCoreVar/0/Variants/1,1,8.397833072,33527947920,4.540400257,3.910674,0.629741,2451436,0,0,203740,17,,,,,,,
Z3/p-->v/V4/Chc/0/numPlain/70791/Compression/0.0/VCore_Total/1/VCorePlain/1/VCoreVar/0/Variants/1,2,17.001277328,67876768160,9.322150345,7.962951,1.359223,2451436,6906,0,407517,23,,,,,,,
Z3/p-->v/V4/Chc/0/numPlain/70791/Compression/0.0/VCore_Total/1/VCorePlain/1/VCoreVar/0/Variants/1,3,25.836554904,103151173160,14.051371081,11.975682,2.075703,2451436,6904,0,611289,32,,,,,,,
Z3/p-->p/V1/Chc/0/numPlain/479622/Compression/0.0/VCore_Total/1/VCorePlain/1/VCoreVar/0/Variants/1,1,52.427801499,209315374960,28.59739656,24.625367,3.972045,2451436,164863,0,1099865,59,,,,,,,
Z3/p-->p/V1/Chc/0/numPlain/479622/Compression/0.0/VCore_Total/1/VCorePlain/1/VCoreVar/0/Variants/1,2,109.068634532,435451028200,59.138577935,51.215799,7.922795,2451436,202739,0,2199958,107,,,,,,,
Z3/p-->p/V1/Chc/0/numPlain/479622/Compression/0.0/VCore_Total/1/VCorePlain/1/VCoreVar/0/Variants/1,3,162.364081309,648230371240,88.451013902,77.311588,11.139442,2451436,239630,0,3299814,172,,,,,,,
Z3/p-->p/V2/Chc/0/numPlain/687613/Compression/0.0/VCore_Total/1/VCorePlain/1/VCoreVar/0/Variants/1,1,73.462641965,293295866600,41.450185352,35.975185,5.475016,2451436,263680,0,1523516,316,,,,,,,
Z3/p-->p/V2/Chc/0/numPlain/687613/Compression/0.0/VCore_Total/1/VCorePlain/1/VCoreVar/0/Variants/1,2,148.629840446,593397055240,85.20047943,74.751749,10.448747,2451436,316672,0,3047189,621,,,,,,,
Z3/p-->p/V2/Chc/0/numPlain/687613/Compression/0.0/VCore_Total/1/VCorePlain/1/VCoreVar/0/Variants/1,3,224.472135883,896193516280,129.330490278,113.246859,16.083646,2451436,372223,0,4571061,361,,,,,,,
Z3/p-->p/V3/Chc/0/numPlain/77192/Compression/0.0/VCore_Total/1/VCorePlain/1/VCoreVar/0/Variants/1,1,9.25151179,36936200680,5.375598855,4.619828,0.755786,2451436,0,0,225242,12,,,,,,,
Z3/p-->p/V3/Chc/0/numPlain/77192/Compression/0.0/VCore_Total/1/VCorePlain/1/VCoreVar/0/Variants/1,2,18.737798971,74809719800,10.966765636,9.293747,1.673034,2451436,12279,0,450502,28,,,,,,,
Z3/p-->p/V3/Chc/0/numPlain/77192/Compression/0.0/VCore_Total/1/VCorePlain/1/VCoreVar/0/Variants/1,3,27.937576757,111539359320,16.31112755,13.850367,2.460778,2451436,12296,0,675780,53,,,,,,,
Z3/p-->p/V4/Chc/0/numPlain/70791/Compression/0.0/VCore_Total/1/VCorePlain/1/VCoreVar/0/Variants/1,1,8.261517073,32983703720,4.43128498,3.788463,0.642837,2451436,0,0,203728,15,,,,,,,
Z3/p-->p/V4/Chc/0/numPlain/70791/Compression/0.0/VCore_Total/1/VCorePlain/1/VCoreVar/0/Variants/1,2,17.013646648,67926128680,9.399568754,7.947784,1.4518,2451436,8186,0,407503,15,,,,,,,
Z3/p-->p/V4/Chc/0/numPlain/70791/Compression/0.0/VCore_Total/1/VCorePlain/1/VCoreVar/0/Variants/1,3,25.374806443,101307631400,14.226619791,12.068043,2.158594,2451436,8188,0,611275,23,,,,,,,
Z3/v-->p/V1/Chc/0/numPlain/479622/Compression/0.0/VCore_Total/1/VCorePlain/1/VCoreVar/0/Variants/1,1,45.885935054,183197253520,29.652027147,25.47438,4.177664,2451436,186112,0,1100109,162,,,,,,,
Z3/v-->p/V1/Chc/0/numPlain/479622/Compression/0.0/VCore_Total/1/VCorePlain/1/VCoreVar/0/Variants/1,2,91.127013737,363819936440,61.10016482,52.741503,8.358679,2451436,216833,0,2200170,70,,,,,,,
Z3/v-->p/V1/Chc/0/numPlain/479622/Compression/0.0/VCore_Total/1/VCorePlain/1/VCoreVar/0/Variants/1,3,135.719215988,541852008040,88.562527857,77.269685,11.292857,2451436,247552,0,3300102,121,,,,,,,
Z3/v-->p/V2/Chc/0/numPlain/687613/Compression/0.0/VCore_Total/1/VCorePlain/1/VCoreVar/0/Variants/1,1,62.261796991,248577039800,42.316638153,36.844473,5.472181,2451436,267771,0,1523609,68,,,,,,,
Z3/v-->p/V2/Chc/0/numPlain/687613/Compression/0.0/VCore_Total/1/VCorePlain/1/VCoreVar/0/Variants/1,2,125.255521528,500076242960,85.090317491,74.999896,10.090436,2451436,347142,0,3047293,221,,,,,,,
Z3/v-->p/V2/Chc/0/numPlain/687613/Compression/0.0/VCore_Total/1/VCorePlain/1/VCoreVar/0/Variants/1,3,192.810848072,769787208240,130.126189368,114.33109,15.795116,2451436,427520,0,4571363,282,,,,,,,
Z3/v-->p/V3/Chc/0/numPlain/77192/Compression/0.0/VCore_Total/1/VCorePlain/1/VCoreVar/0/Variants/1,1,7.727872638,30853135160,5.1164444,4.400278,0.716181,2451436,0,0,225308,6,,,,,,,
Z3/v-->p/V3/Chc/0/numPlain/77192/Compression/0.0/VCore_Total/1/VCorePlain/1/VCoreVar/0/Variants/1,2,15.602177801,62290876960,10.264731532,8.817949,1.446798,2451436,0,0,450645,20,,,,,,,
Z3/v-->p/V3/Chc/0/numPlain/77192/Compression/0.0/VCore_Total/1/VCorePlain/1/VCoreVar/0/Variants/1,3,23.491759136,93789607360,15.301722819,13.043661,2.258078,2451436,0,0,675957,24,,,,,,,
Z3/v-->p/V4/Chc/0/numPlain/70791/Compression/0.0/VCore_Total/1/VCorePlain/1/VCoreVar/0/Variants/1,1,6.303743234,25167377200,4.281931657,3.641025,0.640922,2451436,0,0,203763,10,,,,,,,
Z3/v-->p/V4/Chc/0/numPlain/70791/Compression/0.0/VCore_Total/1/VCorePlain/1/VCoreVar/0/Variants/1,2,12.865189699,51363599280,8.911250261,7.395925,1.51534,2451436,0,0,407562,15,,,,,,,
Z3/v-->p/V4/Chc/0/numPlain/70791/Compression/0.0/VCore_Total/1/VCorePlain/1/VCoreVar/0/Variants/1,3,18.657493183,74489063920,12.892425786,10.994785,1.897655,2451436,0,0,611280,27,,,,,,,
