Name,iters,Time,cycles,cpuTime,utime,stime,maxrss,minflt,majflt,nvcsw,nivcsw,allocated,numGcs,bytesCopied,mutatorWallSeconds,mutatorCpuSeconds,gcWallSeconds,gcCpuSeconds
Yices/v-->v/V1/Chc/0/numPlain/7803/Compression/0.0/VCore_Total/1/VCorePlain/1/VCoreVar/0/Variants/1,1,0.361060317,1441532240,0.357910253,0.26105,9.6881e-2,195508,1733,0,29849,2,,,,,,,
Yices/v-->v/V1/Chc/0/numPlain/7803/Compression/0.0/VCore_Total/1/VCorePlain/1/VCoreVar/0/Variants/1,2,0.70786464,2826132000,0.706281459,0.51899,0.187313,204448,5914,0,59687,4,,,,,,,
Yices/v-->v/V1/Chc/0/numPlain/7803/Compression/0.0/VCore_Total/1/VCorePlain/1/VCoreVar/0/Variants/1,3,1.072669932,4282596560,1.071491593,0.783751,0.287758,206624,4107,0,89814,14,,,,,,,
Yices/v-->v/V2/Chc/0/numPlain/9953/Compression/0.0/VCore_Total/1/VCorePlain/1/VCoreVar/0/Variants/1,1,0.402679139,1607689800,0.424092356,0.297405,0.1267,207472,768,0,33113,2,,,,,,,
Yices/v-->v/V2/Chc/0/numPlain/9953/Compression/0.0/VCore_Total/1/VCorePlain/1/VCoreVar/0/Variants/1,2,0.839080313,3350007160,0.855007586,0.64176,0.213263,208208,4272,0,65436,6,,,,,,,
Yices/v-->v/V2/Chc/0/numPlain/9953/Compression/0.0/VCore_Total/1/VCorePlain/1/VCoreVar/0/Variants/1,3,1.248968102,4986460840,1.297113669,0.951829,0.345298,209004,4162,0,99962,2,,,,,,,
Yices/v-->v/V3/Chc/0/numPlain/5070/Compression/0.0/VCore_Total/1/VCorePlain/1/VCoreVar/0/Variants/1,1,0.308144212,1230265200,0.329356427,0.233145,9.6225e-2,209292,724,0,25135,0,,,,,,,
Yices/v-->v/V3/Chc/0/numPlain/5070/Compression/0.0/VCore_Total/1/VCorePlain/1/VCoreVar/0/Variants/1,2,0.619258678,2472377120,0.660068201,0.461803,0.198279,209296,3113,0,50474,1,,,,,,,
Yices/v-->v/V3/Chc/0/numPlain/5070/Compression/0.0/VCore_Total/1/VCorePlain/1/VCoreVar/0/Variants/1,3,0.929699533,3711799760,0.989472462,0.710053,0.279453,209296,3533,0,76550,2,,,,,,,
Yices/v-->v/V4/Chc/0/numPlain/5398/Compression/0.0/VCore_Total/1/VCorePlain/1/VCoreVar/0/Variants/1,1,0.313754156,1252663840,0.319515801,0.234464,8.5065e-2,209296,768,0,25298,2,,,,,,,
Yices/v-->v/V4/Chc/0/numPlain/5398/Compression/0.0/VCore_Total/1/VCorePlain/1/VCoreVar/0/Variants/1,2,0.630886514,2518802360,0.649174353,0.48162,0.167569,209516,3181,0,50827,1,,,,,,,
Yices/v-->v/V4/Chc/0/numPlain/5398/Compression/0.0/VCore_Total/1/VCorePlain/1/VCoreVar/0/Variants/1,3,0.963516026,3846808040,0.981318575,0.716142,0.265191,209516,3478,0,75692,2,,,,,,,
Yices/v-->v/V5/Chc/0/numPlain/9525/Compression/0.0/VCore_Total/1/VCorePlain/1/VCoreVar/0/Variants/1,1,0.442797801,1767868000,0.434249754,0.32287,0.111395,209516,768,0,34879,1,,,,,,,
Yices/v-->v/V5/Chc/0/numPlain/9525/Compression/0.0/VCore_Total/1/VCorePlain/1/VCoreVar/0/Variants/1,2,0.857297399,3422733160,0.84577089,0.599689,0.246095,209516,3987,0,69950,2,,,,,,,
Yices/v-->v/V5/Chc/0/numPlain/9525/Compression/0.0/VCore_Total/1/VCorePlain/1/VCoreVar/0/Variants/1,3,1.265256288,5051494440,1.248577479,0.854873,0.393718,209516,4095,0,104812,12,,,,,,,
Yices/v-->v/V6/Chc/0/numPlain/9418/Compression/0.0/VCore_Total/1/VCorePlain/1/VCoreVar/0/Variants/1,1,0.417529494,1666981960,0.430804232,0.307201,0.123616,209516,776,0,34260,3,,,,,,,
Yices/v-->v/V6/Chc/0/numPlain/9418/Compression/0.0/VCore_Total/1/VCorePlain/1/VCoreVar/0/Variants/1,2,0.867444902,3463248200,0.888218257,0.654749,0.2335,209516,3924,0,68462,6,,,,,,,
Yices/v-->v/V6/Chc/0/numPlain/9418/Compression/0.0/VCore_Total/1/VCorePlain/1/VCoreVar/0/Variants/1,3,1.239689538,4949415720,1.27305887,0.925049,0.348022,209516,4096,0,102687,7,,,,,,,
Yices/v-->v/V7/Chc/0/numPlain/5872/Compression/0.0/VCore_Total/1/VCorePlain/1/VCoreVar/0/Variants/1,1,0.320628233,1280106160,0.320589662,0.243727,7.6875e-2,209516,768,0,27486,6,,,,,,,
Yices/v-->v/V7/Chc/0/numPlain/5872/Compression/0.0/VCore_Total/1/VCorePlain/1/VCoreVar/0/Variants/1,2,0.650074411,2595405160,0.648986274,0.4604,0.1886,209516,3226,0,55056,8,,,,,,,
Yices/v-->v/V7/Chc/0/numPlain/5872/Compression/0.0/VCore_Total/1/VCorePlain/1/VCoreVar/0/Variants/1,3,0.975959691,3896490800,0.988350968,0.718251,0.270112,209516,2692,0,82928,0,,,,,,,
Yices/v-->v/V8/Chc/0/numPlain/5983/Compression/0.0/VCore_Total/1/VCorePlain/1/VCoreVar/0/Variants/1,1,0.356200469,1422131080,0.365518834,0.267,9.8533e-2,209516,768,0,27662,0,,,,,,,
Yices/v-->v/V8/Chc/0/numPlain/5983/Compression/0.0/VCore_Total/1/VCorePlain/1/VCoreVar/0/Variants/1,2,0.686956257,2742656080,0.705900328,0.529021,0.176894,209516,3258,0,55642,5,,,,,,,
Yices/v-->v/V8/Chc/0/numPlain/5983/Compression/0.0/VCore_Total/1/VCorePlain/1/VCoreVar/0/Variants/1,3,1.006671057,4019099520,1.043702442,0.737899,0.305817,209516,3352,0,84673,9,,,,,,,
Yices/v-->v/V9/Chc/0/numPlain/5589/Compression/0.0/VCore_Total/1/VCorePlain/1/VCoreVar/0/Variants/1,1,0.312662766,1248302280,0.313315682,0.229583,8.3745e-2,209516,768,0,26195,4,,,,,,,
Yices/v-->v/V9/Chc/0/numPlain/5589/Compression/0.0/VCore_Total/1/VCorePlain/1/VCoreVar/0/Variants/1,2,0.641556792,2561402080,0.641623583,0.457703,0.183935,209516,3228,0,51943,4,,,,,,,
Yices/v-->v/V9/Chc/0/numPlain/5589/Compression/0.0/VCore_Total/1/VCorePlain/1/VCoreVar/0/Variants/1,3,0.941736771,3759857600,0.948739691,0.682462,0.266292,209516,3330,0,78321,6,,,,,,,
Yices/v-->v/V10/Chc/0/numPlain/5152/Compression/0.0/VCore_Total/1/VCorePlain/1/VCoreVar/0/Variants/1,1,0.300174748,1198448800,0.303763889,0.214681,8.9103e-2,209516,769,0,24974,4,,,,,,,
Yices/v-->v/V10/Chc/0/numPlain/5152/Compression/0.0/VCore_Total/1/VCorePlain/1/VCoreVar/0/Variants/1,2,0.594819575,2374802680,0.603358764,0.410896,0.192475,209516,3145,0,49891,10,,,,,,,
Yices/v-->v/V10/Chc/0/numPlain/5152/Compression/0.0/VCore_Total/1/VCorePlain/1/VCoreVar/0/Variants/1,3,0.907326337,3622473440,0.914699135,0.667218,0.247494,209516,3067,0,75033,7,,,,,,,
Yices/p-->v/V1/Chc/0/numPlain/7803/Compression/0.0/VCore_Total/1/VCorePlain/1/VCoreVar/0/Variants/1,1,0.19564156,781105800,0.207548863,0.15144,5.6125e-2,209516,0,0,15514,0,,,,,,,
Yices/p-->v/V1/Chc/0/numPlain/7803/Compression/0.0/VCore_Total/1/VCorePlain/1/VCoreVar/0/Variants/1,2,0.394024633,1573139560,0.416622803,0.290945,0.125691,209516,190,0,30898,1,,,,,,,
Yices/p-->v/V1/Chc/0/numPlain/7803/Compression/0.0/VCore_Total/1/VCorePlain/1/VCoreVar/0/Variants/1,3,0.570100534,2276114400,0.598047822,0.42867,0.169392,209516,161,0,46209,2,,,,,,,
Yices/p-->v/V2/Chc/0/numPlain/9953/Compression/0.0/VCore_Total/1/VCorePlain/1/VCoreVar/0/Variants/1,1,0.242062492,966438360,0.258539357,0.185503,7.3052e-2,209516,0,0,20315,0,,,,,,,
Yices/p-->v/V2/Chc/0/numPlain/9953/Compression/0.0/VCore_Total/1/VCorePlain/1/VCoreVar/0/Variants/1,2,0.494071828,1972575640,0.525248526,0.373121,0.152141,209516,1,0,42071,0,,,,,,,
Yices/p-->v/V2/Chc/0/numPlain/9953/Compression/0.0/VCore_Total/1/VCorePlain/1/VCoreVar/0/Variants/1,3,0.755330402,3015637920,0.803505998,0.592284,0.211247,209516,0,0,63227,2,,,,,,,
Yices/p-->v/V3/Chc/0/numPlain/5070/Compression/0.0/VCore_Total/1/VCorePlain/1/VCoreVar/0/Variants/1,1,0.108466077,433058720,0.11045921,7.7215e-2,3.3258e-2,209516,0,0,8511,2,,,,,,,
Yices/p-->v/V3/Chc/0/numPlain/5070/Compression/0.0/VCore_Total/1/VCorePlain/1/VCoreVar/0/Variants/1,2,0.215448936,860183840,0.217134002,0.163724,5.3432e-2,209516,0,0,17001,0,,,,,,,
Yices/p-->v/V3/Chc/0/numPlain/5070/Compression/0.0/VCore_Total/1/VCorePlain/1/VCoreVar/0/Variants/1,3,0.321269754,1282668960,0.324079058,0.236815,8.7276e-2,209516,0,0,25488,0,,,,,,,
Yices/p-->v/V4/Chc/0/numPlain/5398/Compression/0.0/VCore_Total/1/VCorePlain/1/VCoreVar/0/Variants/1,1,0.131611761,525468560,0.127812807,9.5807e-2,3.2019e-2,209516,0,0,9183,1,,,,,,,
Yices/p-->v/V4/Chc/0/numPlain/5398/Compression/0.0/VCore_Total/1/VCorePlain/1/VCoreVar/0/Variants/1,2,0.261315411,1043305160,0.253494698,0.184922,6.8587e-2,209516,0,0,18353,1,,,,,,,
Yices/p-->v/V4/Chc/0/numPlain/5398/Compression/0.0/VCore_Total/1/VCorePlain/1/VCoreVar/0/Variants/1,3,0.389848414,1556468320,0.377317494,0.275541,0.101792,209516,0,0,27548,0,,,,,,,
Yices/p-->v/V5/Chc/0/numPlain/9525/Compression/0.0/VCore_Total/1/VCorePlain/1/VCoreVar/0/Variants/1,1,0.245641584,980727960,0.252936211,0.190516,6.2434e-2,209644,0,0,19820,3,,,,,,,
Yices/p-->v/V5/Chc/0/numPlain/9525/Compression/0.0/VCore_Total/1/VCorePlain/1/VCoreVar/0/Variants/1,2,0.510835662,2039503920,0.530996086,0.384871,0.146139,209644,0,0,39739,8,,,,,,,
Yices/p-->v/V5/Chc/0/numPlain/9525/Compression/0.0/VCore_Total/1/VCorePlain/1/VCoreVar/0/Variants/1,3,0.783319042,3127382680,0.813748651,0.607964,0.205799,209644,0,0,59621,7,,,,,,,
Yices/p-->v/V6/Chc/0/numPlain/9418/Compression/0.0/VCore_Total/1/VCorePlain/1/VCoreVar/0/Variants/1,1,0.253474791,1012002000,0.261594047,0.184382,7.7225e-2,209644,0,0,19385,0,,,,,,,
Yices/p-->v/V6/Chc/0/numPlain/9418/Compression/0.0/VCore_Total/1/VCorePlain/1/VCoreVar/0/Variants/1,2,0.50703867,2024345760,0.522589837,0.391675,0.130929,209644,0,0,38767,10,,,,,,,
Yices/p-->v/V6/Chc/0/numPlain/9418/Compression/0.0/VCore_Total/1/VCorePlain/1/VCoreVar/0/Variants/1,3,0.774144435,3090750080,0.794386744,0.569768,0.224632,209644,0,0,58057,2,,,,,,,
Yices/p-->v/V7/Chc/0/numPlain/5872/Compression/0.0/VCore_Total/1/VCorePlain/1/VCoreVar/0/Variants/1,1,0.156811449,626081320,0.161319436,0.125487,3.5848e-2,209644,0,0,11838,0,,,,,,,
Yices/p-->v/V7/Chc/0/numPlain/5872/Compression/0.0/VCore_Total/1/VCorePlain/1/VCoreVar/0/Variants/1,2,0.313702518,1252456480,0.319443143,0.228094,9.1363e-2,209644,0,0,23649,1,,,,,,,
Yices/p-->v/V7/Chc/0/numPlain/5872/Compression/0.0/VCore_Total/1/VCorePlain/1/VCoreVar/0/Variants/1,3,0.47361131,1890887960,0.481331827,0.351282,0.130063,209852,0,0,35478,3,,,,,,,
Yices/p-->v/V8/Chc/0/numPlain/5983/Compression/0.0/VCore_Total/1/VCorePlain/1/VCoreVar/0/Variants/1,1,0.16952397,676831400,0.163551006,0.115341,4.823e-2,209852,0,0,12171,0,,,,,,,
Yices/p-->v/V8/Chc/0/numPlain/5983/Compression/0.0/VCore_Total/1/VCorePlain/1/VCoreVar/0/Variants/1,2,0.347034788,1385538640,0.335387484,0.266462,6.894e-2,209852,6,0,24329,1,,,,,,,
Yices/p-->v/V8/Chc/0/numPlain/5983/Compression/0.0/VCore_Total/1/VCorePlain/1/VCoreVar/0/Variants/1,3,0.527784516,2107174600,0.510440988,0.366713,0.143742,209852,0,0,36496,0,,,,,,,
Yices/p-->v/V9/Chc/0/numPlain/5589/Compression/0.0/VCore_Total/1/VCorePlain/1/VCoreVar/0/Variants/1,1,0.126208638,503894920,0.12764836,9.2173e-2,3.5488e-2,209852,0,0,9689,0,,,,,,,
Yices/p-->v/V9/Chc/0/numPlain/5589/Compression/0.0/VCore_Total/1/VCorePlain/1/VCoreVar/0/Variants/1,2,0.259034339,1034197560,0.262586694,0.191899,7.0701e-2,209852,6,0,19371,0,,,,,,,
Yices/p-->v/V9/Chc/0/numPlain/5589/Compression/0.0/VCore_Total/1/VCorePlain/1/VCoreVar/0/Variants/1,3,0.395113928,1577490440,0.399585682,0.275846,0.123754,209852,0,0,29037,4,,,,,,,
Yices/p-->v/V10/Chc/0/numPlain/5152/Compression/0.0/VCore_Total/1/VCorePlain/1/VCoreVar/0/Variants/1,1,0.103823128,414523440,0.103336239,7.3201e-2,3.0149e-2,209852,0,0,8366,3,,,,,,,
Yices/p-->v/V10/Chc/0/numPlain/5152/Compression/0.0/VCore_Total/1/VCorePlain/1/VCoreVar/0/Variants/1,2,0.216887149,865941520,0.20857842,0.14637,6.2224e-2,209852,8,0,16735,0,,,,,,,
Yices/p-->v/V10/Chc/0/numPlain/5152/Compression/0.0/VCore_Total/1/VCorePlain/1/VCoreVar/0/Variants/1,3,0.334847307,1336878960,0.315473553,0.237053,7.8439e-2,209852,0,0,25108,0,,,,,,,
Yices/p-->p/V1/Chc/0/numPlain/7803/Compression/0.0/VCore_Total/1/VCorePlain/1/VCoreVar/0/Variants/1,1,0.207021889,826535680,0.1981487,0.149783,4.8378e-2,209852,0,0,15066,0,,,,,,,
Yices/p-->p/V1/Chc/0/numPlain/7803/Compression/0.0/VCore_Total/1/VCorePlain/1/VCoreVar/0/Variants/1,2,0.414149838,1653484120,0.400964529,0.293539,0.107439,209852,210,0,30152,0,,,,,,,
Yices/p-->p/V1/Chc/0/numPlain/7803/Compression/0.0/VCore_Total/1/VCorePlain/1/VCoreVar/0/Variants/1,3,0.563343907,2249144440,0.554102205,0.421898,0.132218,209852,249,0,45219,7,,,,,,,
Yices/p-->p/V2/Chc/0/numPlain/9953/Compression/0.0/VCore_Total/1/VCorePlain/1/VCoreVar/0/Variants/1,1,0.247082562,986483400,0.240329989,0.162656,7.7687e-2,209852,2,0,19623,1,,,,,,,
Yices/p-->p/V2/Chc/0/numPlain/9953/Compression/0.0/VCore_Total/1/VCorePlain/1/VCoreVar/0/Variants/1,2,0.528766208,2111092000,0.505110432,0.352945,0.15218,209852,0,0,39218,0,,,,,,,
Yices/p-->p/V2/Chc/0/numPlain/9953/Compression/0.0/VCore_Total/1/VCorePlain/1/VCoreVar/0/Variants/1,3,0.808273277,3227012240,0.772761135,0.565867,0.206909,209852,340,0,58863,2,,,,,,,
Yices/p-->p/V3/Chc/0/numPlain/5070/Compression/0.0/VCore_Total/1/VCorePlain/1/VCoreVar/0/Variants/1,1,0.102482269,409171120,0.101828662,7.6763e-2,2.508e-2,209852,0,0,8458,0,,,,,,,
Yices/p-->p/V3/Chc/0/numPlain/5070/Compression/0.0/VCore_Total/1/VCorePlain/1/VCoreVar/0/Variants/1,2,0.211846631,845804400,0.206310036,0.154271,5.2054e-2,209852,18,0,16918,2,,,,,,,
Yices/p-->p/V3/Chc/0/numPlain/5070/Compression/0.0/VCore_Total/1/VCorePlain/1/VCoreVar/0/Variants/1,3,0.328769782,1312614360,0.31558119,0.216402,9.9193e-2,209852,0,0,25364,0,,,,,,,
Yices/p-->p/V4/Chc/0/numPlain/5398/Compression/0.0/VCore_Total/1/VCorePlain/1/VCoreVar/0/Variants/1,1,0.120184904,479849440,0.114980669,7.7932e-2,3.7063e-2,209852,0,0,9165,0,,,,,,,
Yices/p-->p/V4/Chc/0/numPlain/5398/Compression/0.0/VCore_Total/1/VCorePlain/1/VCoreVar/0/Variants/1,2,0.239802959,957418400,0.229731342,0.152539,7.7206e-2,209852,0,0,18325,1,,,,,,,
Yices/p-->p/V4/Chc/0/numPlain/5398/Compression/0.0/VCore_Total/1/VCorePlain/1/VCoreVar/0/Variants/1,3,0.37040776,1478852040,0.353427867,0.252977,0.100465,209852,14,0,27497,1,,,,,,,
Yices/p-->p/V5/Chc/0/numPlain/9525/Compression/0.0/VCore_Total/1/VCorePlain/1/VCoreVar/0/Variants/1,1,0.262177649,1046740440,0.250977904,0.174575,7.6415e-2,209852,0,0,19717,0,,,,,,,
Yices/p-->p/V5/Chc/0/numPlain/9525/Compression/0.0/VCore_Total/1/VCorePlain/1/VCoreVar/0/Variants/1,2,0.533795105,2131163360,0.51172656,0.376745,0.134995,209852,52,0,39443,0,,,,,,,
Yices/p-->p/V5/Chc/0/numPlain/9525/Compression/0.0/VCore_Total/1/VCorePlain/1/VCoreVar/0/Variants/1,3,0.792714186,3164883240,0.758060084,0.53324,0.224832,209852,256,0,59150,2,,,,,,,
Yices/p-->p/V6/Chc/0/numPlain/9418/Compression/0.0/VCore_Total/1/VCorePlain/1/VCoreVar/0/Variants/1,1,0.241370606,963676640,0.242202816,0.171999,7.0219e-2,209852,0,0,19309,0,,,,,,,
Yices/p-->p/V6/Chc/0/numPlain/9418/Compression/0.0/VCore_Total/1/VCorePlain/1/VCoreVar/0/Variants/1,2,0.477644789,1906992960,0.480217285,0.355162,0.125069,209852,0,0,38610,0,,,,,,,
Yices/p-->p/V6/Chc/0/numPlain/9418/Compression/0.0/VCore_Total/1/VCorePlain/1/VCoreVar/0/Variants/1,3,0.734995542,2934455360,0.73184501,0.530309,0.201551,209852,0,0,57920,2,,,,,,,
Yices/p-->p/V7/Chc/0/numPlain/5872/Compression/0.0/VCore_Total/1/VCorePlain/1/VCoreVar/0/Variants/1,1,0.143857543,574358120,0.141803757,9.99e-2,4.1918e-2,209852,0,0,11788,1,,,,,,,
Yices/p-->p/V7/Chc/0/numPlain/5872/Compression/0.0/VCore_Total/1/VCorePlain/1/VCoreVar/0/Variants/1,2,0.320505231,1279619880,0.302205328,0.213952,8.8268e-2,209852,0,0,23579,0,,,,,,,
Yices/p-->p/V7/Chc/0/numPlain/5872/Compression/0.0/VCore_Total/1/VCorePlain/1/VCoreVar/0/Variants/1,3,0.466665216,1863154960,0.447801239,0.320322,0.127494,209852,0,0,35352,1,,,,,,,
Yices/p-->p/V8/Chc/0/numPlain/5983/Compression/0.0/VCore_Total/1/VCorePlain/1/VCoreVar/0/Variants/1,1,0.162563059,649042680,0.154797439,0.110515,4.4297e-2,209852,0,0,12167,0,,,,,,,
Yices/p-->p/V8/Chc/0/numPlain/5983/Compression/0.0/VCore_Total/1/VCorePlain/1/VCoreVar/0/Variants/1,2,0.321025362,1281693960,0.306811037,0.216201,9.0624e-2,209852,0,0,24329,0,,,,,,,
Yices/p-->p/V8/Chc/0/numPlain/5983/Compression/0.0/VCore_Total/1/VCorePlain/1/VCoreVar/0/Variants/1,3,0.483440703,1930130600,0.462044429,0.334678,0.127381,209852,0,0,36481,1,,,,,,,
Yices/p-->p/V9/Chc/0/numPlain/5589/Compression/0.0/VCore_Total/1/VCorePlain/1/VCoreVar/0/Variants/1,1,0.114638642,457703720,0.11199455,8.4086e-2,2.7922e-2,209852,0,0,9669,1,,,,,,,
Yices/p-->p/V9/Chc/0/numPlain/5589/Compression/0.0/VCore_Total/1/VCorePlain/1/VCoreVar/0/Variants/1,2,0.228645762,912872560,0.223863793,0.167545,5.6333e-2,209852,0,0,19340,3,,,,,,,
Yices/p-->p/V9/Chc/0/numPlain/5589/Compression/0.0/VCore_Total/1/VCorePlain/1/VCoreVar/0/Variants/1,3,0.360711128,1440137280,0.351869375,0.254209,9.7674e-2,209860,0,0,29004,3,,,,,,,
Yices/p-->p/V10/Chc/0/numPlain/5152/Compression/0.0/VCore_Total/1/VCorePlain/1/VCoreVar/0/Variants/1,1,0.103536728,413376840,0.10212218,7.1526e-2,3.0612e-2,209860,0,0,8372,0,,,,,,,
Yices/p-->p/V10/Chc/0/numPlain/5152/Compression/0.0/VCore_Total/1/VCorePlain/1/VCoreVar/0/Variants/1,2,0.213975386,854301920,0.208359986,0.140318,6.807e-2,209860,20,0,16732,0,,,,,,,
Yices/p-->p/V10/Chc/0/numPlain/5152/Compression/0.0/VCore_Total/1/VCorePlain/1/VCoreVar/0/Variants/1,3,0.345807834,1380636160,0.329585656,0.238954,9.0645e-2,209860,0,0,25116,1,,,,,,,
Yices/v-->p/V1/Chc/0/numPlain/7803/Compression/0.0/VCore_Total/1/VCorePlain/1/VCoreVar/0/Variants/1,1,0.205557817,820694360,0.198692774,0.139113,5.9595e-2,209860,0,0,15210,0,,,,,,,
Yices/v-->p/V1/Chc/0/numPlain/7803/Compression/0.0/VCore_Total/1/VCorePlain/1/VCoreVar/0/Variants/1,2,0.468660591,1871123800,0.438380026,0.333887,0.104509,209860,2,0,30427,1,,,,,,,
Yices/v-->p/V1/Chc/0/numPlain/7803/Compression/0.0/VCore_Total/1/VCorePlain/1/VCoreVar/0/Variants/1,3,0.699927487,2794448200,0.656607627,0.502552,0.15407,209860,0,0,45631,2,,,,,,,
Yices/v-->p/V2/Chc/0/numPlain/9953/Compression/0.0/VCore_Total/1/VCorePlain/1/VCoreVar/0/Variants/1,1,0.266454767,1063826800,0.258101575,0.202421,5.5695e-2,209860,48,0,19748,1,,,,,,,
Yices/v-->p/V2/Chc/0/numPlain/9953/Compression/0.0/VCore_Total/1/VCorePlain/1/VCoreVar/0/Variants/1,2,0.527720194,2106919800,0.509080665,0.389263,0.119851,209860,345,0,39506,1,,,,,,,
Yices/v-->p/V2/Chc/0/numPlain/9953/Compression/0.0/VCore_Total/1/VCorePlain/1/VCoreVar/0/Variants/1,3,0.809361267,3231358840,0.780250515,0.573026,0.207239,209860,2162,0,59246,5,,,,,,,
Yices/v-->p/V3/Chc/0/numPlain/5070/Compression/0.0/VCore_Total/1/VCorePlain/1/VCoreVar/0/Variants/1,1,0.125068156,499344920,0.117502507,8.9198e-2,2.8318e-2,209860,0,0,8587,0,,,,,,,
Yices/v-->p/V3/Chc/0/numPlain/5070/Compression/0.0/VCore_Total/1/VCorePlain/1/VCoreVar/0/Variants/1,2,0.260531693,1040177440,0.244408057,0.179922,6.45e-2,209860,0,0,17193,0,,,,,,,
Yices/v-->p/V3/Chc/0/numPlain/5070/Compression/0.0/VCore_Total/1/VCorePlain/1/VCoreVar/0/Variants/1,3,0.365578811,1459571160,0.352037682,0.267073,8.4979e-2,209860,29,0,25774,2,,,,,,,
Yices/v-->p/V4/Chc/0/numPlain/5398/Compression/0.0/VCore_Total/1/VCorePlain/1/VCoreVar/0/Variants/1,1,0.125206557,499895480,0.121094217,9.7008e-2,2.4101e-2,209860,0,0,9304,0,,,,,,,
Yices/v-->p/V4/Chc/0/numPlain/5398/Compression/0.0/VCore_Total/1/VCorePlain/1/VCoreVar/0/Variants/1,2,0.264771883,1057104000,0.259188482,0.190045,6.9156e-2,209860,0,0,18603,0,,,,,,,
Yices/v-->p/V4/Chc/0/numPlain/5398/Compression/0.0/VCore_Total/1/VCorePlain/1/VCoreVar/0/Variants/1,3,0.393230284,1569971200,0.384653719,0.274022,0.110646,209860,28,0,27899,0,,,,,,,
Yices/v-->p/V5/Chc/0/numPlain/9525/Compression/0.0/VCore_Total/1/VCorePlain/1/VCoreVar/0/Variants/1,1,0.263793506,1053198680,0.255439312,0.194017,6.1435e-2,209860,442,0,19860,1,,,,,,,
Yices/v-->p/V5/Chc/0/numPlain/9525/Compression/0.0/VCore_Total/1/VCorePlain/1/VCoreVar/0/Variants/1,2,0.530016035,2116080480,0.521730679,0.361927,0.159819,209860,252,0,39700,1,,,,,,,
Yices/v-->p/V5/Chc/0/numPlain/9525/Compression/0.0/VCore_Total/1/VCorePlain/1/VCoreVar/0/Variants/1,3,0.796967319,3181870800,0.783514969,0.570347,0.213182,209860,2652,0,59581,3,,,,,,,
Yices/v-->p/V6/Chc/0/numPlain/9418/Compression/0.0/VCore_Total/1/VCorePlain/1/VCoreVar/0/Variants/1,1,0.254225136,1014999640,0.247657158,0.181698,6.5973e-2,209920,1,0,19442,3,,,,,,,
Yices/v-->p/V6/Chc/0/numPlain/9418/Compression/0.0/VCore_Total/1/VCorePlain/1/VCoreVar/0/Variants/1,2,0.511972818,2044048000,0.501758844,0.370235,0.13154,209920,1,0,38869,1,,,,,,,
Yices/v-->p/V6/Chc/0/numPlain/9418/Compression/0.0/VCore_Total/1/VCorePlain/1/VCoreVar/0/Variants/1,3,0.780976793,3118033040,0.760823149,0.566195,0.194643,209920,4,0,58326,3,,,,,,,
Yices/v-->p/V7/Chc/0/numPlain/5872/Compression/0.0/VCore_Total/1/VCorePlain/1/VCoreVar/0/Variants/1,1,0.167679781,669474280,0.157228266,0.123867,3.3377e-2,209920,0,0,11919,3,,,,,,,
Yices/v-->p/V7/Chc/0/numPlain/5872/Compression/0.0/VCore_Total/1/VCorePlain/1/VCoreVar/0/Variants/1,2,0.341344343,1362822880,0.319976961,0.250725,6.9267e-2,209920,0,0,23828,0,,,,,,,
Yices/v-->p/V7/Chc/0/numPlain/5872/Compression/0.0/VCore_Total/1/VCorePlain/1/VCoreVar/0/Variants/1,3,0.486151497,1940953720,0.464960447,0.348532,0.116443,209920,0,0,35756,1,,,,,,,
Yices/v-->p/V8/Chc/0/numPlain/5983/Compression/0.0/VCore_Total/1/VCorePlain/1/VCoreVar/0/Variants/1,1,0.158650909,633423160,0.153565088,0.120313,3.3267e-2,209920,0,0,12301,2,,,,,,,
Yices/v-->p/V8/Chc/0/numPlain/5983/Compression/0.0/VCore_Total/1/VCorePlain/1/VCoreVar/0/Variants/1,2,0.320952324,1281404400,0.312783592,0.229574,8.3232e-2,209920,0,0,24601,1,,,,,,,
Yices/v-->p/V8/Chc/0/numPlain/5983/Compression/0.0/VCore_Total/1/VCorePlain/1/VCoreVar/0/Variants/1,3,0.483827793,1931680400,0.468664034,0.342841,0.125849,209920,0,0,36897,5,,,,,,,
Yices/v-->p/V9/Chc/0/numPlain/5589/Compression/0.0/VCore_Total/1/VCorePlain/1/VCoreVar/0/Variants/1,1,0.133237748,531951760,0.129046519,9.7812e-2,3.1246e-2,209920,0,0,9800,1,,,,,,,
Yices/v-->p/V9/Chc/0/numPlain/5589/Compression/0.0/VCore_Total/1/VCorePlain/1/VCoreVar/0/Variants/1,2,0.275425129,1099628800,0.266835622,0.196547,7.0301e-2,209920,0,0,19617,1,,,,,,,
Yices/v-->p/V9/Chc/0/numPlain/5589/Compression/0.0/VCore_Total/1/VCorePlain/1/VCoreVar/0/Variants/1,3,0.40678262,1624065800,0.394156488,0.315751,7.8418e-2,209920,0,0,29415,5,,,,,,,
Yices/v-->p/V10/Chc/0/numPlain/5152/Compression/0.0/VCore_Total/1/VCorePlain/1/VCoreVar/0/Variants/1,1,0.113861555,454603280,0.109364984,8.265e-2,2.6739e-2,209920,0,0,8494,1,,,,,,,
Yices/v-->p/V10/Chc/0/numPlain/5152/Compression/0.0/VCore_Total/1/VCorePlain/1/VCoreVar/0/Variants/1,2,0.240086895,958553800,0.229895003,0.17375,5.6159e-2,209920,0,0,16995,0,,,,,,,
Yices/v-->p/V10/Chc/0/numPlain/5152/Compression/0.0/VCore_Total/1/VCorePlain/1/VCoreVar/0/Variants/1,3,0.367268379,1466318000,0.349091502,0.25444,9.4666e-2,209920,0,0,25474,3,,,,,,,
CVC4/v-->v/V1/Chc/0/numPlain/7803/Compression/0.0/VCore_Total/1/VCorePlain/1/VCoreVar/0/Variants/1,1,0.789380146,3151580160,0.398447277,0.29508,0.103383,209920,372,0,29622,1,,,,,,,
CVC4/v-->v/V1/Chc/0/numPlain/7803/Compression/0.0/VCore_Total/1/VCorePlain/1/VCoreVar/0/Variants/1,2,1.644345327,6564982360,0.770389832,0.56183,0.208572,209920,3155,0,59255,4,,,,,,,
CVC4/v-->v/V1/Chc/0/numPlain/7803/Compression/0.0/VCore_Total/1/VCorePlain/1/VCoreVar/0/Variants/1,3,2.401015236,9585961160,1.148396041,0.81192,0.336489,209920,3052,0,88884,2,,,,,,,
CVC4/v-->v/V2/Chc/0/numPlain/9953/Compression/0.0/VCore_Total/1/VCorePlain/1/VCoreVar/0/Variants/1,1,0.944282633,3770018720,0.437130008,0.322114,0.115031,209920,102,0,32655,1,,,,,,,
CVC4/v-->v/V2/Chc/0/numPlain/9953/Compression/0.0/VCore_Total/1/VCorePlain/1/VCoreVar/0/Variants/1,2,1.857181394,7414724560,0.86443927,0.638437,0.226015,209920,3632,0,65302,3,,,,,,,
CVC4/v-->v/V2/Chc/0/numPlain/9953/Compression/0.0/VCore_Total/1/VCorePlain/1/VCoreVar/0/Variants/1,3,2.836169718,11323293600,1.382226805,1.050267,0.331975,209920,3395,0,97954,1,,,,,,,
CVC4/v-->v/V3/Chc/0/numPlain/5070/Compression/0.0/VCore_Total/1/VCorePlain/1/VCoreVar/0/Variants/1,1,0.578081309,2307980920,0.322663194,0.244357,7.8319e-2,209920,1,0,24576,0,,,,,,,
CVC4/v-->v/V3/Chc/0/numPlain/5070/Compression/0.0/VCore_Total/1/VCorePlain/1/VCoreVar/0/Variants/1,2,1.175098229,4691542160,0.666337285,0.481052,0.185299,209920,2389,0,49154,1,,,,,,,
CVC4/v-->v/V3/Chc/0/numPlain/5070/Compression/0.0/VCore_Total/1/VCorePlain/1/VCoreVar/0/Variants/1,3,1.769891735,7066229000,0.96464029,0.704182,0.260473,209920,2411,0,73729,2,,,,,,,
CVC4/v-->v/V4/Chc/0/numPlain/5398/Compression/0.0/VCore_Total/1/VCorePlain/1/VCoreVar/0/Variants/1,1,0.592479571,2365463520,0.311544387,0.230706,8.0853e-2,209920,1,0,25104,0,,,,,,,
CVC4/v-->v/V4/Chc/0/numPlain/5398/Compression/0.0/VCore_Total/1/VCorePlain/1/VCoreVar/0/Variants/1,2,1.288622107,5144779160,0.686879067,0.520722,0.16617,209920,2528,0,50221,2,,,,,,,
CVC4/v-->v/V4/Chc/0/numPlain/5398/Compression/0.0/VCore_Total/1/VCorePlain/1/VCoreVar/0/Variants/1,3,1.842126222,7354618480,0.969346899,0.725003,0.244357,209920,1549,0,75326,7,,,,,,,
CVC4/v-->v/V5/Chc/0/numPlain/9525/Compression/0.0/VCore_Total/1/VCorePlain/1/VCoreVar/0/Variants/1,1,0.960427401,3834478600,0.434420758,0.321654,0.112781,209920,0,0,34666,0,,,,,,,
CVC4/v-->v/V5/Chc/0/numPlain/9525/Compression/0.0/VCore_Total/1/VCorePlain/1/VCoreVar/0/Variants/1,2,1.93055513,7707669200,0.860845429,0.624308,0.236551,209920,2196,0,69337,6,,,,,,,
CVC4/v-->v/V5/Chc/0/numPlain/9525/Compression/0.0/VCore_Total/1/VCorePlain/1/VCoreVar/0/Variants/1,3,2.835197785,11319412080,1.252128976,0.94027,0.311873,209920,1652,0,104008,4,,,,,,,
CVC4/v-->v/V6/Chc/0/numPlain/9418/Compression/0.0/VCore_Total/1/VCorePlain/1/VCoreVar/0/Variants/1,1,0.995718937,3975381000,0.473027726,0.359687,0.113355,209920,0,0,33840,0,,,,,,,
CVC4/v-->v/V6/Chc/0/numPlain/9418/Compression/0.0/VCore_Total/1/VCorePlain/1/VCoreVar/0/Variants/1,2,1.930828445,7708762200,0.916439927,0.663482,0.252972,209920,1876,0,67671,5,,,,,,,
CVC4/v-->v/V6/Chc/0/numPlain/9418/Compression/0.0/VCore_Total/1/VCorePlain/1/VCoreVar/0/Variants/1,3,2.907886619,11609617280,1.382093937,1.016423,0.365685,209920,1844,0,101514,5,,,,,,,
CVC4/v-->v/V7/Chc/0/numPlain/5872/Compression/0.0/VCore_Total/1/VCorePlain/1/VCoreVar/0/Variants/1,1,0.680549452,2717079000,0.342378277,0.265552,7.6842e-2,209920,0,0,27113,2,,,,,,,
CVC4/v-->v/V7/Chc/0/numPlain/5872/Compression/0.0/VCore_Total/1/VCorePlain/1/VCoreVar/0/Variants/1,2,1.399658724,5588089520,0.683489469,0.521909,0.161595,209920,2132,0,54243,2,,,,,,,
CVC4/v-->v/V7/Chc/0/numPlain/5872/Compression/0.0/VCore_Total/1/VCorePlain/1/VCoreVar/0/Variants/1,3,2.118050333,8456233080,1.037029039,0.758865,0.278178,209920,2404,0,81372,6,,,,,,,
CVC4/v-->v/V8/Chc/0/numPlain/5983/Compression/0.0/VCore_Total/1/VCorePlain/1/VCoreVar/0/Variants/1,1,0.787544924,3144253520,0.406875145,0.318249,8.8639e-2,209920,0,0,27423,1,,,,,,,
CVC4/v-->v/V8/Chc/0/numPlain/5983/Compression/0.0/VCore_Total/1/VCorePlain/1/VCoreVar/0/Variants/1,2,1.441165856,5753805240,0.727628122,0.564237,0.163405,209920,2404,0,54833,9,,,,,,,
CVC4/v-->v/V8/Chc/0/numPlain/5983/Compression/0.0/VCore_Total/1/VCorePlain/1/VCoreVar/0/Variants/1,3,2.159497592,8621710160,1.093942743,0.831305,0.262652,209920,2180,0,82248,11,,,,,,,
CVC4/v-->v/V9/Chc/0/numPlain/5589/Compression/0.0/VCore_Total/1/VCorePlain/1/VCoreVar/0/Variants/1,1,0.640279644,2556303480,0.333368264,0.247037,8.6345e-2,209920,0,0,25759,0,,,,,,,
CVC4/v-->v/V9/Chc/0/numPlain/5589/Compression/0.0/VCore_Total/1/VCorePlain/1/VCoreVar/0/Variants/1,2,1.343006662,5361906440,0.681691768,0.505303,0.176403,209920,2036,0,51529,3,,,,,,,
CVC4/v-->v/V9/Chc/0/numPlain/5589/Compression/0.0/VCore_Total/1/VCorePlain/1/VCoreVar/0/Variants/1,3,1.925205308,7686308240,0.964270989,0.731621,0.232664,209920,1544,0,77272,3,,,,,,,
CVC4/v-->v/V10/Chc/0/numPlain/5152/Compression/0.0/VCore_Total/1/VCorePlain/1/VCoreVar/0/Variants/1,1,0.616418941,2461041560,0.319579928,0.23444,8.5155e-2,209920,0,0,24643,3,,,,,,,
CVC4/v-->v/V10/Chc/0/numPlain/5152/Compression/0.0/VCore_Total/1/VCorePlain/1/VCoreVar/0/Variants/1,2,1.180943445,4714875640,0.631881321,0.453415,0.178481,209920,1863,0,49288,1,,,,,,,
CVC4/v-->v/V10/Chc/0/numPlain/5152/Compression/0.0/VCore_Total/1/VCorePlain/1/VCoreVar/0/Variants/1,3,1.833307527,7319411240,0.964182193,0.725752,0.238445,209920,1813,0,73928,3,,,,,,,
CVC4/p-->v/V1/Chc/0/numPlain/7803/Compression/0.0/VCore_Total/1/VCorePlain/1/VCoreVar/0/Variants/1,1,0.477643847,1906991080,0.214276461,0.168481,4.5811e-2,209920,0,0,15110,0,,,,,,,
CVC4/p-->v/V1/Chc/0/numPlain/7803/Compression/0.0/VCore_Total/1/VCorePlain/1/VCoreVar/0/Variants/1,2,0.994499125,3970510560,0.461417611,0.344835,0.116598,209920,158,0,30234,2,,,,,,,
CVC4/p-->v/V1/Chc/0/numPlain/7803/Compression/0.0/VCore_Total/1/VCorePlain/1/VCoreVar/0/Variants/1,3,1.463307917,5842208120,0.654062992,0.497047,0.15703,209920,5,0,45324,2,,,,,,,
CVC4/p-->v/V2/Chc/0/numPlain/9953/Compression/0.0/VCore_Total/1/VCorePlain/1/VCoreVar/0/Variants/1,1,0.657813802,2626312400,0.28775535,0.209949,7.7822e-2,209920,0,0,19668,0,,,,,,,
CVC4/p-->v/V2/Chc/0/numPlain/9953/Compression/0.0/VCore_Total/1/VCorePlain/1/VCoreVar/0/Variants/1,2,1.393977176,5565412200,0.612774343,0.478609,0.134181,209920,0,0,39350,1,,,,,,,
CVC4/p-->v/V2/Chc/0/numPlain/9953/Compression/0.0/VCore_Total/1/VCorePlain/1/VCoreVar/0/Variants/1,3,2.047229843,8173488640,0.913268131,0.690071,0.223212,209920,0,0,59013,2,,,,,,,
CVC4/p-->v/V3/Chc/0/numPlain/5070/Compression/0.0/VCore_Total/1/VCorePlain/1/VCoreVar/0/Variants/1,1,0.289199434,1154629240,0.119346867,8.677e-2,3.2591e-2,209920,0,0,8503,2,,,,,,,
CVC4/p-->v/V3/Chc/0/numPlain/5070/Compression/0.0/VCore_Total/1/VCorePlain/1/VCoreVar/0/Variants/1,2,0.539509064,2153979880,0.228693845,0.178318,5.0388e-2,209920,0,0,16998,0,,,,,,,
CVC4/p-->v/V3/Chc/0/numPlain/5070/Compression/0.0/VCore_Total/1/VCorePlain/1/VCoreVar/0/Variants/1,3,0.807157974,3222557880,0.346730495,0.261145,8.5601e-2,209920,0,0,25497,0,,,,,,,
CVC4/p-->v/V4/Chc/0/numPlain/5398/Compression/0.0/VCore_Total/1/VCorePlain/1/VCoreVar/0/Variants/1,1,0.293911513,1173441760,0.126808221,0.100538,2.6286e-2,209920,0,0,9212,1,,,,,,,
CVC4/p-->v/V4/Chc/0/numPlain/5398/Compression/0.0/VCore_Total/1/VCorePlain/1/VCoreVar/0/Variants/1,2,0.646668466,2581810480,0.276594348,0.217263,5.9345e-2,209920,0,0,18417,0,,,,,,,
CVC4/p-->v/V4/Chc/0/numPlain/5398/Compression/0.0/VCore_Total/1/VCorePlain/1/VCoreVar/0/Variants/1,3,0.929588925,3711357280,0.398402191,0.307498,9.0919e-2,209920,0,0,27628,1,,,,,,,
CVC4/p-->v/V5/Chc/0/numPlain/9525/Compression/0.0/VCore_Total/1/VCorePlain/1/VCoreVar/0/Variants/1,1,0.678041239,2707068000,0.284009993,0.201978,8.2048e-2,209920,0,0,19793,0,,,,,,,
CVC4/p-->v/V5/Chc/0/numPlain/9525/Compression/0.0/VCore_Total/1/VCorePlain/1/VCoreVar/0/Variants/1,2,1.412239447,5638321040,0.595996429,0.468511,0.1275,209920,0,0,39589,0,,,,,,,
CVC4/p-->v/V5/Chc/0/numPlain/9525/Compression/0.0/VCore_Total/1/VCorePlain/1/VCoreVar/0/Variants/1,3,2.097864553,8375647800,0.906438901,0.699119,0.207334,209920,0,0,59382,4,,,,,,,
CVC4/p-->v/V6/Chc/0/numPlain/9418/Compression/0.0/VCore_Total/1/VCorePlain/1/VCoreVar/0/Variants/1,1,0.670188476,2675713520,0.275253919,0.211593,6.3674e-2,209920,0,0,19375,7,,,,,,,
CVC4/p-->v/V6/Chc/0/numPlain/9418/Compression/0.0/VCore_Total/1/VCorePlain/1/VCoreVar/0/Variants/1,2,1.303458175,5204012080,0.532135102,0.399692,0.132457,209920,0,0,38757,1,,,,,,,
CVC4/p-->v/V6/Chc/0/numPlain/9418/Compression/0.0/VCore_Total/1/VCorePlain/1/VCoreVar/0/Variants/1,3,1.999626632,7983436080,0.832029411,0.634097,0.197946,209920,12,0,58145,3,,,,,,,
CVC4/p-->v/V7/Chc/0/numPlain/5872/Compression/0.0/VCore_Total/1/VCorePlain/1/VCoreVar/0/Variants/1,1,0.390926278,1560773240,0.165545024,0.124889,4.0672e-2,209920,0,0,11842,2,,,,,,,
CVC4/p-->v/V7/Chc/0/numPlain/5872/Compression/0.0/VCore_Total/1/VCorePlain/1/VCoreVar/0/Variants/1,2,0.744235562,2971339960,0.315589613,0.227032,8.8572e-2,209920,0,0,23686,0,,,,,,,
CVC4/p-->v/V7/Chc/0/numPlain/5872/Compression/0.0/VCore_Total/1/VCorePlain/1/VCoreVar/0/Variants/1,3,1.137041888,4539602520,0.472057138,0.349403,0.12267,209920,0,0,35521,3,,,,,,,
CVC4/p-->v/V8/Chc/0/numPlain/5983/Compression/0.0/VCore_Total/1/VCorePlain/1/VCoreVar/0/Variants/1,1,0.384772218,1536205040,0.162718741,0.122345,4.0389e-2,209920,0,0,12200,0,,,,,,,
CVC4/p-->v/V8/Chc/0/numPlain/5983/Compression/0.0/VCore_Total/1/VCorePlain/1/VCoreVar/0/Variants/1,2,0.774981334,3094093120,0.33077691,0.247867,8.2924e-2,209920,0,0,24392,0,,,,,,,
CVC4/p-->v/V8/Chc/0/numPlain/5983/Compression/0.0/VCore_Total/1/VCorePlain/1/VCoreVar/0/Variants/1,3,1.215970854,4854726040,0.51354282,0.380006,0.13355,209920,0,0,36602,0,,,,,,,
CVC4/p-->v/V9/Chc/0/numPlain/5589/Compression/0.0/VCore_Total/1/VCorePlain/1/VCoreVar/0/Variants/1,1,0.316148984,1262224920,0.131221805,9.9677e-2,3.1559e-2,209920,0,0,9696,0,,,,,,,
CVC4/p-->v/V9/Chc/0/numPlain/5589/Compression/0.0/VCore_Total/1/VCorePlain/1/VCoreVar/0/Variants/1,2,0.627531595,2505408640,0.263548842,0.196797,6.6766e-2,209920,0,0,19393,0,,,,,,,
CVC4/p-->v/V9/Chc/0/numPlain/5589/Compression/0.0/VCore_Total/1/VCorePlain/1/VCoreVar/0/Variants/1,3,0.952221942,3801718360,0.398465759,0.296792,0.101687,209920,10,0,29087,2,,,,,,,
CVC4/p-->v/V10/Chc/0/numPlain/5152/Compression/0.0/VCore_Total/1/VCorePlain/1/VCoreVar/0/Variants/1,1,0.282405598,1127507480,0.105314198,7.5306e-2,3.0022e-2,209920,0,0,8396,0,,,,,,,
CVC4/p-->v/V10/Chc/0/numPlain/5152/Compression/0.0/VCore_Total/1/VCorePlain/1/VCoreVar/0/Variants/1,2,0.545418031,2177571160,0.202457694,0.145433,5.7039e-2,209920,0,0,16788,0,,,,,,,
CVC4/p-->v/V10/Chc/0/numPlain/5152/Compression/0.0/VCore_Total/1/VCorePlain/1/VCoreVar/0/Variants/1,3,0.828682689,3308492960,0.314919147,0.238691,7.6241e-2,209920,0,0,25183,0,,,,,,,
CVC4/p-->p/V1/Chc/0/numPlain/7803/Compression/0.0/VCore_Total/1/VCorePlain/1/VCoreVar/0/Variants/1,1,0.495809496,1979512120,0.188952399,0.133796,5.5171e-2,209920,0,0,15114,1,,,,,,,
CVC4/p-->p/V1/Chc/0/numPlain/7803/Compression/0.0/VCore_Total/1/VCorePlain/1/VCoreVar/0/Variants/1,2,1.029841328,4111613440,0.403032394,0.307154,9.5894e-2,209920,30,0,30231,4,,,,,,,
CVC4/p-->p/V1/Chc/0/numPlain/7803/Compression/0.0/VCore_Total/1/VCorePlain/1/VCoreVar/0/Variants/1,3,1.529456804,6106307040,0.608315261,0.451352,0.156979,209920,82,0,45352,0,,,,,,,
CVC4/p-->p/V2/Chc/0/numPlain/9953/Compression/0.0/VCore_Total/1/VCorePlain/1/VCoreVar/0/Variants/1,1,0.709117864,2831142800,0.266077773,0.195016,7.1078e-2,209920,0,0,19671,0,,,,,,,
CVC4/p-->p/V2/Chc/0/numPlain/9953/Compression/0.0/VCore_Total/1/VCorePlain/1/VCoreVar/0/Variants/1,2,1.42096108,5673141680,0.533967205,0.397228,0.136753,209920,0,0,39345,3,,,,,,,
CVC4/p-->p/V2/Chc/0/numPlain/9953/Compression/0.0/VCore_Total/1/VCorePlain/1/VCoreVar/0/Variants/1,3,2.161714293,8630564200,0.815532916,0.610324,0.205223,209920,34,0,59030,4,,,,,,,
CVC4/p-->p/V3/Chc/0/numPlain/5070/Compression/0.0/VCore_Total/1/VCorePlain/1/VCoreVar/0/Variants/1,1,0.304144197,1214296360,0.112665455,8.3373e-2,2.9307e-2,209920,0,0,8485,0,,,,,,,
CVC4/p-->p/V3/Chc/0/numPlain/5070/Compression/0.0/VCore_Total/1/VCorePlain/1/VCoreVar/0/Variants/1,2,0.558128889,2228320800,0.215986162,0.169737,4.6274e-2,209920,18,0,16958,0,,,,,,,
CVC4/p-->p/V3/Chc/0/numPlain/5070/Compression/0.0/VCore_Total/1/VCorePlain/1/VCoreVar/0/Variants/1,3,0.933150745,3725575600,0.37667934,0.279767,9.6926e-2,209920,28,0,25448,4,,,,,,,
CVC4/p-->p/V4/Chc/0/numPlain/5398/Compression/0.0/VCore_Total/1/VCorePlain/1/VCoreVar/0/Variants/1,1,0.304419857,1215395480,0.113731181,8.4447e-2,2.9299e-2,209920,0,0,9192,0,,,,,,,
CVC4/p-->p/V4/Chc/0/numPlain/5398/Compression/0.0/VCore_Total/1/VCorePlain/1/VCoreVar/0/Variants/1,2,0.651670392,2601777360,0.254733478,0.191549,6.3199e-2,209920,2,0,18391,2,,,,,,,
CVC4/p-->p/V4/Chc/0/numPlain/5398/Compression/0.0/VCore_Total/1/VCorePlain/1/VCoreVar/0/Variants/1,3,0.926171498,3697713960,0.351328992,0.257697,9.3646e-2,209920,2,0,27579,1,,,,,,,
CVC4/p-->p/V5/Chc/0/numPlain/9525/Compression/0.0/VCore_Total/1/VCorePlain/1/VCoreVar/0/Variants/1,1,0.703760488,2809746600,0.254585081,0.193391,6.1208e-2,209920,0,0,19780,0,,,,,,,
CVC4/p-->p/V5/Chc/0/numPlain/9525/Compression/0.0/VCore_Total/1/VCorePlain/1/VCoreVar/0/Variants/1,2,1.41941791,5666979640,0.526926627,0.401882,0.12506,209920,0,0,39561,1,,,,,,,
CVC4/p-->p/V5/Chc/0/numPlain/9525/Compression/0.0/VCore_Total/1/VCorePlain/1/VCoreVar/0/Variants/1,3,2.125525234,8486079480,0.815303594,0.590498,0.224819,209920,80,0,59346,1,,,,,,,
CVC4/p-->p/V6/Chc/0/numPlain/9418/Compression/0.0/VCore_Total/1/VCorePlain/1/VCoreVar/0/Variants/1,1,0.671896578,2682533760,0.248022175,0.192631,5.5407e-2,209920,0,0,19357,0,,,,,,,
CVC4/p-->p/V6/Chc/0/numPlain/9418/Compression/0.0/VCore_Total/1/VCorePlain/1/VCoreVar/0/Variants/1,2,1.463039489,5841136600,0.564100944,0.434518,0.129597,209920,0,0,38727,2,,,,,,,
CVC4/p-->p/V6/Chc/0/numPlain/9418/Compression/0.0/VCore_Total/1/VCorePlain/1/VCoreVar/0/Variants/1,3,2.145285902,8564973920,0.821118168,0.615586,0.205549,209920,0,0,58096,11,,,,,,,
CVC4/p-->p/V7/Chc/0/numPlain/5872/Compression/0.0/VCore_Total/1/VCorePlain/1/VCoreVar/0/Variants/1,1,0.423285141,1689964080,0.159733742,0.121926,3.7823e-2,209920,0,0,11825,1,,,,,,,
CVC4/p-->p/V7/Chc/0/numPlain/5872/Compression/0.0/VCore_Total/1/VCorePlain/1/VCoreVar/0/Variants/1,2,0.823157346,3286433160,0.316606159,0.235569,8.1053e-2,209920,0,0,23643,1,,,,,,,
CVC4/p-->p/V7/Chc/0/numPlain/5872/Compression/0.0/VCore_Total/1/VCorePlain/1/VCoreVar/0/Variants/1,3,1.214045552,4847038640,0.471058435,0.35263,0.118441,209920,0,0,35450,1,,,,,,,
CVC4/p-->p/V8/Chc/0/numPlain/5983/Compression/0.0/VCore_Total/1/VCorePlain/1/VCoreVar/0/Variants/1,1,0.428952703,1712591960,0.160506009,0.118425,4.2096e-2,209920,0,0,12203,0,,,,,,,
CVC4/p-->p/V8/Chc/0/numPlain/5983/Compression/0.0/VCore_Total/1/VCorePlain/1/VCoreVar/0/Variants/1,2,0.833945657,3329506760,0.312641981,0.243951,6.871e-2,209920,0,0,24400,1,,,,,,,
CVC4/p-->p/V8/Chc/0/numPlain/5983/Compression/0.0/VCore_Total/1/VCorePlain/1/VCoreVar/0/Variants/1,3,1.275442996,5092165600,0.488333908,0.356305,0.132042,209920,0,0,36612,3,,,,,,,
CVC4/p-->p/V9/Chc/0/numPlain/5589/Compression/0.0/VCore_Total/1/VCorePlain/1/VCoreVar/0/Variants/1,1,0.325718466,1300424200,0.119559468,8.6634e-2,3.2938e-2,209920,0,0,9699,3,,,,,,,
CVC4/p-->p/V9/Chc/0/numPlain/5589/Compression/0.0/VCore_Total/1/VCorePlain/1/VCoreVar/0/Variants/1,2,0.674332854,2692250240,0.258981637,0.193565,6.543e-2,209920,0,0,19392,2,,,,,,,
CVC4/p-->p/V9/Chc/0/numPlain/5589/Compression/0.0/VCore_Total/1/VCorePlain/1/VCoreVar/0/Variants/1,3,1.028303045,4105461000,0.396602427,0.294683,0.101932,209920,0,0,29094,0,,,,,,,
CVC4/p-->p/V10/Chc/0/numPlain/5152/Compression/0.0/VCore_Total/1/VCorePlain/1/VCoreVar/0/Variants/1,1,0.290107838,1158256240,0.109543998,8.5678e-2,2.3891e-2,209920,0,0,8398,0,,,,,,,
CVC4/p-->p/V10/Chc/0/numPlain/5152/Compression/0.0/VCore_Total/1/VCorePlain/1/VCoreVar/0/Variants/1,2,0.564410399,2253398840,0.209954393,0.153376,5.6593e-2,209920,0,0,16792,0,,,,,,,
CVC4/p-->p/V10/Chc/0/numPlain/5152/Compression/0.0/VCore_Total/1/VCorePlain/1/VCoreVar/0/Variants/1,3,0.86308096,3445828160,0.324233919,0.248956,7.5291e-2,209920,2,0,25191,2,,,,,,,
CVC4/v-->p/V1/Chc/0/numPlain/7803/Compression/0.0/VCore_Total/1/VCorePlain/1/VCoreVar/0/Variants/1,1,0.523521283,2090152920,0.204189039,0.160212,4.3994e-2,209920,0,0,15249,0,,,,,,,
CVC4/v-->p/V1/Chc/0/numPlain/7803/Compression/0.0/VCore_Total/1/VCorePlain/1/VCoreVar/0/Variants/1,2,1.073790315,4287076840,0.42386467,0.322433,0.101446,209920,0,0,30502,2,,,,,,,
CVC4/v-->p/V1/Chc/0/numPlain/7803/Compression/0.0/VCore_Total/1/VCorePlain/1/VCoreVar/0/Variants/1,3,1.654128883,6604055160,0.661195895,0.486447,0.174765,209920,0,0,45753,4,,,,,,,
CVC4/v-->p/V2/Chc/0/numPlain/9953/Compression/0.0/VCore_Total/1/VCorePlain/1/VCoreVar/0/Variants/1,1,0.727877554,2906025720,0.291912792,0.213495,7.8432e-2,209920,48,0,19809,0,,,,,,,
CVC4/v-->p/V2/Chc/0/numPlain/9953/Compression/0.0/VCore_Total/1/VCorePlain/1/VCoreVar/0/Variants/1,2,1.467993445,5860913880,0.569235473,0.430285,0.138965,209920,284,0,39629,4,,,,,,,
CVC4/v-->p/V2/Chc/0/numPlain/9953/Compression/0.0/VCore_Total/1/VCorePlain/1/VCoreVar/0/Variants/1,3,2.199986312,8783355720,0.86514035,0.639912,0.225244,209920,297,0,59409,6,,,,,,,
CVC4/v-->p/V3/Chc/0/numPlain/5070/Compression/0.0/VCore_Total/1/VCorePlain/1/VCoreVar/0/Variants/1,1,0.29559041,1180148880,0.118047161,8.9081e-2,2.8981e-2,209920,0,0,8615,0,,,,,,,
CVC4/v-->p/V3/Chc/0/numPlain/5070/Compression/0.0/VCore_Total/1/VCorePlain/1/VCoreVar/0/Variants/1,2,0.605758,2418477640,0.249320475,0.200948,4.8387e-2,209920,20,0,17228,3,,,,,,,
CVC4/v-->p/V3/Chc/0/numPlain/5070/Compression/0.0/VCore_Total/1/VCorePlain/1/VCoreVar/0/Variants/1,3,0.915817256,3656374920,0.371909631,0.303789,6.8134e-2,209920,20,0,25846,0,,,,,,,
CVC4/v-->p/V4/Chc/0/numPlain/5398/Compression/0.0/VCore_Total/1/VCorePlain/1/VCoreVar/0/Variants/1,1,0.329884746,1317056680,0.130090756,0.101959,2.8144e-2,209920,0,0,9327,1,,,,,,,
CVC4/v-->p/V4/Chc/0/numPlain/5398/Compression/0.0/VCore_Total/1/VCorePlain/1/VCoreVar/0/Variants/1,2,0.670615973,2677418480,0.27110205,0.211192,5.9924e-2,209920,0,0,18656,2,,,,,,,
CVC4/v-->p/V4/Chc/0/numPlain/5398/Compression/0.0/VCore_Total/1/VCorePlain/1/VCoreVar/0/Variants/1,3,1.002061301,4000689080,0.402540806,0.303956,9.8609e-2,209920,28,0,27983,1,,,,,,,
CVC4/v-->p/V5/Chc/0/numPlain/9525/Compression/0.0/VCore_Total/1/VCorePlain/1/VCoreVar/0/Variants/1,1,0.750170939,2995042400,0.296668719,0.212378,8.4306e-2,209920,32,0,19917,0,,,,,,,
CVC4/v-->p/V5/Chc/0/numPlain/9525/Compression/0.0/VCore_Total/1/VCorePlain/1/VCoreVar/0/Variants/1,2,1.462633324,5839516720,0.56613919,0.413941,0.152213,209920,104,0,39836,0,,,,,,,
CVC4/v-->p/V5/Chc/0/numPlain/9525/Compression/0.0/VCore_Total/1/VCorePlain/1/VCoreVar/0/Variants/1,3,2.219297182,8860459440,0.865120116,0.668095,0.197053,209920,1724,0,59746,1,,,,,,,
CVC4/v-->p/V6/Chc/0/numPlain/9418/Compression/0.0/VCore_Total/1/VCorePlain/1/VCoreVar/0/Variants/1,1,0.716723072,2861503600,0.285111779,0.203715,8.1413e-2,209920,46,0,19498,0,,,,,,,
CVC4/v-->p/V6/Chc/0/numPlain/9418/Compression/0.0/VCore_Total/1/VCorePlain/1/VCoreVar/0/Variants/1,2,1.405371481,5610902840,0.538240422,0.410587,0.127668,209920,92,0,38988,2,,,,,,,
CVC4/v-->p/V6/Chc/0/numPlain/9418/Compression/0.0/VCore_Total/1/VCorePlain/1/VCoreVar/0/Variants/1,3,2.119650572,8462627960,0.830422712,0.615168,0.21527,209920,2680,0,58488,3,,,,,,,
CVC4/v-->p/V7/Chc/0/numPlain/5872/Compression/0.0/VCore_Total/1/VCorePlain/1/VCoreVar/0/Variants/1,1,0.409604033,1635343240,0.158057514,0.118537,3.9535e-2,209920,0,0,11951,0,,,,,,,
CVC4/v-->p/V7/Chc/0/numPlain/5872/Compression/0.0/VCore_Total/1/VCorePlain/1/VCoreVar/0/Variants/1,2,0.840363304,3355132640,0.331730198,0.26035,7.1395e-2,209920,0,0,23908,1,,,,,,,
CVC4/v-->p/V7/Chc/0/numPlain/5872/Compression/0.0/VCore_Total/1/VCorePlain/1/VCoreVar/0/Variants/1,3,1.239913921,4950318680,0.48411479,0.369238,0.114891,209920,0,0,35845,1,,,,,,,
CVC4/v-->p/V8/Chc/0/numPlain/5983/Compression/0.0/VCore_Total/1/VCorePlain/1/VCoreVar/0/Variants/1,1,0.425564321,1699065880,0.164139717,0.127474,3.668e-2,209920,0,0,12333,1,,,,,,,
CVC4/v-->p/V8/Chc/0/numPlain/5983/Compression/0.0/VCore_Total/1/VCorePlain/1/VCoreVar/0/Variants/1,2,0.912848125,3644528160,0.3660226,0.284186,8.1852e-2,209920,0,0,24674,2,,,,,,,
CVC4/v-->p/V8/Chc/0/numPlain/5983/Compression/0.0/VCore_Total/1/VCorePlain/1/VCoreVar/0/Variants/1,3,1.296710557,5177074440,0.51425068,0.3736,0.140665,209920,0,0,37012,2,,,,,,,
CVC4/v-->p/V9/Chc/0/numPlain/5589/Compression/0.0/VCore_Total/1/VCorePlain/1/VCoreVar/0/Variants/1,1,0.339905399,1357082240,0.132771838,0.100127,3.2662e-2,209920,0,0,9829,0,,,,,,,
CVC4/v-->p/V9/Chc/0/numPlain/5589/Compression/0.0/VCore_Total/1/VCorePlain/1/VCoreVar/0/Variants/1,2,0.697325499,2784053400,0.278496211,0.219687,5.8824e-2,209920,0,0,19661,0,,,,,,,
CVC4/v-->p/V9/Chc/0/numPlain/5589/Compression/0.0/VCore_Total/1/VCorePlain/1/VCoreVar/0/Variants/1,3,1.065532888,4254102720,0.429097113,0.320803,0.108308,209920,24,0,29499,2,,,,,,,
CVC4/v-->p/V10/Chc/0/numPlain/5152/Compression/0.0/VCore_Total/1/VCorePlain/1/VCoreVar/0/Variants/1,1,0.302331257,1207056400,0.122074607,9.5659e-2,2.6429e-2,209920,0,0,8517,1,,,,,,,
CVC4/v-->p/V10/Chc/0/numPlain/5152/Compression/0.0/VCore_Total/1/VCorePlain/1/VCoreVar/0/Variants/1,2,0.605561258,2417681760,0.241637908,0.194281,4.737e-2,209920,0,0,17040,0,,,,,,,
CVC4/v-->p/V10/Chc/0/numPlain/5152/Compression/0.0/VCore_Total/1/VCorePlain/1/VCoreVar/0/Variants/1,3,0.899039555,3589391080,0.373760927,0.296366,7.7409e-2,209920,0,0,25546,0,,,,,,,
Boolector/v-->v/V1/Chc/0/numPlain/7803/Compression/0.0/VCore_Total/1/VCorePlain/1/VCoreVar/0/Variants/1,1,0.395106674,1577459840,0.370178412,0.274675,9.5517e-2,209920,0,0,30686,2,,,,,,,
Boolector/v-->v/V1/Chc/0/numPlain/7803/Compression/0.0/VCore_Total/1/VCorePlain/1/VCoreVar/0/Variants/1,2,0.85309416,3405955720,0.785138503,0.573947,0.211206,209920,2404,0,60670,0,,,,,,,
Boolector/v-->v/V1/Chc/0/numPlain/7803/Compression/0.0/VCore_Total/1/VCorePlain/1/VCoreVar/0/Variants/1,3,1.258328299,5023834680,1.167842853,0.86385,0.304007,209920,2420,0,91000,5,,,,,,,
Boolector/v-->v/V2/Chc/0/numPlain/9953/Compression/0.0/VCore_Total/1/VCorePlain/1/VCoreVar/0/Variants/1,1,0.461897102,1844119000,0.436282722,0.304053,0.132244,209920,0,0,33308,4,,,,,,,
Boolector/v-->v/V2/Chc/0/numPlain/9953/Compression/0.0/VCore_Total/1/VCorePlain/1/VCoreVar/0/Variants/1,2,0.943620675,3767381280,0.883377489,0.670765,0.212627,209920,2740,0,66229,14,,,,,,,
Boolector/v-->v/V2/Chc/0/numPlain/9953/Compression/0.0/VCore_Total/1/VCorePlain/1/VCoreVar/0/Variants/1,3,1.414900668,5648940760,1.353969546,0.971017,0.382968,209920,2814,0,101504,13,,,,,,,
Boolector/v-->v/V3/Chc/0/numPlain/5070/Compression/0.0/VCore_Total/1/VCorePlain/1/VCoreVar/0/Variants/1,1,0.32988148,1317049120,0.331262576,0.246023,8.5252e-2,209920,0,0,25906,1,,,,,,,
Boolector/v-->v/V3/Chc/0/numPlain/5070/Compression/0.0/VCore_Total/1/VCorePlain/1/VCoreVar/0/Variants/1,2,0.657068626,2623330440,0.657468204,0.478763,0.178718,209920,1679,0,52071,3,,,,,,,
Boolector/v-->v/V3/Chc/0/numPlain/5070/Compression/0.0/VCore_Total/1/VCorePlain/1/VCoreVar/0/Variants/1,3,0.977286374,3901785800,0.976192933,0.702163,0.274049,209920,1556,0,79236,5,,,,,,,
Boolector/v-->v/V4/Chc/0/numPlain/5398/Compression/0.0/VCore_Total/1/VCorePlain/1/VCoreVar/0/Variants/1,1,0.339251666,1354462040,0.334450652,0.245384,8.908e-2,209920,0,0,25531,5,,,,,,,
Boolector/v-->v/V4/Chc/0/numPlain/5398/Compression/0.0/VCore_Total/1/VCorePlain/1/VCoreVar/0/Variants/1,2,0.684673311,2733541400,0.67217035,0.480031,0.192153,209920,1479,0,51388,4,,,,,,,
Boolector/v-->v/V4/Chc/0/numPlain/5398/Compression/0.0/VCore_Total/1/VCorePlain/1/VCoreVar/0/Variants/1,3,0.980586851,3914961120,0.966839888,0.707426,0.259428,209920,1336,0,78385,1,,,,,,,
Boolector/v-->v/V5/Chc/0/numPlain/9525/Compression/0.0/VCore_Total/1/VCorePlain/1/VCoreVar/0/Variants/1,1,0.475441583,1898196000,0.435748448,0.30771,0.128052,209920,0,0,35767,0,,,,,,,
Boolector/v-->v/V5/Chc/0/numPlain/9525/Compression/0.0/VCore_Total/1/VCorePlain/1/VCoreVar/0/Variants/1,2,0.950740928,3795806560,0.865055765,0.62009,0.24498,209920,2036,0,71518,1,,,,,,,
Boolector/v-->v/V5/Chc/0/numPlain/9525/Compression/0.0/VCore_Total/1/VCorePlain/1/VCoreVar/0/Variants/1,3,1.427760707,5700285280,1.289024111,0.911854,0.377183,209920,2069,0,106798,17,,,,,,,
Boolector/v-->v/V6/Chc/0/numPlain/9418/Compression/0.0/VCore_Total/1/VCorePlain/1/VCoreVar/0/Variants/1,1,0.480439491,1918147360,0.444418962,0.322943,0.12149,209920,1,0,34440,5,,,,,,,
Boolector/v-->v/V6/Chc/0/numPlain/9418/Compression/0.0/VCore_Total/1/VCorePlain/1/VCoreVar/0/Variants/1,2,0.920491263,3675034000,0.863008332,0.634806,0.228215,209920,2500,0,69282,8,,,,,,,
Boolector/v-->v/V6/Chc/0/numPlain/9418/Compression/0.0/VCore_Total/1/VCorePlain/1/VCoreVar/0/Variants/1,3,1.366640226,5456263720,1.301164899,0.958107,0.343072,209920,2560,0,104959,2,,,,,,,
Boolector/v-->v/V7/Chc/0/numPlain/5872/Compression/0.0/VCore_Total/1/VCorePlain/1/VCoreVar/0/Variants/1,1,0.353612526,1411796680,0.33782027,0.246602,9.1232e-2,209920,0,0,28372,0,,,,,,,
Boolector/v-->v/V7/Chc/0/numPlain/5872/Compression/0.0/VCore_Total/1/VCorePlain/1/VCoreVar/0/Variants/1,2,0.732397481,2924075400,0.696273664,0.471954,0.224334,209920,2042,0,56193,1,,,,,,,
Boolector/v-->v/V7/Chc/0/numPlain/5872/Compression/0.0/VCore_Total/1/VCorePlain/1/VCoreVar/0/Variants/1,3,1.099077979,4388032920,1.037360467,0.759636,0.277739,209920,1340,0,84128,4,,,,,,,
Boolector/v-->v/V8/Chc/0/numPlain/5983/Compression/0.0/VCore_Total/1/VCorePlain/1/VCoreVar/0/Variants/1,1,0.362661949,1447926440,0.354201502,0.262426,9.179e-2,209920,0,0,28461,5,,,,,,,
Boolector/v-->v/V8/Chc/0/numPlain/5983/Compression/0.0/VCore_Total/1/VCorePlain/1/VCoreVar/0/Variants/1,2,0.709854023,2834071520,0.701788277,0.508671,0.19313,209920,1558,0,57452,1,,,,,,,
Boolector/v-->v/V8/Chc/0/numPlain/5983/Compression/0.0/VCore_Total/1/VCorePlain/1/VCoreVar/0/Variants/1,3,1.073075608,4284219040,1.053870466,0.749411,0.304473,209920,1164,0,86102,1,,,,,,,
Boolector/v-->v/V9/Chc/0/numPlain/5589/Compression/0.0/VCore_Total/1/VCorePlain/1/VCoreVar/0/Variants/1,1,0.341177378,1362149640,0.329324702,0.224433,0.104905,209920,0,0,27246,3,,,,,,,
Boolector/v-->v/V9/Chc/0/numPlain/5589/Compression/0.0/VCore_Total/1/VCorePlain/1/VCoreVar/0/Variants/1,2,0.714789464,2853777480,0.670956668,0.483997,0.186972,209920,1009,0,52866,4,,,,,,,
Boolector/v-->v/V9/Chc/0/numPlain/5589/Compression/0.0/VCore_Total/1/VCorePlain/1/VCoreVar/0/Variants/1,3,1.024643111,4090855480,0.973738565,0.715075,0.258677,209920,768,0,79153,10,,,,,,,
Boolector/v-->v/V10/Chc/0/numPlain/5152/Compression/0.0/VCore_Total/1/VCorePlain/1/VCoreVar/0/Variants/1,1,0.314908052,1257266360,0.30447549,0.219655,8.4834e-2,209920,0,0,26192,0,,,,,,,
Boolector/v-->v/V10/Chc/0/numPlain/5152/Compression/0.0/VCore_Total/1/VCorePlain/1/VCoreVar/0/Variants/1,2,0.647681527,2585852360,0.619058747,0.431575,0.187496,209920,900,0,50621,7,,,,,,,
Boolector/v-->v/V10/Chc/0/numPlain/5152/Compression/0.0/VCore_Total/1/VCorePlain/1/VCoreVar/0/Variants/1,3,0.98615284,3937184760,0.955127113,0.680189,0.274951,209920,915,0,76837,1,,,,,,,
Boolector/p-->v/V1/Chc/0/numPlain/7803/Compression/0.0/VCore_Total/1/VCorePlain/1/VCoreVar/0/Variants/1,1,0.274783639,1097080200,0.216404143,0.14953,6.6888e-2,209920,0,0,15100,1,,,,,,,
Boolector/p-->v/V1/Chc/0/numPlain/7803/Compression/0.0/VCore_Total/1/VCorePlain/1/VCoreVar/0/Variants/1,2,0.549061745,2192122760,0.434897146,0.316863,0.118048,209920,2,0,30226,2,,,,,,,
Boolector/p-->v/V1/Chc/0/numPlain/7803/Compression/0.0/VCore_Total/1/VCorePlain/1/VCoreVar/0/Variants/1,3,0.793879484,3169545720,0.628323328,0.465238,0.163112,209920,4,0,45310,0,,,,,,,
Boolector/p-->v/V2/Chc/0/numPlain/9953/Compression/0.0/VCore_Total/1/VCorePlain/1/VCoreVar/0/Variants/1,1,0.366773605,1464345680,0.283003211,0.215763,6.7255e-2,209920,0,0,19705,2,,,,,,,
Boolector/p-->v/V2/Chc/0/numPlain/9953/Compression/0.0/VCore_Total/1/VCorePlain/1/VCoreVar/0/Variants/1,2,0.703949625,2810505520,0.544778722,0.414478,0.130321,209920,0,0,39458,1,,,,,,,
Boolector/p-->v/V2/Chc/0/numPlain/9953/Compression/0.0/VCore_Total/1/VCorePlain/1/VCoreVar/0/Variants/1,3,1.0769995,4299890440,0.843884637,0.645868,0.198032,209920,0,0,59543,0,,,,,,,
Boolector/p-->v/V3/Chc/0/numPlain/5070/Compression/0.0/VCore_Total/1/VCorePlain/1/VCoreVar/0/Variants/1,1,0.149071738,595178600,0.117299932,8.6855e-2,3.046e-2,209920,0,0,8488,0,,,,,,,
Boolector/p-->v/V3/Chc/0/numPlain/5070/Compression/0.0/VCore_Total/1/VCorePlain/1/VCoreVar/0/Variants/1,2,0.292787062,1168952800,0.227838958,0.185725,4.2127e-2,209920,0,0,16964,1,,,,,,,
Boolector/p-->v/V3/Chc/0/numPlain/5070/Compression/0.0/VCore_Total/1/VCorePlain/1/VCoreVar/0/Variants/1,3,0.451517962,1802681320,0.353501587,0.260988,9.2528e-2,209920,0,0,25445,0,,,,,,,
Boolector/p-->v/V4/Chc/0/numPlain/5398/Compression/0.0/VCore_Total/1/VCorePlain/1/VCoreVar/0/Variants/1,1,0.163383496,652315200,0.12197444,9.0958e-2,3.1031e-2,209920,0,0,9189,1,,,,,,,
Boolector/p-->v/V4/Chc/0/numPlain/5398/Compression/0.0/VCore_Total/1/VCorePlain/1/VCoreVar/0/Variants/1,2,0.321492183,1283560400,0.236486389,0.179172,5.7329e-2,209920,0,0,18378,2,,,,,,,
Boolector/p-->v/V4/Chc/0/numPlain/5398/Compression/0.0/VCore_Total/1/VCorePlain/1/VCoreVar/0/Variants/1,3,0.506549768,2022393320,0.375189988,0.283925,9.1278e-2,209920,0,0,27569,2,,,,,,,
Boolector/p-->v/V5/Chc/0/numPlain/9525/Compression/0.0/VCore_Total/1/VCorePlain/1/VCoreVar/0/Variants/1,1,0.400597402,1599387680,0.26775018,0.197589,7.0176e-2,209920,0,0,19768,2,,,,,,,
Boolector/p-->v/V5/Chc/0/numPlain/9525/Compression/0.0/VCore_Total/1/VCorePlain/1/VCoreVar/0/Variants/1,2,0.791300259,3159249600,0.533070576,0.390673,0.142412,209920,2,0,39531,2,,,,,,,
Boolector/p-->v/V5/Chc/0/numPlain/9525/Compression/0.0/VCore_Total/1/VCorePlain/1/VCoreVar/0/Variants/1,3,1.226076989,4895074080,0.819571895,0.601749,0.217837,209920,0,0,59311,18,,,,,,,
Boolector/p-->v/V6/Chc/0/numPlain/9418/Compression/0.0/VCore_Total/1/VCorePlain/1/VCoreVar/0/Variants/1,1,0.379405415,1514779200,0.26315272,0.197962,6.5206e-2,209920,0,0,19349,3,,,,,,,
Boolector/p-->v/V6/Chc/0/numPlain/9418/Compression/0.0/VCore_Total/1/VCorePlain/1/VCoreVar/0/Variants/1,2,0.74494452,2974175960,0.521804357,0.392314,0.129506,209920,0,0,38696,2,,,,,,,
Boolector/p-->v/V6/Chc/0/numPlain/9418/Compression/0.0/VCore_Total/1/VCorePlain/1/VCoreVar/0/Variants/1,3,1.122881484,4483073760,0.785769057,0.592435,0.19335,209920,8,0,58043,4,,,,,,,
Boolector/p-->v/V7/Chc/0/numPlain/5872/Compression/0.0/VCore_Total/1/VCorePlain/1/VCoreVar/0/Variants/1,1,0.2136326,852936040,0.157711189,0.111761,4.5965e-2,209920,0,0,11825,2,,,,,,,
Boolector/p-->v/V7/Chc/0/numPlain/5872/Compression/0.0/VCore_Total/1/VCorePlain/1/VCoreVar/0/Variants/1,2,0.425785358,1699944440,0.315414718,0.229196,8.6233e-2,209920,0,0,23623,5,,,,,,,
Boolector/p-->v/V7/Chc/0/numPlain/5872/Compression/0.0/VCore_Total/1/VCorePlain/1/VCoreVar/0/Variants/1,3,0.652987397,2607042440,0.48980377,0.359555,0.130263,209920,10,0,35447,7,,,,,,,
Boolector/p-->v/V8/Chc/0/numPlain/5983/Compression/0.0/VCore_Total/1/VCorePlain/1/VCoreVar/0/Variants/1,1,0.207071603,826742160,0.158850428,0.117279,4.1585e-2,209920,0,0,12174,0,,,,,,,
Boolector/p-->v/V8/Chc/0/numPlain/5983/Compression/0.0/VCore_Total/1/VCorePlain/1/VCoreVar/0/Variants/1,2,0.417705886,1667689760,0.322191112,0.234034,8.8171e-2,209920,0,0,24345,0,,,,,,,
Boolector/p-->v/V8/Chc/0/numPlain/5983/Compression/0.0/VCore_Total/1/VCorePlain/1/VCoreVar/0/Variants/1,3,0.643221203,2568047480,0.495139992,0.359506,0.135649,209920,12,0,36530,2,,,,,,,
Boolector/p-->v/V9/Chc/0/numPlain/5589/Compression/0.0/VCore_Total/1/VCorePlain/1/VCoreVar/0/Variants/1,1,0.175624379,701190240,0.130380242,9.9992e-2,3.0403e-2,209920,0,0,9672,0,,,,,,,
Boolector/p-->v/V9/Chc/0/numPlain/5589/Compression/0.0/VCore_Total/1/VCorePlain/1/VCoreVar/0/Variants/1,2,0.363966058,1453134600,0.26902731,0.2068,6.2241e-2,209920,12,0,19355,2,,,,,,,
Boolector/p-->v/V9/Chc/0/numPlain/5589/Compression/0.0/VCore_Total/1/VCorePlain/1/VCoreVar/0/Variants/1,3,0.510662065,2038811480,0.37801748,0.281214,9.6818e-2,209920,0,0,29034,1,,,,,,,
Boolector/p-->v/V10/Chc/0/numPlain/5152/Compression/0.0/VCore_Total/1/VCorePlain/1/VCoreVar/0/Variants/1,1,0.133951614,534812560,9.9335487e-2,7.0422e-2,2.8928e-2,209920,0,0,8380,0,,,,,,,
Boolector/p-->v/V10/Chc/0/numPlain/5152/Compression/0.0/VCore_Total/1/VCorePlain/1/VCoreVar/0/Variants/1,2,0.270940389,1081732440,0.201391884,0.152301,4.9105e-2,209920,0,0,16755,1,,,,,,,
Boolector/p-->v/V10/Chc/0/numPlain/5152/Compression/0.0/VCore_Total/1/VCorePlain/1/VCoreVar/0/Variants/1,3,0.406275734,1622052880,0.306355082,0.222617,8.3751e-2,209920,0,0,25122,2,,,,,,,
Boolector/p-->p/V1/Chc/0/numPlain/7803/Compression/0.0/VCore_Total/1/VCorePlain/1/VCoreVar/0/Variants/1,1,0.254519301,1016168920,0.185373477,0.144229,4.1158e-2,209920,0,0,15086,1,,,,,,,
Boolector/p-->p/V1/Chc/0/numPlain/7803/Compression/0.0/VCore_Total/1/VCorePlain/1/VCoreVar/0/Variants/1,2,0.528315558,2109288720,0.378574934,0.257447,0.121142,209920,32,0,30170,4,,,,,,,
Boolector/p-->p/V1/Chc/0/numPlain/7803/Compression/0.0/VCore_Total/1/VCorePlain/1/VCoreVar/0/Variants/1,3,0.791086666,3158398200,0.5861426,0.447685,0.138473,209920,84,0,45251,1,,,,,,,
Boolector/p-->p/V2/Chc/0/numPlain/9953/Compression/0.0/VCore_Total/1/VCorePlain/1/VCoreVar/0/Variants/1,1,0.340061043,1357697960,0.241439415,0.180606,6.0849e-2,209920,0,0,19632,3,,,,,,,
Boolector/p-->p/V2/Chc/0/numPlain/9953/Compression/0.0/VCore_Total/1/VCorePlain/1/VCoreVar/0/Variants/1,2,0.699729524,2793658600,0.500719364,0.353805,0.14693,209920,0,0,39248,3,,,,,,,
Boolector/p-->p/V2/Chc/0/numPlain/9953/Compression/0.0/VCore_Total/1/VCorePlain/1/VCoreVar/0/Variants/1,3,1.068644779,4266536120,0.773416744,0.579634,0.193798,209920,32,0,58891,4,,,,,,,
Boolector/p-->p/V3/Chc/0/numPlain/5070/Compression/0.0/VCore_Total/1/VCorePlain/1/VCoreVar/0/Variants/1,1,0.143751482,573938840,0.105379411,7.5778e-2,2.9615e-2,209920,0,0,8458,0,,,,,,,
Boolector/p-->p/V3/Chc/0/numPlain/5070/Compression/0.0/VCore_Total/1/VCorePlain/1/VCoreVar/0/Variants/1,2,0.286666486,1144521000,0.210064882,0.153992,5.6087e-2,209920,18,0,16922,1,,,,,,,
Boolector/p-->p/V3/Chc/0/numPlain/5070/Compression/0.0/VCore_Total/1/VCorePlain/1/VCoreVar/0/Variants/1,3,0.429432588,1714506080,0.311516259,0.21792,9.361e-2,209920,0,0,25385,4,,,,,,,
Boolector/p-->p/V4/Chc/0/numPlain/5398/Compression/0.0/VCore_Total/1/VCorePlain/1/VCoreVar/0/Variants/1,1,0.170368333,680204960,0.122127171,9.022e-2,3.192e-2,209920,0,0,9176,0,,,,,,,
Boolector/p-->p/V4/Chc/0/numPlain/5398/Compression/0.0/VCore_Total/1/VCorePlain/1/VCoreVar/0/Variants/1,2,0.308139804,1230250120,0.220684001,0.156495,6.4204e-2,209920,0,0,18347,0,,,,,,,
Boolector/p-->p/V4/Chc/0/numPlain/5398/Compression/0.0/VCore_Total/1/VCorePlain/1/VCoreVar/0/Variants/1,3,0.470739503,1879421160,0.338739586,0.241226,9.7545e-2,209920,11,0,27526,0,,,,,,,
Boolector/p-->p/V5/Chc/0/numPlain/9525/Compression/0.0/VCore_Total/1/VCorePlain/1/VCoreVar/0/Variants/1,1,0.386396924,1542683640,0.249085914,0.188716,6.0383e-2,209920,0,0,19744,0,,,,,,,
Boolector/p-->p/V5/Chc/0/numPlain/9525/Compression/0.0/VCore_Total/1/VCorePlain/1/VCoreVar/0/Variants/1,2,0.800032281,3194106040,0.513070803,0.361409,0.151675,209920,0,0,39481,0,,,,,,,
Boolector/p-->p/V5/Chc/0/numPlain/9525/Compression/0.0/VCore_Total/1/VCorePlain/1/VCoreVar/0/Variants/1,3,1.187044626,4739229880,0.77969631,0.559701,0.220008,209920,52,0,59185,3,,,,,,,
Boolector/p-->p/V6/Chc/0/numPlain/9418/Compression/0.0/VCore_Total/1/VCorePlain/1/VCoreVar/0/Variants/1,1,0.368909223,1472873240,0.239326509,0.161858,7.7484e-2,209920,0,0,19321,1,,,,,,,
Boolector/p-->p/V6/Chc/0/numPlain/9418/Compression/0.0/VCore_Total/1/VCorePlain/1/VCoreVar/0/Variants/1,2,0.752208834,3003177440,0.490370179,0.366767,0.123618,209920,0,0,38650,2,,,,,,,
Boolector/p-->p/V6/Chc/0/numPlain/9418/Compression/0.0/VCore_Total/1/VCorePlain/1/VCoreVar/0/Variants/1,3,1.112944349,4443396680,0.728474683,0.529529,0.198961,209920,0,0,57964,3,,,,,,,
Boolector/p-->p/V7/Chc/0/numPlain/5872/Compression/0.0/VCore_Total/1/VCorePlain/1/VCoreVar/0/Variants/1,1,0.20984272,837804320,0.147750054,9.6991e-2,5.0774e-2,209920,0,0,11794,1,,,,,,,
Boolector/p-->p/V7/Chc/0/numPlain/5872/Compression/0.0/VCore_Total/1/VCorePlain/1/VCoreVar/0/Variants/1,2,0.403161429,1609618440,0.28880885,0.210631,7.8192e-2,209920,0,0,23581,1,,,,,,,
Boolector/p-->p/V7/Chc/0/numPlain/5872/Compression/0.0/VCore_Total/1/VCorePlain/1/VCoreVar/0/Variants/1,3,0.602080553,2403793600,0.433105033,0.296994,0.136132,209920,0,0,35379,1,,,,,,,
Boolector/p-->p/V8/Chc/0/numPlain/5983/Compression/0.0/VCore_Total/1/VCorePlain/1/VCoreVar/0/Variants/1,1,0.195872596,782028560,0.141689248,0.102749,3.8955e-2,209920,0,0,12169,2,,,,,,,
Boolector/p-->p/V8/Chc/0/numPlain/5983/Compression/0.0/VCore_Total/1/VCorePlain/1/VCoreVar/0/Variants/1,2,0.409235728,1633874280,0.300824018,0.206801,9.4048e-2,209920,0,0,24348,2,,,,,,,
Boolector/p-->p/V8/Chc/0/numPlain/5983/Compression/0.0/VCore_Total/1/VCorePlain/1/VCoreVar/0/Variants/1,3,0.609768365,2434490360,0.445734949,0.341858,0.103891,209920,0,0,36518,4,,,,,,,
Boolector/p-->p/V9/Chc/0/numPlain/5589/Compression/0.0/VCore_Total/1/VCorePlain/1/VCoreVar/0/Variants/1,1,0.168538091,672896720,0.116899754,9.2581e-2,2.4351e-2,209920,0,0,9675,3,,,,,,,
Boolector/p-->p/V9/Chc/0/numPlain/5589/Compression/0.0/VCore_Total/1/VCorePlain/1/VCoreVar/0/Variants/1,2,0.339836309,1356796880,0.236401048,0.177785,5.863e-2,209920,0,0,19352,0,,,,,,,
Boolector/p-->p/V9/Chc/0/numPlain/5589/Compression/0.0/VCore_Total/1/VCorePlain/1/VCoreVar/0/Variants/1,3,0.512799427,2047342040,0.355692939,0.258481,9.7225e-2,209920,0,0,29022,1,,,,,,,
Boolector/p-->p/V10/Chc/0/numPlain/5152/Compression/0.0/VCore_Total/1/VCorePlain/1/VCoreVar/0/Variants/1,1,0.134209651,535842680,9.9176633e-2,6.6812e-2,3.2379e-2,209920,0,0,8381,2,,,,,,,
Boolector/p-->p/V10/Chc/0/numPlain/5152/Compression/0.0/VCore_Total/1/VCorePlain/1/VCoreVar/0/Variants/1,2,0.262496039,1048021040,0.191286448,0.142287,4.9014e-2,209920,20,0,16744,4,,,,,,,
Boolector/p-->p/V10/Chc/0/numPlain/5152/Compression/0.0/VCore_Total/1/VCorePlain/1/VCoreVar/0/Variants/1,3,0.414155399,1653511960,0.304190272,0.219264,8.4941e-2,209920,0,0,25120,3,,,,,,,
Boolector/v-->p/V1/Chc/0/numPlain/7803/Compression/0.0/VCore_Total/1/VCorePlain/1/VCoreVar/0/Variants/1,1,0.237847871,949612000,0.200334419,0.149173,5.1176e-2,209920,0,0,15205,0,,,,,,,
Boolector/v-->p/V1/Chc/0/numPlain/7803/Compression/0.0/VCore_Total/1/VCorePlain/1/VCoreVar/0/Variants/1,2,0.478780722,1911528880,0.403347355,0.279684,0.123678,209920,2,0,30423,2,,,,,,,
Boolector/v-->p/V1/Chc/0/numPlain/7803/Compression/0.0/VCore_Total/1/VCorePlain/1/VCoreVar/0/Variants/1,3,0.724296588,2891738440,0.612812397,0.462074,0.150754,209920,0,0,45631,4,,,,,,,
Boolector/v-->p/V2/Chc/0/numPlain/9953/Compression/0.0/VCore_Total/1/VCorePlain/1/VCoreVar/0/Variants/1,1,0.326533724,1303688680,0.270386329,0.19353,7.6871e-2,209920,48,0,19760,3,,,,,,,
Boolector/v-->p/V2/Chc/0/numPlain/9953/Compression/0.0/VCore_Total/1/VCorePlain/1/VCoreVar/0/Variants/1,2,0.592018702,2363625880,0.503964314,0.371268,0.132724,209920,96,0,39515,0,,,,,,,
Boolector/v-->p/V2/Chc/0/numPlain/9953/Compression/0.0/VCore_Total/1/VCorePlain/1/VCoreVar/0/Variants/1,3,0.910687238,3635898240,0.794498642,0.603737,0.190777,209920,1444,0,59249,3,,,,,,,
Boolector/v-->p/V3/Chc/0/numPlain/5070/Compression/0.0/VCore_Total/1/VCorePlain/1/VCoreVar/0/Variants/1,1,0.132158172,527651560,0.115124101,8.4724e-2,3.0414e-2,209920,0,0,8588,0,,,,,,,
Boolector/v-->p/V3/Chc/0/numPlain/5070/Compression/0.0/VCore_Total/1/VCorePlain/1/VCoreVar/0/Variants/1,2,0.270430767,1079699880,0.231357124,0.178586,5.2784e-2,209920,0,0,17190,1,,,,,,,
Boolector/v-->p/V3/Chc/0/numPlain/5070/Compression/0.0/VCore_Total/1/VCorePlain/1/VCoreVar/0/Variants/1,3,0.398235917,1589955240,0.341344478,0.251366,8.9992e-2,209920,20,0,25784,0,,,,,,,
Boolector/v-->p/V4/Chc/0/numPlain/5398/Compression/0.0/VCore_Total/1/VCorePlain/1/VCoreVar/0/Variants/1,1,0.139603287,557373880,0.118398455,8.0137e-2,3.8276e-2,209920,0,0,9305,0,,,,,,,
Boolector/v-->p/V4/Chc/0/numPlain/5398/Compression/0.0/VCore_Total/1/VCorePlain/1/VCoreVar/0/Variants/1,2,0.286373553,1143351360,0.244823143,0.182786,6.2053e-2,209920,0,0,18612,0,,,,,,,
Boolector/v-->p/V4/Chc/0/numPlain/5398/Compression/0.0/VCore_Total/1/VCorePlain/1/VCoreVar/0/Variants/1,3,0.450369475,1798098880,0.379688443,0.268581,0.111121,209920,28,0,27919,0,,,,,,,
Boolector/v-->p/V5/Chc/0/numPlain/9525/Compression/0.0/VCore_Total/1/VCorePlain/1/VCoreVar/0/Variants/1,1,0.332565643,1327771120,0.272645035,0.183666,8.9008e-2,209920,32,0,19870,2,,,,,,,
Boolector/v-->p/V5/Chc/0/numPlain/9525/Compression/0.0/VCore_Total/1/VCorePlain/1/VCoreVar/0/Variants/1,2,0.657115474,2623520160,0.533035387,0.396874,0.136176,209920,104,0,39729,4,,,,,,,
Boolector/v-->p/V5/Chc/0/numPlain/9525/Compression/0.0/VCore_Total/1/VCorePlain/1/VCoreVar/0/Variants/1,3,0.979587074,3910975240,0.794002481,0.598496,0.195522,209920,1468,0,59569,10,,,,,,,
Boolector/v-->p/V6/Chc/0/numPlain/9418/Compression/0.0/VCore_Total/1/VCorePlain/1/VCoreVar/0/Variants/1,1,0.292141805,1166383000,0.248030469,0.174368,7.368e-2,209920,0,0,19453,1,,,,,,,
Boolector/v-->p/V6/Chc/0/numPlain/9418/Compression/0.0/VCore_Total/1/VCorePlain/1/VCoreVar/0/Variants/1,2,0.610099761,2435816440,0.506579683,0.370393,0.136202,209920,0,0,38884,4,,,,,,,
Boolector/v-->p/V6/Chc/0/numPlain/9418/Compression/0.0/VCore_Total/1/VCorePlain/1/VCoreVar/0/Variants/1,3,0.882700793,3524161920,0.751930746,0.555204,0.196743,209920,0,0,58349,3,,,,,,,
Boolector/v-->p/V7/Chc/0/numPlain/5872/Compression/0.0/VCore_Total/1/VCorePlain/1/VCoreVar/0/Variants/1,1,0.174885515,698244400,0.149047862,0.110982,3.8082e-2,209920,0,0,11925,0,,,,,,,
Boolector/v-->p/V7/Chc/0/numPlain/5872/Compression/0.0/VCore_Total/1/VCorePlain/1/VCoreVar/0/Variants/1,2,0.354393641,1414918440,0.310154138,0.225614,8.4567e-2,209920,0,0,23840,0,,,,,,,
Boolector/v-->p/V7/Chc/0/numPlain/5872/Compression/0.0/VCore_Total/1/VCorePlain/1/VCoreVar/0/Variants/1,3,0.54974322,2194844160,0.482711858,0.350649,0.132078,209920,0,0,35758,2,,,,,,,
Boolector/v-->p/V8/Chc/0/numPlain/5983/Compression/0.0/VCore_Total/1/VCorePlain/1/VCoreVar/0/Variants/1,1,0.185408387,740255560,0.162753195,0.102552,6.0216e-2,209920,0,0,12307,0,,,,,,,
Boolector/v-->p/V8/Chc/0/numPlain/5983/Compression/0.0/VCore_Total/1/VCorePlain/1/VCoreVar/0/Variants/1,2,0.374559142,1495431280,0.321155452,0.25327,6.7901e-2,209920,0,0,24612,0,,,,,,,
Boolector/v-->p/V8/Chc/0/numPlain/5983/Compression/0.0/VCore_Total/1/VCorePlain/1/VCoreVar/0/Variants/1,3,0.559562013,2234042480,0.484062153,0.361512,0.122566,209920,0,0,36915,0,,,,,,,
Boolector/v-->p/V9/Chc/0/numPlain/5589/Compression/0.0/VCore_Total/1/VCorePlain/1/VCoreVar/0/Variants/1,1,0.153095679,611231720,0.131546168,9.7024e-2,3.4535e-2,209920,0,0,9807,0,,,,,,,
Boolector/v-->p/V9/Chc/0/numPlain/5589/Compression/0.0/VCore_Total/1/VCorePlain/1/VCoreVar/0/Variants/1,2,0.312210013,1246490520,0.26674267,0.211056,5.5698e-2,209920,0,0,19612,0,,,,,,,
Boolector/v-->p/V9/Chc/0/numPlain/5589/Compression/0.0/VCore_Total/1/VCorePlain/1/VCoreVar/0/Variants/1,3,0.468667223,1871139400,0.405651114,0.310841,9.4822e-2,209920,0,0,29418,1,,,,,,,
Boolector/v-->p/V10/Chc/0/numPlain/5152/Compression/0.0/VCore_Total/1/VCorePlain/1/VCoreVar/0/Variants/1,1,0.134064798,535262320,0.115705642,9.1651e-2,2.407e-2,209920,0,0,8501,0,,,,,,,
Boolector/v-->p/V10/Chc/0/numPlain/5152/Compression/0.0/VCore_Total/1/VCorePlain/1/VCoreVar/0/Variants/1,2,0.284295914,1135057360,0.230235451,0.178014,5.2236e-2,209920,0,0,16988,2,,,,,,,
Boolector/v-->p/V10/Chc/0/numPlain/5152/Compression/0.0/VCore_Total/1/VCorePlain/1/VCoreVar/0/Variants/1,3,0.444142518,1773237040,0.362462112,0.270899,9.1577e-2,209920,0,0,25493,0,,,,,,,
Z3/v-->v/V1/Chc/0/numPlain/7803/Compression/0.0/VCore_Total/1/VCorePlain/1/VCoreVar/0/Variants/1,1,0.411010306,1640954600,0.366421755,0.270456,9.598e-2,209920,0,0,29596,1,,,,,,,
Z3/v-->v/V1/Chc/0/numPlain/7803/Compression/0.0/VCore_Total/1/VCorePlain/1/VCoreVar/0/Variants/1,2,0.817497399,3263836880,0.726936344,0.514223,0.212727,209920,1924,0,59186,2,,,,,,,
Z3/v-->v/V1/Chc/0/numPlain/7803/Compression/0.0/VCore_Total/1/VCorePlain/1/VCoreVar/0/Variants/1,3,1.217412243,4860475920,1.086775453,0.787714,0.299075,209920,1924,0,88778,2,,,,,,,
Z3/v-->v/V2/Chc/0/numPlain/9953/Compression/0.0/VCore_Total/1/VCorePlain/1/VCoreVar/0/Variants/1,1,0.477031913,1904542560,0.442752581,0.324455,0.118311,209920,0,0,32612,0,,,,,,,
Z3/v-->v/V2/Chc/0/numPlain/9953/Compression/0.0/VCore_Total/1/VCorePlain/1/VCoreVar/0/Variants/1,2,0.934175678,3729671800,0.862254165,0.639899,0.22237,209920,2212,0,65229,1,,,,,,,
Z3/v-->v/V2/Chc/0/numPlain/9953/Compression/0.0/VCore_Total/1/VCorePlain/1/VCoreVar/0/Variants/1,3,1.408652361,5623993720,1.299204696,0.985204,0.314014,209920,2140,0,97839,3,,,,,,,
Z3/v-->v/V3/Chc/0/numPlain/5070/Compression/0.0/VCore_Total/1/VCorePlain/1/VCoreVar/0/Variants/1,1,0.323326434,1290881440,0.308933238,0.226556,8.2392e-2,209920,0,0,24554,0,,,,,,,
Z3/v-->v/V3/Chc/0/numPlain/5070/Compression/0.0/VCore_Total/1/VCorePlain/1/VCoreVar/0/Variants/1,2,0.646323736,2580430040,0.620365893,0.445531,0.174848,209920,781,0,49105,1,,,,,,,
Z3/v-->v/V3/Chc/0/numPlain/5070/Compression/0.0/VCore_Total/1/VCorePlain/1/VCoreVar/0/Variants/1,3,0.97601671,3896713560,0.939973026,0.71026,0.229727,209920,891,0,73678,4,,,,,,,
Z3/v-->v/V4/Chc/0/numPlain/5398/Compression/0.0/VCore_Total/1/VCorePlain/1/VCoreVar/0/Variants/1,1,0.366013992,1461309040,0.331822094,0.243206,8.8631e-2,209920,0,0,25080,2,,,,,,,
Z3/v-->v/V4/Chc/0/numPlain/5398/Compression/0.0/VCore_Total/1/VCorePlain/1/VCoreVar/0/Variants/1,2,0.692947771,2766574600,0.645191724,0.468595,0.17661,209920,457,0,50174,5,,,,,,,
Z3/v-->v/V4/Chc/0/numPlain/5398/Compression/0.0/VCore_Total/1/VCorePlain/1/VCoreVar/0/Variants/1,3,0.991536768,3958679120,0.950896795,0.705159,0.245752,209920,417,0,75252,0,,,,,,,
Z3/v-->v/V5/Chc/0/numPlain/9525/Compression/0.0/VCore_Total/1/VCorePlain/1/VCoreVar/0/Variants/1,1,0.482483037,1926307880,0.416737652,0.288982,0.127771,209920,11,0,34631,1,,,,,,,
Z3/v-->v/V5/Chc/0/numPlain/9525/Compression/0.0/VCore_Total/1/VCorePlain/1/VCoreVar/0/Variants/1,2,0.995476249,3974408800,0.844044001,0.607153,0.236904,209920,1252,0,69266,2,,,,,,,
Z3/v-->v/V5/Chc/0/numPlain/9525/Compression/0.0/VCore_Total/1/VCorePlain/1/VCoreVar/0/Variants/1,3,1.475819159,5892155640,1.257645103,0.922001,0.335658,209920,1280,0,103872,5,,,,,,,
Z3/v-->v/V6/Chc/0/numPlain/9418/Compression/0.0/VCore_Total/1/VCorePlain/1/VCoreVar/0/Variants/1,1,0.493775179,1971392000,0.433336153,0.329149,0.104203,209920,0,0,33787,5,,,,,,,
Z3/v-->v/V6/Chc/0/numPlain/9418/Compression/0.0/VCore_Total/1/VCorePlain/1/VCoreVar/0/Variants/1,2,1.010133239,4032926480,0.892049617,0.641981,0.250083,209920,1412,0,67567,3,,,,,,,
Z3/v-->v/V6/Chc/0/numPlain/9418/Compression/0.0/VCore_Total/1/VCorePlain/1/VCoreVar/0/Variants/1,3,1.42842406,5702932760,1.272234437,0.947682,0.324566,209920,1536,0,101372,3,,,,,,,
Z3/v-->v/V7/Chc/0/numPlain/5872/Compression/0.0/VCore_Total/1/VCorePlain/1/VCoreVar/0/Variants/1,1,0.365017542,1457331840,0.327927911,0.237816,9.0126e-2,209920,0,0,27103,1,,,,,,,
Z3/v-->v/V7/Chc/0/numPlain/5872/Compression/0.0/VCore_Total/1/VCorePlain/1/VCoreVar/0/Variants/1,2,0.755433117,3016045280,0.669377524,0.485954,0.183437,209920,1002,0,54190,3,,,,,,,
Z3/v-->v/V7/Chc/0/numPlain/5872/Compression/0.0/VCore_Total/1/VCorePlain/1/VCoreVar/0/Variants/1,3,1.14511136,4571820080,1.015417505,0.710227,0.305205,209920,438,0,81282,3,,,,,,,
Z3/v-->v/V8/Chc/0/numPlain/5983/Compression/0.0/VCore_Total/1/VCorePlain/1/VCoreVar/0/Variants/1,1,0.387861597,1548533560,0.360321095,0.271336,8.8999e-2,209920,0,0,27387,3,,,,,,,
Z3/v-->v/V8/Chc/0/numPlain/5983/Compression/0.0/VCore_Total/1/VCorePlain/1/VCoreVar/0/Variants/1,2,0.785784063,3137222120,0.720163722,0.546808,0.173369,209920,870,0,54799,5,,,,,,,
Z3/v-->v/V8/Chc/0/numPlain/5983/Compression/0.0/VCore_Total/1/VCorePlain/1/VCoreVar/0/Variants/1,3,1.180958414,4714936080,1.078972327,0.813645,0.265342,209920,1130,0,82177,8,,,,,,,
Z3/v-->v/V9/Chc/0/numPlain/5589/Compression/0.0/VCore_Total/1/VCorePlain/1/VCoreVar/0/Variants/1,1,0.371925995,1484910880,0.338763806,0.252167,8.6612e-2,209920,0,0,25728,1,,,,,,,
Z3/v-->v/V9/Chc/0/numPlain/5589/Compression/0.0/VCore_Total/1/VCorePlain/1/VCoreVar/0/Variants/1,2,0.747555897,2984599400,0.674564188,0.47884,0.195741,209920,633,0,51464,1,,,,,,,
Z3/v-->v/V9/Chc/0/numPlain/5589/Compression/0.0/VCore_Total/1/VCorePlain/1/VCoreVar/0/Variants/1,3,1.098172151,4384419680,0.979070305,0.71775,0.261335,209920,44,0,77198,6,,,,,,,
Z3/v-->v/V10/Chc/0/numPlain/5152/Compression/0.0/VCore_Total/1/VCorePlain/1/VCoreVar/0/Variants/1,1,0.359449228,1435101360,0.313736731,0.221247,9.2504e-2,209920,7,0,24626,3,,,,,,,
Z3/v-->v/V10/Chc/0/numPlain/5152/Compression/0.0/VCore_Total/1/VCorePlain/1/VCoreVar/0/Variants/1,2,0.679167865,2711561400,0.610449536,0.418705,0.191759,209920,131,0,49268,4,,,,,,,
Z3/v-->v/V10/Chc/0/numPlain/5152/Compression/0.0/VCore_Total/1/VCorePlain/1/VCoreVar/0/Variants/1,3,1.032838712,4123574320,0.921351576,0.656493,0.264872,209920,20,0,73864,3,,,,,,,
Z3/p-->v/V1/Chc/0/numPlain/7803/Compression/0.0/VCore_Total/1/VCorePlain/1/VCoreVar/0/Variants/1,1,0.236784555,945371720,0.202596337,0.150657,5.1961e-2,209920,0,0,15088,0,,,,,,,
Z3/p-->v/V1/Chc/0/numPlain/7803/Compression/0.0/VCore_Total/1/VCorePlain/1/VCoreVar/0/Variants/1,2,0.52439886,2093657800,0.441710026,0.351734,8.9992e-2,209920,0,0,30176,2,,,,,,,
Z3/p-->v/V1/Chc/0/numPlain/7803/Compression/0.0/VCore_Total/1/VCorePlain/1/VCoreVar/0/Variants/1,3,0.726992575,2902504800,0.628681902,0.462005,0.166691,209920,8,0,45305,1,,,,,,,
Z3/p-->v/V2/Chc/0/numPlain/9953/Compression/0.0/VCore_Total/1/VCorePlain/1/VCoreVar/0/Variants/1,1,0.326184445,1302293040,0.285773651,0.213813,7.1975e-2,209920,0,0,19638,0,,,,,,,
Z3/p-->v/V2/Chc/0/numPlain/9953/Compression/0.0/VCore_Total/1/VCorePlain/1/VCoreVar/0/Variants/1,2,0.649630755,2593636120,0.567650494,0.440489,0.127175,209920,0,0,39267,0,,,,,,,
Z3/p-->v/V2/Chc/0/numPlain/9953/Compression/0.0/VCore_Total/1/VCorePlain/1/VCoreVar/0/Variants/1,3,0.975470338,3894539840,0.856403484,0.646014,0.210405,209920,0,0,58927,2,,,,,,,
Z3/p-->v/V3/Chc/0/numPlain/5070/Compression/0.0/VCore_Total/1/VCorePlain/1/VCoreVar/0/Variants/1,1,0.136148539,543583320,0.111819331,7.3334e-2,3.8499e-2,209920,0,0,8486,0,,,,,,,
Z3/p-->v/V3/Chc/0/numPlain/5070/Compression/0.0/VCore_Total/1/VCorePlain/1/VCoreVar/0/Variants/1,2,0.27475714,1096975360,0.225365853,0.160557,6.4824e-2,209920,0,0,16969,1,,,,,,,
Z3/p-->v/V3/Chc/0/numPlain/5070/Compression/0.0/VCore_Total/1/VCorePlain/1/VCoreVar/0/Variants/1,3,0.406894732,1624525400,0.334260524,0.236231,9.8043e-2,209920,0,0,25447,1,,,,,,,
Z3/p-->v/V4/Chc/0/numPlain/5398/Compression/0.0/VCore_Total/1/VCorePlain/1/VCoreVar/0/Variants/1,1,0.149564268,597146440,0.123013908,8.9587e-2,3.3442e-2,209920,0,0,9193,2,,,,,,,
Z3/p-->v/V4/Chc/0/numPlain/5398/Compression/0.0/VCore_Total/1/VCorePlain/1/VCoreVar/0/Variants/1,2,0.302610183,1208172640,0.246243832,0.185611,6.0647e-2,209920,0,0,18392,3,,,,,,,
Z3/p-->v/V4/Chc/0/numPlain/5398/Compression/0.0/VCore_Total/1/VCorePlain/1/VCoreVar/0/Variants/1,3,0.445723561,1779548320,0.361224038,0.265241,9.5996e-2,209920,0,0,27577,1,,,,,,,
Z3/p-->v/V5/Chc/0/numPlain/9525/Compression/0.0/VCore_Total/1/VCorePlain/1/VCoreVar/0/Variants/1,1,0.315220321,1258522360,0.265131819,0.200749,6.4398e-2,209920,0,0,19763,0,,,,,,,
Z3/p-->v/V5/Chc/0/numPlain/9525/Compression/0.0/VCore_Total/1/VCorePlain/1/VCoreVar/0/Variants/1,2,0.647813867,2586385680,0.543343928,0.407698,0.135661,209920,0,0,39528,3,,,,,,,
Z3/p-->v/V5/Chc/0/numPlain/9525/Compression/0.0/VCore_Total/1/VCorePlain/1/VCoreVar/0/Variants/1,3,1.012894949,4043955840,0.859397809,0.664505,0.194907,209920,22,0,59278,3,,,,,,,
Z3/p-->v/V6/Chc/0/numPlain/9418/Compression/0.0/VCore_Total/1/VCorePlain/1/VCoreVar/0/Variants/1,1,0.313651933,1252260640,0.261180742,0.187751,7.3445e-2,209920,2,0,19338,3,,,,,,,
Z3/p-->v/V6/Chc/0/numPlain/9418/Compression/0.0/VCore_Total/1/VCorePlain/1/VCoreVar/0/Variants/1,2,0.632549781,2525445360,0.526589677,0.379607,0.146998,209920,0,0,38682,5,,,,,,,
Z3/p-->v/V6/Chc/0/numPlain/9418/Compression/0.0/VCore_Total/1/VCorePlain/1/VCoreVar/0/Variants/1,3,0.956425792,3818502200,0.798352605,0.609302,0.189066,209920,22,0,58024,3,,,,,,,
Z3/p-->v/V7/Chc/0/numPlain/5872/Compression/0.0/VCore_Total/1/VCorePlain/1/VCoreVar/0/Variants/1,1,0.179897099,718248600,0.149257909,0.101979,4.7294e-2,209920,0,0,11821,0,,,,,,,
Z3/p-->v/V7/Chc/0/numPlain/5872/Compression/0.0/VCore_Total/1/VCorePlain/1/VCoreVar/0/Variants/1,2,0.373742331,1492166560,0.309436746,0.225682,8.377e-2,209920,0,0,23640,0,,,,,,,
Z3/p-->v/V7/Chc/0/numPlain/5872/Compression/0.0/VCore_Total/1/VCorePlain/1/VCoreVar/0/Variants/1,3,0.56240169,2245378360,0.469790367,0.338894,0.130911,209920,0,0,35466,3,,,,,,,
Z3/p-->v/V8/Chc/0/numPlain/5983/Compression/0.0/VCore_Total/1/VCorePlain/1/VCoreVar/0/Variants/1,1,0.194318494,775823080,0.160735288,0.117883,4.2866e-2,209920,0,0,12180,2,,,,,,,
Z3/p-->v/V8/Chc/0/numPlain/5983/Compression/0.0/VCore_Total/1/VCorePlain/1/VCoreVar/0/Variants/1,2,0.39265043,1567655760,0.320508836,0.235677,8.4847e-2,209920,0,0,24356,4,,,,,,,
Z3/p-->v/V8/Chc/0/numPlain/5983/Compression/0.0/VCore_Total/1/VCorePlain/1/VCoreVar/0/Variants/1,3,0.584412713,2333260480,0.489138099,0.364182,0.124971,209920,0,0,36531,0,,,,,,,
Z3/p-->v/V9/Chc/0/numPlain/5589/Compression/0.0/VCore_Total/1/VCorePlain/1/VCoreVar/0/Variants/1,1,0.156026438,622945880,0.128491301,9.0714e-2,3.7792e-2,209920,0,0,9677,0,,,,,,,
Z3/p-->v/V9/Chc/0/numPlain/5589/Compression/0.0/VCore_Total/1/VCorePlain/1/VCoreVar/0/Variants/1,2,0.319509403,1275646480,0.26732416,0.197391,6.9947e-2,209920,0,0,19360,1,,,,,,,
Z3/p-->v/V9/Chc/0/numPlain/5589/Compression/0.0/VCore_Total/1/VCorePlain/1/VCoreVar/0/Variants/1,3,0.473636678,1891001280,0.389125647,0.303614,8.5525e-2,209920,0,0,29033,2,,,,,,,
Z3/p-->v/V10/Chc/0/numPlain/5152/Compression/0.0/VCore_Total/1/VCorePlain/1/VCoreVar/0/Variants/1,1,0.131921335,526707720,9.9921968e-2,7.0915e-2,2.9022e-2,209920,0,0,8377,2,,,,,,,
Z3/p-->v/V10/Chc/0/numPlain/5152/Compression/0.0/VCore_Total/1/VCorePlain/1/VCoreVar/0/Variants/1,2,0.271734998,1084908240,0.207296549,0.14284,6.4471e-2,209920,0,0,16759,4,,,,,,,
Z3/p-->v/V10/Chc/0/numPlain/5152/Compression/0.0/VCore_Total/1/VCorePlain/1/VCoreVar/0/Variants/1,3,0.406786628,1624092840,0.309631293,0.227476,8.2169e-2,209920,0,0,25141,5,,,,,,,
Z3/p-->p/V1/Chc/0/numPlain/7803/Compression/0.0/VCore_Total/1/VCorePlain/1/VCoreVar/0/Variants/1,1,0.249257354,995163080,0.190541946,0.138561,5.1994e-2,209920,0,0,15088,2,,,,,,,
Z3/p-->p/V1/Chc/0/numPlain/7803/Compression/0.0/VCore_Total/1/VCorePlain/1/VCoreVar/0/Variants/1,2,0.495174609,1976977560,0.382648621,0.28824,9.4422e-2,209920,32,0,30177,1,,,,,,,
Z3/p-->p/V1/Chc/0/numPlain/7803/Compression/0.0/VCore_Total/1/VCorePlain/1/VCoreVar/0/Variants/1,3,0.759893632,3033860120,0.58589349,0.41427,0.17164,209920,82,0,45269,3,,,,,,,
Z3/p-->p/V2/Chc/0/numPlain/9953/Compression/0.0/VCore_Total/1/VCorePlain/1/VCoreVar/0/Variants/1,1,0.329169456,1314213200,0.253302903,0.163975,8.9343e-2,209920,0,0,19635,1,,,,,,,
Z3/p-->p/V2/Chc/0/numPlain/9953/Compression/0.0/VCore_Total/1/VCorePlain/1/VCoreVar/0/Variants/1,2,0.630872749,2518745960,0.488875417,0.360489,0.128401,209920,0,0,39267,1,,,,,,,
Z3/p-->p/V2/Chc/0/numPlain/9953/Compression/0.0/VCore_Total/1/VCorePlain/1/VCoreVar/0/Variants/1,3,0.994956489,3972336960,0.792280465,0.586507,0.205787,209920,0,0,58887,0,,,,,,,
Z3/p-->p/V3/Chc/0/numPlain/5070/Compression/0.0/VCore_Total/1/VCorePlain/1/VCoreVar/0/Variants/1,1,0.13536428,540449240,0.105052664,7.6075e-2,2.8992e-2,209920,0,0,8470,0,,,,,,,
Z3/p-->p/V3/Chc/0/numPlain/5070/Compression/0.0/VCore_Total/1/VCorePlain/1/VCoreVar/0/Variants/1,2,0.267072072,1066291080,0.206936902,0.14755,5.9401e-2,209920,0,0,16929,0,,,,,,,
Z3/p-->p/V3/Chc/0/numPlain/5070/Compression/0.0/VCore_Total/1/VCorePlain/1/VCoreVar/0/Variants/1,3,0.40450309,1614977080,0.313255663,0.23964,7.363e-2,209920,0,0,25397,0,,,,,,,
Z3/p-->p/V4/Chc/0/numPlain/5398/Compression/0.0/VCore_Total/1/VCorePlain/1/VCoreVar/0/Variants/1,1,0.142301146,568147720,0.110520301,6.9387e-2,4.1156e-2,209920,0,0,9181,0,,,,,,,
Z3/p-->p/V4/Chc/0/numPlain/5398/Compression/0.0/VCore_Total/1/VCorePlain/1/VCoreVar/0/Variants/1,2,0.290199791,1158623680,0.22410627,0.169061,5.5062e-2,209920,0,0,18355,1,,,,,,,
Z3/p-->p/V4/Chc/0/numPlain/5398/Compression/0.0/VCore_Total/1/VCorePlain/1/VCoreVar/0/Variants/1,3,0.443609452,1771109000,0.346608641,0.251167,9.5455e-2,209920,0,0,27530,3,,,,,,,
Z3/p-->p/V5/Chc/0/numPlain/9525/Compression/0.0/VCore_Total/1/VCorePlain/1/VCoreVar/0/Variants/1,1,0.310292946,1238841520,0.23608896,0.181975,5.4128e-2,209920,0,0,19742,7,,,,,,,
Z3/p-->p/V5/Chc/0/numPlain/9525/Compression/0.0/VCore_Total/1/VCorePlain/1/VCoreVar/0/Variants/1,2,0.647199908,2583929080,0.494233135,0.376097,0.118149,209920,0,0,39490,4,,,,,,,
Z3/p-->p/V5/Chc/0/numPlain/9525/Compression/0.0/VCore_Total/1/VCorePlain/1/VCoreVar/0/Variants/1,3,0.994924378,3972200720,0.753966324,0.535578,0.2184,209920,58,0,59227,6,,,,,,,
Z3/p-->p/V6/Chc/0/numPlain/9418/Compression/0.0/VCore_Total/1/VCorePlain/1/VCoreVar/0/Variants/1,1,0.319922873,1277296400,0.254113102,0.186293,6.7835e-2,209920,0,0,19323,0,,,,,,,
Z3/p-->p/V6/Chc/0/numPlain/9418/Compression/0.0/VCore_Total/1/VCorePlain/1/VCoreVar/0/Variants/1,2,0.649256709,2592145640,0.519777244,0.35718,0.162611,209920,0,0,38637,2,,,,,,,
Z3/p-->p/V6/Chc/0/numPlain/9418/Compression/0.0/VCore_Total/1/VCorePlain/1/VCoreVar/0/Variants/1,3,0.990745806,3955525560,0.763076106,0.559449,0.203641,209920,0,0,57977,0,,,,,,,
Z3/p-->p/V7/Chc/0/numPlain/5872/Compression/0.0/VCore_Total/1/VCorePlain/1/VCoreVar/0/Variants/1,1,0.180360864,720097120,0.141906401,9.8032e-2,4.3887e-2,209920,0,0,11796,0,,,,,,,
Z3/p-->p/V7/Chc/0/numPlain/5872/Compression/0.0/VCore_Total/1/VCorePlain/1/VCoreVar/0/Variants/1,2,0.376575717,1503474800,0.296385894,0.215088,8.1311e-2,209920,0,0,23595,0,,,,,,,
Z3/p-->p/V7/Chc/0/numPlain/5872/Compression/0.0/VCore_Total/1/VCorePlain/1/VCoreVar/0/Variants/1,3,0.576556863,2301890960,0.457666038,0.326998,0.130681,209920,0,0,35386,1,,,,,,,
Z3/p-->p/V8/Chc/0/numPlain/5983/Compression/0.0/VCore_Total/1/VCorePlain/1/VCoreVar/0/Variants/1,1,0.194448991,776342800,0.152391337,0.123197,2.9208e-2,209920,0,0,12179,1,,,,,,,
Z3/p-->p/V8/Chc/0/numPlain/5983/Compression/0.0/VCore_Total/1/VCorePlain/1/VCoreVar/0/Variants/1,2,0.384613419,1535562560,0.301850402,0.211602,9.0276e-2,209920,0,0,24360,0,,,,,,,
Z3/p-->p/V8/Chc/0/numPlain/5983/Compression/0.0/VCore_Total/1/VCorePlain/1/VCoreVar/0/Variants/1,3,0.596369339,2380993720,0.474154322,0.323536,0.150633,209920,0,0,36539,4,,,,,,,
Z3/p-->p/V9/Chc/0/numPlain/5589/Compression/0.0/VCore_Total/1/VCorePlain/1/VCoreVar/0/Variants/1,1,0.153816279,614124120,0.118942935,8.4068e-2,3.4891e-2,209920,0,0,9681,0,,,,,,,
Z3/p-->p/V9/Chc/0/numPlain/5589/Compression/0.0/VCore_Total/1/VCorePlain/1/VCoreVar/0/Variants/1,2,0.307863633,1229148600,0.238578527,0.162186,7.6407e-2,209920,0,0,19357,2,,,,,,,
Z3/p-->p/V9/Chc/0/numPlain/5589/Compression/0.0/VCore_Total/1/VCorePlain/1/VCoreVar/0/Variants/1,3,0.448713782,1791488560,0.345731122,0.249324,9.6422e-2,209920,0,0,29029,0,,,,,,,
Z3/p-->p/V10/Chc/0/numPlain/5152/Compression/0.0/VCore_Total/1/VCorePlain/1/VCoreVar/0/Variants/1,1,0.145121636,579407760,0.11108759,7.9832e-2,3.127e-2,209920,0,0,8383,2,,,,,,,
Z3/p-->p/V10/Chc/0/numPlain/5152/Compression/0.0/VCore_Total/1/VCorePlain/1/VCoreVar/0/Variants/1,2,0.271247719,1082961400,0.20934076,0.154576,5.4777e-2,209920,0,0,16763,1,,,,,,,
Z3/p-->p/V10/Chc/0/numPlain/5152/Compression/0.0/VCore_Total/1/VCorePlain/1/VCoreVar/0/Variants/1,3,0.406755219,1623967360,0.313496041,0.227356,8.6155e-2,209920,0,0,25146,0,,,,,,,
Z3/v-->p/V1/Chc/0/numPlain/7803/Compression/0.0/VCore_Total/1/VCorePlain/1/VCoreVar/0/Variants/1,1,0.264817588,1057289160,0.207504011,0.164237,4.3283e-2,209920,0,0,15225,2,,,,,,,
Z3/v-->p/V1/Chc/0/numPlain/7803/Compression/0.0/VCore_Total/1/VCorePlain/1/VCoreVar/0/Variants/1,2,0.535756515,2138998840,0.42331159,0.312537,0.110791,209920,4,0,30439,1,,,,,,,
Z3/v-->p/V1/Chc/0/numPlain/7803/Compression/0.0/VCore_Total/1/VCorePlain/1/VCoreVar/0/Variants/1,3,0.80278255,3205089280,0.630790721,0.474028,0.156778,209920,6,0,45658,3,,,,,,,
Z3/v-->p/V2/Chc/0/numPlain/9953/Compression/0.0/VCore_Total/1/VCorePlain/1/VCoreVar/0/Variants/1,1,0.329998921,1317530040,0.261790943,0.175029,8.6778e-2,209920,6,0,19769,3,,,,,,,
Z3/v-->p/V2/Chc/0/numPlain/9953/Compression/0.0/VCore_Total/1/VCorePlain/1/VCoreVar/0/Variants/1,2,0.668517794,2669046040,0.520780054,0.390426,0.130368,209920,42,0,39530,2,,,,,,,
Z3/v-->p/V2/Chc/0/numPlain/9953/Compression/0.0/VCore_Total/1/VCorePlain/1/VCoreVar/0/Variants/1,3,0.970160352,3873342200,0.76923188,0.575961,0.193289,209920,78,0,59289,2,,,,,,,
Z3/v-->p/V3/Chc/0/numPlain/5070/Compression/0.0/VCore_Total/1/VCorePlain/1/VCoreVar/0/Variants/1,1,0.142102471,567355480,0.11470947,8.709e-2,2.7633e-2,209920,0,0,8599,0,,,,,,,
Z3/v-->p/V3/Chc/0/numPlain/5070/Compression/0.0/VCore_Total/1/VCorePlain/1/VCoreVar/0/Variants/1,2,0.291967656,1165685840,0.236159821,0.171647,6.4526e-2,209920,0,0,17201,2,,,,,,,
Z3/v-->p/V3/Chc/0/numPlain/5070/Compression/0.0/VCore_Total/1/VCorePlain/1/VCoreVar/0/Variants/1,3,0.439426412,1754407720,0.35761392,0.253479,0.10415,209920,0,0,25798,2,,,,,,,
Z3/v-->p/V4/Chc/0/numPlain/5398/Compression/0.0/VCore_Total/1/VCorePlain/1/VCoreVar/0/Variants/1,1,0.155059134,619085880,0.1248719,8.8505e-2,3.638e-2,209920,0,0,9312,1,,,,,,,
Z3/v-->p/V4/Chc/0/numPlain/5398/Compression/0.0/VCore_Total/1/VCorePlain/1/VCoreVar/0/Variants/1,2,0.328168077,1310215960,0.271913442,0.199183,7.2746e-2,209920,0,0,18625,0,,,,,,,
Z3/v-->p/V4/Chc/0/numPlain/5398/Compression/0.0/VCore_Total/1/VCorePlain/1/VCoreVar/0/Variants/1,3,0.485030742,1936481000,0.399676424,0.292289,0.107401,209920,0,0,27931,1,,,,,,,
Z3/v-->p/V5/Chc/0/numPlain/9525/Compression/0.0/VCore_Total/1/VCorePlain/1/VCoreVar/0/Variants/1,1,0.330930299,1321241000,0.25925748,0.188766,7.0506e-2,209920,4,0,19873,2,,,,,,,
Z3/v-->p/V5/Chc/0/numPlain/9525/Compression/0.0/VCore_Total/1/VCorePlain/1/VCoreVar/0/Variants/1,2,0.660609005,2637466360,0.516357953,0.384534,0.131838,209920,40,0,39750,7,,,,,,,
Z3/v-->p/V5/Chc/0/numPlain/9525/Compression/0.0/VCore_Total/1/VCorePlain/1/VCoreVar/0/Variants/1,3,1.021343046,4077684880,0.799809198,0.577705,0.22212,209920,76,0,59629,5,,,,,,,
Z3/v-->p/V6/Chc/0/numPlain/9418/Compression/0.0/VCore_Total/1/VCorePlain/1/VCoreVar/0/Variants/1,1,0.332401473,1327112040,0.272574436,0.190641,8.1948e-2,209920,8,0,19457,0,,,,,,,
Z3/v-->p/V6/Chc/0/numPlain/9418/Compression/0.0/VCore_Total/1/VCorePlain/1/VCoreVar/0/Variants/1,2,0.668304672,2668191200,0.540403576,0.398687,0.141731,209920,24,0,38911,2,,,,,,,
Z3/v-->p/V6/Chc/0/numPlain/9418/Compression/0.0/VCore_Total/1/VCorePlain/1/VCoreVar/0/Variants/1,3,0.993230994,3965448760,0.787931733,0.595155,0.192791,209920,42,0,58370,2,,,,,,,
Z3/v-->p/V7/Chc/0/numPlain/5872/Compression/0.0/VCore_Total/1/VCorePlain/1/VCoreVar/0/Variants/1,1,0.1929112,770208600,0.155527461,0.115302,4.0244e-2,209920,0,0,11925,0,,,,,,,
Z3/v-->p/V7/Chc/0/numPlain/5872/Compression/0.0/VCore_Total/1/VCorePlain/1/VCoreVar/0/Variants/1,2,0.390337056,1558421360,0.313772498,0.244545,6.9242e-2,209920,0,0,23858,1,,,,,,,
Z3/v-->p/V7/Chc/0/numPlain/5872/Compression/0.0/VCore_Total/1/VCorePlain/1/VCoreVar/0/Variants/1,3,0.579516647,2313714640,0.466745412,0.350345,0.116416,209920,0,0,35777,0,,,,,,,
Z3/v-->p/V8/Chc/0/numPlain/5983/Compression/0.0/VCore_Total/1/VCorePlain/1/VCoreVar/0/Variants/1,1,0.205136283,819017280,0.167989628,0.117092,5.0913e-2,209920,0,0,12313,0,,,,,,,
Z3/v-->p/V8/Chc/0/numPlain/5983/Compression/0.0/VCore_Total/1/VCorePlain/1/VCoreVar/0/Variants/1,2,0.411236883,1641864160,0.333953833,0.245258,8.8726e-2,209920,0,0,24627,0,,,,,,,
Z3/v-->p/V8/Chc/0/numPlain/5983/Compression/0.0/VCore_Total/1/VCorePlain/1/VCoreVar/0/Variants/1,3,0.637578458,2545522320,0.502380942,0.379397,0.123014,209920,0,0,36933,3,,,,,,,
Z3/v-->p/V9/Chc/0/numPlain/5589/Compression/0.0/VCore_Total/1/VCorePlain/1/VCoreVar/0/Variants/1,1,0.165241653,659723600,0.132523042,9.6185e-2,3.635e-2,209920,0,0,9817,0,,,,,,,
Z3/v-->p/V9/Chc/0/numPlain/5589/Compression/0.0/VCore_Total/1/VCorePlain/1/VCoreVar/0/Variants/1,2,0.330389838,1319073000,0.266563408,0.20766,5.8915e-2,209920,0,0,19618,3,,,,,,,
Z3/v-->p/V9/Chc/0/numPlain/5589/Compression/0.0/VCore_Total/1/VCorePlain/1/VCoreVar/0/Variants/1,3,0.487122739,1944820360,0.398326272,0.299021,9.9316e-2,209920,0,0,29431,0,,,,,,,
Z3/v-->p/V10/Chc/0/numPlain/5152/Compression/0.0/VCore_Total/1/VCorePlain/1/VCoreVar/0/Variants/1,1,0.144708237,577759400,0.122195226,9.0293e-2,3.1917e-2,209920,0,0,8501,0,,,,,,,
Z3/v-->p/V10/Chc/0/numPlain/5152/Compression/0.0/VCore_Total/1/VCorePlain/1/VCoreVar/0/Variants/1,2,0.288347758,1151232760,0.238692553,0.17892,5.9786e-2,209920,0,0,17005,0,,,,,,,
Z3/v-->p/V10/Chc/0/numPlain/5152/Compression/0.0/VCore_Total/1/VCorePlain/1/VCoreVar/0/Variants/1,3,0.440525604,1758798800,0.371866553,0.286202,8.5678e-2,209920,0,0,25500,0,,,,,,,
