shared_,scale_,numTerms_,numChc_,numPlain_,numSharedDims_,numSharedPlain_,maxShared_
Unique,0,1,0,1,0,0,0
shared_,scale_,numTerms_,numChc_,numPlain_,numSharedDims_,numSharedPlain_,maxShared_
Shared,0,1,0,1,0,0,0
shared_,scale_,numTerms_,numChc_,numPlain_,numSharedDims_,numSharedPlain_,maxShared_
Unique,0,1,0,1,0,0,0
shared_,scale_,numTerms_,numChc_,numPlain_,numSharedDims_,numSharedPlain_,maxShared_
Shared,0,1,0,1,0,0,0
shared_,scale_,numTerms_,numChc_,numPlain_,numSharedDims_,numSharedPlain_,maxShared_
Unique,0,1,0,1,0,0,0
shared_,scale_,numTerms_,numChc_,numPlain_,numSharedDims_,numSharedPlain_,maxShared_
Shared,0,1,0,1,0,0,0
shared_,scale_,numTerms_,numChc_,numPlain_,numSharedDims_,numSharedPlain_,maxShared_
Unique,0,1,0,1,0,0,0
shared_,scale_,numTerms_,numChc_,numPlain_,numSharedDims_,numSharedPlain_,maxShared_
Shared,0,1,0,1,0,0,0
shared_,scale_,numTerms_,numChc_,numPlain_,numSharedDims_,numSharedPlain_,maxShared_
Unique,0,1,0,1,0,0,0
shared_,scale_,numTerms_,numChc_,numPlain_,numSharedDims_,numSharedPlain_,maxShared_
Shared,0,1,0,1,0,0,0
shared_,scale_,numTerms_,numChc_,numPlain_,numSharedDims_,numSharedPlain_,maxShared_
Unique,0,1,0,1,0,0,0
shared_,scale_,numTerms_,numChc_,numPlain_,numSharedDims_,numSharedPlain_,maxShared_
Shared,0,1,0,1,0,0,0
shared_,scale_,numTerms_,numChc_,numPlain_,numSharedDims_,numSharedPlain_,maxShared_
Unique,1,3,0,3,0,0,0
shared_,scale_,numTerms_,numChc_,numPlain_,numSharedDims_,numSharedPlain_,maxShared_
Shared,1,3,0,3,0,0,0
shared_,scale_,numTerms_,numChc_,numPlain_,numSharedDims_,numSharedPlain_,maxShared_
Unique,1,3,1,2,0,0,1
shared_,scale_,numTerms_,numChc_,numPlain_,numSharedDims_,numSharedPlain_,maxShared_
Shared,1,1,0,1,0,0,0
shared_,scale_,numTerms_,numChc_,numPlain_,numSharedDims_,numSharedPlain_,maxShared_
Unique,1,3,0,3,0,0,0
shared_,scale_,numTerms_,numChc_,numPlain_,numSharedDims_,numSharedPlain_,maxShared_
Shared,1,3,0,3,0,0,0
shared_,scale_,numTerms_,numChc_,numPlain_,numSharedDims_,numSharedPlain_,maxShared_
Unique,1,3,1,2,0,0,1
shared_,scale_,numTerms_,numChc_,numPlain_,numSharedDims_,numSharedPlain_,maxShared_
Shared,1,3,0,3,0,0,0
shared_,scale_,numTerms_,numChc_,numPlain_,numSharedDims_,numSharedPlain_,maxShared_
Unique,1,3,0,3,0,0,0
shared_,scale_,numTerms_,numChc_,numPlain_,numSharedDims_,numSharedPlain_,maxShared_
Shared,1,3,0,3,0,0,0
shared_,scale_,numTerms_,numChc_,numPlain_,numSharedDims_,numSharedPlain_,maxShared_
Unique,1,2,0,2,0,0,0
shared_,scale_,numTerms_,numChc_,numPlain_,numSharedDims_,numSharedPlain_,maxShared_
Shared,1,2,0,2,0,0,0
shared_,scale_,numTerms_,numChc_,numPlain_,numSharedDims_,numSharedPlain_,maxShared_
Unique,2,7,2,5,0,0,1
shared_,scale_,numTerms_,numChc_,numPlain_,numSharedDims_,numSharedPlain_,maxShared_
Shared,2,4,0,4,0,0,0
shared_,scale_,numTerms_,numChc_,numPlain_,numSharedDims_,numSharedPlain_,maxShared_
Unique,2,7,2,5,0,0,1
shared_,scale_,numTerms_,numChc_,numPlain_,numSharedDims_,numSharedPlain_,maxShared_
Shared,2,1,0,1,0,0,0
shared_,scale_,numTerms_,numChc_,numPlain_,numSharedDims_,numSharedPlain_,maxShared_
Unique,2,5,2,3,0,0,1
shared_,scale_,numTerms_,numChc_,numPlain_,numSharedDims_,numSharedPlain_,maxShared_
Shared,2,6,0,6,0,0,0
shared_,scale_,numTerms_,numChc_,numPlain_,numSharedDims_,numSharedPlain_,maxShared_
Unique,2,7,0,7,0,0,0
shared_,scale_,numTerms_,numChc_,numPlain_,numSharedDims_,numSharedPlain_,maxShared_
Shared,2,6,2,4,0,0,1
shared_,scale_,numTerms_,numChc_,numPlain_,numSharedDims_,numSharedPlain_,maxShared_
Unique,2,7,2,5,0,0,1
shared_,scale_,numTerms_,numChc_,numPlain_,numSharedDims_,numSharedPlain_,maxShared_
Shared,2,1,0,1,0,0,0
shared_,scale_,numTerms_,numChc_,numPlain_,numSharedDims_,numSharedPlain_,maxShared_
Unique,2,6,0,6,0,0,0
shared_,scale_,numTerms_,numChc_,numPlain_,numSharedDims_,numSharedPlain_,maxShared_
Shared,2,7,1,6,0,0,1
shared_,scale_,numTerms_,numChc_,numPlain_,numSharedDims_,numSharedPlain_,maxShared_
Unique,3,7,2,5,0,0,1
shared_,scale_,numTerms_,numChc_,numPlain_,numSharedDims_,numSharedPlain_,maxShared_
Shared,3,3,0,3,0,0,0
shared_,scale_,numTerms_,numChc_,numPlain_,numSharedDims_,numSharedPlain_,maxShared_
Unique,3,7,0,7,0,0,0
shared_,scale_,numTerms_,numChc_,numPlain_,numSharedDims_,numSharedPlain_,maxShared_
Shared,3,5,0,5,0,0,0
shared_,scale_,numTerms_,numChc_,numPlain_,numSharedDims_,numSharedPlain_,maxShared_
Unique,3,7,3,4,0,0,1
shared_,scale_,numTerms_,numChc_,numPlain_,numSharedDims_,numSharedPlain_,maxShared_
Shared,3,7,0,7,0,0,0
shared_,scale_,numTerms_,numChc_,numPlain_,numSharedDims_,numSharedPlain_,maxShared_
Unique,3,5,0,5,0,0,0
shared_,scale_,numTerms_,numChc_,numPlain_,numSharedDims_,numSharedPlain_,maxShared_
Shared,3,6,0,6,0,0,0
shared_,scale_,numTerms_,numChc_,numPlain_,numSharedDims_,numSharedPlain_,maxShared_
Unique,3,4,0,4,0,0,0
shared_,scale_,numTerms_,numChc_,numPlain_,numSharedDims_,numSharedPlain_,maxShared_
Shared,3,7,0,7,0,0,0
shared_,scale_,numTerms_,numChc_,numPlain_,numSharedDims_,numSharedPlain_,maxShared_
Unique,3,7,2,5,0,0,1
shared_,scale_,numTerms_,numChc_,numPlain_,numSharedDims_,numSharedPlain_,maxShared_
Shared,3,7,0,7,0,0,0
shared_,scale_,numTerms_,numChc_,numPlain_,numSharedDims_,numSharedPlain_,maxShared_
Unique,4,12,2,10,0,0,1
shared_,scale_,numTerms_,numChc_,numPlain_,numSharedDims_,numSharedPlain_,maxShared_
Shared,4,12,2,10,0,0,1
shared_,scale_,numTerms_,numChc_,numPlain_,numSharedDims_,numSharedPlain_,maxShared_
Unique,4,12,0,12,0,0,0
shared_,scale_,numTerms_,numChc_,numPlain_,numSharedDims_,numSharedPlain_,maxShared_
Shared,4,14,3,11,0,0,1
shared_,scale_,numTerms_,numChc_,numPlain_,numSharedDims_,numSharedPlain_,maxShared_
Unique,4,12,1,11,0,0,1
shared_,scale_,numTerms_,numChc_,numPlain_,numSharedDims_,numSharedPlain_,maxShared_
Shared,4,15,3,12,1,0,2
shared_,scale_,numTerms_,numChc_,numPlain_,numSharedDims_,numSharedPlain_,maxShared_
Unique,4,14,3,11,0,0,1
shared_,scale_,numTerms_,numChc_,numPlain_,numSharedDims_,numSharedPlain_,maxShared_
Shared,4,15,3,12,0,0,1
shared_,scale_,numTerms_,numChc_,numPlain_,numSharedDims_,numSharedPlain_,maxShared_
Unique,4,15,4,11,0,0,1
shared_,scale_,numTerms_,numChc_,numPlain_,numSharedDims_,numSharedPlain_,maxShared_
Shared,4,15,3,12,0,0,1
shared_,scale_,numTerms_,numChc_,numPlain_,numSharedDims_,numSharedPlain_,maxShared_
Unique,4,14,2,12,0,0,1
shared_,scale_,numTerms_,numChc_,numPlain_,numSharedDims_,numSharedPlain_,maxShared_
Shared,4,15,3,12,0,0,1
shared_,scale_,numTerms_,numChc_,numPlain_,numSharedDims_,numSharedPlain_,maxShared_
Unique,5,8,0,8,0,0,0
shared_,scale_,numTerms_,numChc_,numPlain_,numSharedDims_,numSharedPlain_,maxShared_
Shared,5,11,3,8,0,0,1
shared_,scale_,numTerms_,numChc_,numPlain_,numSharedDims_,numSharedPlain_,maxShared_
Unique,5,7,2,5,0,0,1
shared_,scale_,numTerms_,numChc_,numPlain_,numSharedDims_,numSharedPlain_,maxShared_
Shared,5,12,0,12,0,0,0
shared_,scale_,numTerms_,numChc_,numPlain_,numSharedDims_,numSharedPlain_,maxShared_
Unique,5,1,0,1,0,0,0
shared_,scale_,numTerms_,numChc_,numPlain_,numSharedDims_,numSharedPlain_,maxShared_
Shared,5,1,0,1,0,0,0
shared_,scale_,numTerms_,numChc_,numPlain_,numSharedDims_,numSharedPlain_,maxShared_
Unique,5,14,4,10,0,0,1
shared_,scale_,numTerms_,numChc_,numPlain_,numSharedDims_,numSharedPlain_,maxShared_
Shared,5,15,4,11,0,0,1
shared_,scale_,numTerms_,numChc_,numPlain_,numSharedDims_,numSharedPlain_,maxShared_
Unique,5,15,1,14,0,0,1
shared_,scale_,numTerms_,numChc_,numPlain_,numSharedDims_,numSharedPlain_,maxShared_
Shared,5,6,0,6,0,0,0
shared_,scale_,numTerms_,numChc_,numPlain_,numSharedDims_,numSharedPlain_,maxShared_
Unique,5,13,1,12,0,0,1
shared_,scale_,numTerms_,numChc_,numPlain_,numSharedDims_,numSharedPlain_,maxShared_
Shared,5,12,2,10,0,0,1
shared_,scale_,numTerms_,numChc_,numPlain_,numSharedDims_,numSharedPlain_,maxShared_
Unique,6,15,0,15,0,0,0
shared_,scale_,numTerms_,numChc_,numPlain_,numSharedDims_,numSharedPlain_,maxShared_
Shared,6,8,1,7,0,0,1
shared_,scale_,numTerms_,numChc_,numPlain_,numSharedDims_,numSharedPlain_,maxShared_
Unique,6,8,0,8,0,0,0
shared_,scale_,numTerms_,numChc_,numPlain_,numSharedDims_,numSharedPlain_,maxShared_
Shared,6,1,0,1,0,0,0
shared_,scale_,numTerms_,numChc_,numPlain_,numSharedDims_,numSharedPlain_,maxShared_
Unique,6,13,3,10,0,0,1
shared_,scale_,numTerms_,numChc_,numPlain_,numSharedDims_,numSharedPlain_,maxShared_
Shared,6,15,1,14,0,0,1
shared_,scale_,numTerms_,numChc_,numPlain_,numSharedDims_,numSharedPlain_,maxShared_
Unique,6,8,2,6,0,0,1
shared_,scale_,numTerms_,numChc_,numPlain_,numSharedDims_,numSharedPlain_,maxShared_
Shared,6,15,3,12,0,0,1
shared_,scale_,numTerms_,numChc_,numPlain_,numSharedDims_,numSharedPlain_,maxShared_
Unique,6,8,0,8,0,0,0
shared_,scale_,numTerms_,numChc_,numPlain_,numSharedDims_,numSharedPlain_,maxShared_
Shared,6,13,3,10,0,0,1
shared_,scale_,numTerms_,numChc_,numPlain_,numSharedDims_,numSharedPlain_,maxShared_
Unique,6,15,0,15,0,0,0
shared_,scale_,numTerms_,numChc_,numPlain_,numSharedDims_,numSharedPlain_,maxShared_
Shared,6,13,1,12,0,0,1
shared_,scale_,numTerms_,numChc_,numPlain_,numSharedDims_,numSharedPlain_,maxShared_
Unique,7,13,2,11,0,0,1
shared_,scale_,numTerms_,numChc_,numPlain_,numSharedDims_,numSharedPlain_,maxShared_
Shared,7,12,0,12,0,0,0
shared_,scale_,numTerms_,numChc_,numPlain_,numSharedDims_,numSharedPlain_,maxShared_
Unique,7,14,0,14,0,0,0
shared_,scale_,numTerms_,numChc_,numPlain_,numSharedDims_,numSharedPlain_,maxShared_
Shared,7,8,3,5,0,0,1
shared_,scale_,numTerms_,numChc_,numPlain_,numSharedDims_,numSharedPlain_,maxShared_
Unique,7,14,0,14,0,0,0
shared_,scale_,numTerms_,numChc_,numPlain_,numSharedDims_,numSharedPlain_,maxShared_
Shared,7,11,0,11,0,0,0
shared_,scale_,numTerms_,numChc_,numPlain_,numSharedDims_,numSharedPlain_,maxShared_
Unique,7,8,2,6,0,0,1
shared_,scale_,numTerms_,numChc_,numPlain_,numSharedDims_,numSharedPlain_,maxShared_
Shared,7,15,3,12,0,0,1
shared_,scale_,numTerms_,numChc_,numPlain_,numSharedDims_,numSharedPlain_,maxShared_
Unique,7,13,3,10,0,0,1
shared_,scale_,numTerms_,numChc_,numPlain_,numSharedDims_,numSharedPlain_,maxShared_
Shared,7,12,4,8,0,0,1
shared_,scale_,numTerms_,numChc_,numPlain_,numSharedDims_,numSharedPlain_,maxShared_
Unique,7,15,0,15,0,0,0
shared_,scale_,numTerms_,numChc_,numPlain_,numSharedDims_,numSharedPlain_,maxShared_
Shared,7,12,5,7,0,0,1
shared_,scale_,numTerms_,numChc_,numPlain_,numSharedDims_,numSharedPlain_,maxShared_
Unique,8,18,4,14,0,0,1
shared_,scale_,numTerms_,numChc_,numPlain_,numSharedDims_,numSharedPlain_,maxShared_
Shared,8,29,7,22,0,0,1
shared_,scale_,numTerms_,numChc_,numPlain_,numSharedDims_,numSharedPlain_,maxShared_
Unique,8,23,0,23,0,0,0
shared_,scale_,numTerms_,numChc_,numPlain_,numSharedDims_,numSharedPlain_,maxShared_
Shared,8,17,0,17,0,0,0
shared_,scale_,numTerms_,numChc_,numPlain_,numSharedDims_,numSharedPlain_,maxShared_
Unique,8,28,4,24,0,0,1
shared_,scale_,numTerms_,numChc_,numPlain_,numSharedDims_,numSharedPlain_,maxShared_
Shared,8,16,3,13,0,0,1
shared_,scale_,numTerms_,numChc_,numPlain_,numSharedDims_,numSharedPlain_,maxShared_
Unique,8,21,4,17,0,0,1
shared_,scale_,numTerms_,numChc_,numPlain_,numSharedDims_,numSharedPlain_,maxShared_
Shared,8,16,4,12,0,0,1
shared_,scale_,numTerms_,numChc_,numPlain_,numSharedDims_,numSharedPlain_,maxShared_
Unique,8,29,4,25,0,0,1
shared_,scale_,numTerms_,numChc_,numPlain_,numSharedDims_,numSharedPlain_,maxShared_
Shared,8,9,3,6,0,0,1
shared_,scale_,numTerms_,numChc_,numPlain_,numSharedDims_,numSharedPlain_,maxShared_
Unique,8,26,9,17,0,0,1
shared_,scale_,numTerms_,numChc_,numPlain_,numSharedDims_,numSharedPlain_,maxShared_
Shared,8,21,4,17,0,0,1
shared_,scale_,numTerms_,numChc_,numPlain_,numSharedDims_,numSharedPlain_,maxShared_
Unique,9,26,7,19,0,0,1
shared_,scale_,numTerms_,numChc_,numPlain_,numSharedDims_,numSharedPlain_,maxShared_
Shared,9,26,4,22,0,0,1
shared_,scale_,numTerms_,numChc_,numPlain_,numSharedDims_,numSharedPlain_,maxShared_
Unique,9,29,9,20,0,0,1
shared_,scale_,numTerms_,numChc_,numPlain_,numSharedDims_,numSharedPlain_,maxShared_
Shared,9,15,5,10,1,0,2
shared_,scale_,numTerms_,numChc_,numPlain_,numSharedDims_,numSharedPlain_,maxShared_
Unique,9,25,4,21,0,0,1
shared_,scale_,numTerms_,numChc_,numPlain_,numSharedDims_,numSharedPlain_,maxShared_
Shared,9,27,0,27,0,0,0
shared_,scale_,numTerms_,numChc_,numPlain_,numSharedDims_,numSharedPlain_,maxShared_
Unique,9,30,5,25,0,0,1
shared_,scale_,numTerms_,numChc_,numPlain_,numSharedDims_,numSharedPlain_,maxShared_
Shared,9,16,3,13,0,0,1
shared_,scale_,numTerms_,numChc_,numPlain_,numSharedDims_,numSharedPlain_,maxShared_
Unique,9,27,6,21,0,0,1
shared_,scale_,numTerms_,numChc_,numPlain_,numSharedDims_,numSharedPlain_,maxShared_
Shared,9,21,3,18,0,0,1
shared_,scale_,numTerms_,numChc_,numPlain_,numSharedDims_,numSharedPlain_,maxShared_
Unique,9,16,1,15,0,0,1
shared_,scale_,numTerms_,numChc_,numPlain_,numSharedDims_,numSharedPlain_,maxShared_
Shared,9,11,0,11,0,0,0
shared_,scale_,numTerms_,numChc_,numPlain_,numSharedDims_,numSharedPlain_,maxShared_
Unique,10,20,8,12,0,0,1
shared_,scale_,numTerms_,numChc_,numPlain_,numSharedDims_,numSharedPlain_,maxShared_
Shared,10,15,2,13,0,0,1
shared_,scale_,numTerms_,numChc_,numPlain_,numSharedDims_,numSharedPlain_,maxShared_
Unique,10,24,4,20,0,0,1
shared_,scale_,numTerms_,numChc_,numPlain_,numSharedDims_,numSharedPlain_,maxShared_
Shared,10,21,3,18,0,0,1
shared_,scale_,numTerms_,numChc_,numPlain_,numSharedDims_,numSharedPlain_,maxShared_
Unique,10,22,7,15,0,0,1
shared_,scale_,numTerms_,numChc_,numPlain_,numSharedDims_,numSharedPlain_,maxShared_
Shared,10,28,0,28,0,0,0
shared_,scale_,numTerms_,numChc_,numPlain_,numSharedDims_,numSharedPlain_,maxShared_
Unique,10,25,7,18,0,0,1
shared_,scale_,numTerms_,numChc_,numPlain_,numSharedDims_,numSharedPlain_,maxShared_
Shared,10,26,3,23,1,0,2
shared_,scale_,numTerms_,numChc_,numPlain_,numSharedDims_,numSharedPlain_,maxShared_
Unique,10,23,5,18,0,0,1
shared_,scale_,numTerms_,numChc_,numPlain_,numSharedDims_,numSharedPlain_,maxShared_
Shared,10,7,0,7,0,0,0
shared_,scale_,numTerms_,numChc_,numPlain_,numSharedDims_,numSharedPlain_,maxShared_
Unique,10,23,4,19,0,0,1
shared_,scale_,numTerms_,numChc_,numPlain_,numSharedDims_,numSharedPlain_,maxShared_
Shared,10,27,4,23,0,0,1
shared_,scale_,numTerms_,numChc_,numPlain_,numSharedDims_,numSharedPlain_,maxShared_
Unique,11,16,3,13,0,0,1
shared_,scale_,numTerms_,numChc_,numPlain_,numSharedDims_,numSharedPlain_,maxShared_
Shared,11,16,4,12,0,0,1
shared_,scale_,numTerms_,numChc_,numPlain_,numSharedDims_,numSharedPlain_,maxShared_
Unique,11,30,7,23,0,0,1
shared_,scale_,numTerms_,numChc_,numPlain_,numSharedDims_,numSharedPlain_,maxShared_
Shared,11,21,7,14,0,0,1
shared_,scale_,numTerms_,numChc_,numPlain_,numSharedDims_,numSharedPlain_,maxShared_
Unique,11,16,5,11,0,0,1
shared_,scale_,numTerms_,numChc_,numPlain_,numSharedDims_,numSharedPlain_,maxShared_
Shared,11,27,4,23,0,0,1
shared_,scale_,numTerms_,numChc_,numPlain_,numSharedDims_,numSharedPlain_,maxShared_
Unique,11,16,0,16,0,0,0
shared_,scale_,numTerms_,numChc_,numPlain_,numSharedDims_,numSharedPlain_,maxShared_
Shared,11,1,0,1,0,0,0
shared_,scale_,numTerms_,numChc_,numPlain_,numSharedDims_,numSharedPlain_,maxShared_
Unique,11,25,3,22,0,0,1
shared_,scale_,numTerms_,numChc_,numPlain_,numSharedDims_,numSharedPlain_,maxShared_
Shared,11,12,0,12,0,0,0
shared_,scale_,numTerms_,numChc_,numPlain_,numSharedDims_,numSharedPlain_,maxShared_
Unique,11,25,8,17,0,0,1
shared_,scale_,numTerms_,numChc_,numPlain_,numSharedDims_,numSharedPlain_,maxShared_
Shared,11,1,0,1,0,0,0
shared_,scale_,numTerms_,numChc_,numPlain_,numSharedDims_,numSharedPlain_,maxShared_
Unique,12,27,2,25,0,0,1
shared_,scale_,numTerms_,numChc_,numPlain_,numSharedDims_,numSharedPlain_,maxShared_
Shared,12,4,0,4,0,0,0
shared_,scale_,numTerms_,numChc_,numPlain_,numSharedDims_,numSharedPlain_,maxShared_
Unique,12,20,3,17,0,0,1
shared_,scale_,numTerms_,numChc_,numPlain_,numSharedDims_,numSharedPlain_,maxShared_
Shared,12,24,3,21,0,0,1
shared_,scale_,numTerms_,numChc_,numPlain_,numSharedDims_,numSharedPlain_,maxShared_
Unique,12,28,3,25,0,0,1
shared_,scale_,numTerms_,numChc_,numPlain_,numSharedDims_,numSharedPlain_,maxShared_
Shared,12,22,5,17,0,0,1
shared_,scale_,numTerms_,numChc_,numPlain_,numSharedDims_,numSharedPlain_,maxShared_
Unique,12,1,0,1,0,0,0
shared_,scale_,numTerms_,numChc_,numPlain_,numSharedDims_,numSharedPlain_,maxShared_
Shared,12,10,0,10,0,0,0
shared_,scale_,numTerms_,numChc_,numPlain_,numSharedDims_,numSharedPlain_,maxShared_
Unique,12,25,2,23,0,0,1
shared_,scale_,numTerms_,numChc_,numPlain_,numSharedDims_,numSharedPlain_,maxShared_
Shared,12,27,7,20,0,0,1
shared_,scale_,numTerms_,numChc_,numPlain_,numSharedDims_,numSharedPlain_,maxShared_
Unique,12,14,4,10,0,0,1
shared_,scale_,numTerms_,numChc_,numPlain_,numSharedDims_,numSharedPlain_,maxShared_
Shared,12,16,5,11,0,0,2
shared_,scale_,numTerms_,numChc_,numPlain_,numSharedDims_,numSharedPlain_,maxShared_
Unique,13,25,4,21,0,0,1
shared_,scale_,numTerms_,numChc_,numPlain_,numSharedDims_,numSharedPlain_,maxShared_
Shared,13,23,5,18,1,0,2
shared_,scale_,numTerms_,numChc_,numPlain_,numSharedDims_,numSharedPlain_,maxShared_
Unique,13,24,0,24,0,0,0
shared_,scale_,numTerms_,numChc_,numPlain_,numSharedDims_,numSharedPlain_,maxShared_
Shared,13,27,5,22,0,0,1
shared_,scale_,numTerms_,numChc_,numPlain_,numSharedDims_,numSharedPlain_,maxShared_
Unique,13,24,5,19,0,0,1
shared_,scale_,numTerms_,numChc_,numPlain_,numSharedDims_,numSharedPlain_,maxShared_
Shared,13,8,0,8,0,0,0
shared_,scale_,numTerms_,numChc_,numPlain_,numSharedDims_,numSharedPlain_,maxShared_
Unique,13,19,4,15,0,0,1
shared_,scale_,numTerms_,numChc_,numPlain_,numSharedDims_,numSharedPlain_,maxShared_
Shared,13,16,4,12,1,0,2
shared_,scale_,numTerms_,numChc_,numPlain_,numSharedDims_,numSharedPlain_,maxShared_
Unique,13,28,12,16,0,0,1
shared_,scale_,numTerms_,numChc_,numPlain_,numSharedDims_,numSharedPlain_,maxShared_
Shared,13,20,6,14,1,0,2
shared_,scale_,numTerms_,numChc_,numPlain_,numSharedDims_,numSharedPlain_,maxShared_
Unique,13,28,4,24,0,0,1
shared_,scale_,numTerms_,numChc_,numPlain_,numSharedDims_,numSharedPlain_,maxShared_
Shared,13,25,7,18,1,0,2
shared_,scale_,numTerms_,numChc_,numPlain_,numSharedDims_,numSharedPlain_,maxShared_
Unique,14,11,0,11,0,0,0
shared_,scale_,numTerms_,numChc_,numPlain_,numSharedDims_,numSharedPlain_,maxShared_
Shared,14,13,0,13,0,0,0
shared_,scale_,numTerms_,numChc_,numPlain_,numSharedDims_,numSharedPlain_,maxShared_
Unique,14,22,2,20,0,0,1
shared_,scale_,numTerms_,numChc_,numPlain_,numSharedDims_,numSharedPlain_,maxShared_
Shared,14,21,5,16,0,0,1
shared_,scale_,numTerms_,numChc_,numPlain_,numSharedDims_,numSharedPlain_,maxShared_
Unique,14,30,9,21,0,0,1
shared_,scale_,numTerms_,numChc_,numPlain_,numSharedDims_,numSharedPlain_,maxShared_
Shared,14,27,6,21,0,0,1
shared_,scale_,numTerms_,numChc_,numPlain_,numSharedDims_,numSharedPlain_,maxShared_
Unique,14,25,10,15,0,0,1
shared_,scale_,numTerms_,numChc_,numPlain_,numSharedDims_,numSharedPlain_,maxShared_
Shared,14,1,0,1,0,0,0
shared_,scale_,numTerms_,numChc_,numPlain_,numSharedDims_,numSharedPlain_,maxShared_
Unique,14,26,0,26,0,0,0
shared_,scale_,numTerms_,numChc_,numPlain_,numSharedDims_,numSharedPlain_,maxShared_
Shared,14,27,6,21,0,0,1
shared_,scale_,numTerms_,numChc_,numPlain_,numSharedDims_,numSharedPlain_,maxShared_
Unique,14,23,7,16,0,0,1
shared_,scale_,numTerms_,numChc_,numPlain_,numSharedDims_,numSharedPlain_,maxShared_
Shared,14,29,0,29,0,0,0
shared_,scale_,numTerms_,numChc_,numPlain_,numSharedDims_,numSharedPlain_,maxShared_
Unique,15,16,0,16,0,0,0
shared_,scale_,numTerms_,numChc_,numPlain_,numSharedDims_,numSharedPlain_,maxShared_
Shared,15,14,0,14,0,0,0
shared_,scale_,numTerms_,numChc_,numPlain_,numSharedDims_,numSharedPlain_,maxShared_
Unique,15,16,2,14,0,0,1
shared_,scale_,numTerms_,numChc_,numPlain_,numSharedDims_,numSharedPlain_,maxShared_
Shared,15,27,8,19,0,0,1
shared_,scale_,numTerms_,numChc_,numPlain_,numSharedDims_,numSharedPlain_,maxShared_
Unique,15,21,3,18,0,0,1
shared_,scale_,numTerms_,numChc_,numPlain_,numSharedDims_,numSharedPlain_,maxShared_
Shared,15,25,6,19,0,0,1
shared_,scale_,numTerms_,numChc_,numPlain_,numSharedDims_,numSharedPlain_,maxShared_
Unique,15,23,4,19,0,0,1
shared_,scale_,numTerms_,numChc_,numPlain_,numSharedDims_,numSharedPlain_,maxShared_
Shared,15,16,0,16,0,0,0
shared_,scale_,numTerms_,numChc_,numPlain_,numSharedDims_,numSharedPlain_,maxShared_
Unique,15,22,4,18,0,0,1
shared_,scale_,numTerms_,numChc_,numPlain_,numSharedDims_,numSharedPlain_,maxShared_
Shared,15,2,0,2,0,0,0
shared_,scale_,numTerms_,numChc_,numPlain_,numSharedDims_,numSharedPlain_,maxShared_
Unique,15,1,0,1,0,0,0
shared_,scale_,numTerms_,numChc_,numPlain_,numSharedDims_,numSharedPlain_,maxShared_
Shared,15,24,4,20,0,0,1
shared_,scale_,numTerms_,numChc_,numPlain_,numSharedDims_,numSharedPlain_,maxShared_
Unique,16,42,6,36,0,0,1
shared_,scale_,numTerms_,numChc_,numPlain_,numSharedDims_,numSharedPlain_,maxShared_
Shared,16,54,9,45,1,0,3
shared_,scale_,numTerms_,numChc_,numPlain_,numSharedDims_,numSharedPlain_,maxShared_
Unique,16,36,2,34,0,0,1
shared_,scale_,numTerms_,numChc_,numPlain_,numSharedDims_,numSharedPlain_,maxShared_
Shared,16,34,10,24,0,0,2
shared_,scale_,numTerms_,numChc_,numPlain_,numSharedDims_,numSharedPlain_,maxShared_
Unique,16,12,3,9,0,0,1
shared_,scale_,numTerms_,numChc_,numPlain_,numSharedDims_,numSharedPlain_,maxShared_
Shared,16,49,11,38,1,0,2
shared_,scale_,numTerms_,numChc_,numPlain_,numSharedDims_,numSharedPlain_,maxShared_
Unique,16,56,14,42,0,0,1
shared_,scale_,numTerms_,numChc_,numPlain_,numSharedDims_,numSharedPlain_,maxShared_
Shared,16,57,13,44,1,0,2
shared_,scale_,numTerms_,numChc_,numPlain_,numSharedDims_,numSharedPlain_,maxShared_
Unique,16,51,12,39,0,0,1
shared_,scale_,numTerms_,numChc_,numPlain_,numSharedDims_,numSharedPlain_,maxShared_
Shared,16,56,15,41,1,0,3
shared_,scale_,numTerms_,numChc_,numPlain_,numSharedDims_,numSharedPlain_,maxShared_
Unique,16,55,13,42,0,0,1
shared_,scale_,numTerms_,numChc_,numPlain_,numSharedDims_,numSharedPlain_,maxShared_
Shared,16,28,0,28,0,0,0
shared_,scale_,numTerms_,numChc_,numPlain_,numSharedDims_,numSharedPlain_,maxShared_
Unique,17,39,7,32,0,0,1
shared_,scale_,numTerms_,numChc_,numPlain_,numSharedDims_,numSharedPlain_,maxShared_
Shared,17,37,7,30,0,0,2
shared_,scale_,numTerms_,numChc_,numPlain_,numSharedDims_,numSharedPlain_,maxShared_
Unique,17,53,16,37,0,0,1
shared_,scale_,numTerms_,numChc_,numPlain_,numSharedDims_,numSharedPlain_,maxShared_
Shared,17,52,13,39,1,0,2
shared_,scale_,numTerms_,numChc_,numPlain_,numSharedDims_,numSharedPlain_,maxShared_
Unique,17,41,12,29,0,0,1
shared_,scale_,numTerms_,numChc_,numPlain_,numSharedDims_,numSharedPlain_,maxShared_
Shared,17,34,9,25,1,0,3
shared_,scale_,numTerms_,numChc_,numPlain_,numSharedDims_,numSharedPlain_,maxShared_
Unique,17,37,12,25,0,0,1
shared_,scale_,numTerms_,numChc_,numPlain_,numSharedDims_,numSharedPlain_,maxShared_
Shared,17,31,4,27,0,0,1
shared_,scale_,numTerms_,numChc_,numPlain_,numSharedDims_,numSharedPlain_,maxShared_
Unique,17,43,14,29,0,0,1
shared_,scale_,numTerms_,numChc_,numPlain_,numSharedDims_,numSharedPlain_,maxShared_
Shared,17,23,5,18,0,0,1
shared_,scale_,numTerms_,numChc_,numPlain_,numSharedDims_,numSharedPlain_,maxShared_
Unique,17,22,3,19,0,0,1
shared_,scale_,numTerms_,numChc_,numPlain_,numSharedDims_,numSharedPlain_,maxShared_
Shared,17,53,11,42,1,0,2
shared_,scale_,numTerms_,numChc_,numPlain_,numSharedDims_,numSharedPlain_,maxShared_
Unique,18,2,0,2,0,0,0
shared_,scale_,numTerms_,numChc_,numPlain_,numSharedDims_,numSharedPlain_,maxShared_
Shared,18,39,8,31,0,0,1
shared_,scale_,numTerms_,numChc_,numPlain_,numSharedDims_,numSharedPlain_,maxShared_
Unique,18,48,11,37,0,0,1
shared_,scale_,numTerms_,numChc_,numPlain_,numSharedDims_,numSharedPlain_,maxShared_
Shared,18,56,14,42,1,0,2
shared_,scale_,numTerms_,numChc_,numPlain_,numSharedDims_,numSharedPlain_,maxShared_
Unique,18,28,6,22,0,0,1
shared_,scale_,numTerms_,numChc_,numPlain_,numSharedDims_,numSharedPlain_,maxShared_
Shared,18,62,13,49,0,0,3
shared_,scale_,numTerms_,numChc_,numPlain_,numSharedDims_,numSharedPlain_,maxShared_
Unique,18,17,0,17,0,0,0
shared_,scale_,numTerms_,numChc_,numPlain_,numSharedDims_,numSharedPlain_,maxShared_
Shared,18,46,9,37,0,0,1
shared_,scale_,numTerms_,numChc_,numPlain_,numSharedDims_,numSharedPlain_,maxShared_
Unique,18,20,0,20,0,0,0
shared_,scale_,numTerms_,numChc_,numPlain_,numSharedDims_,numSharedPlain_,maxShared_
Shared,18,30,7,23,0,0,1
shared_,scale_,numTerms_,numChc_,numPlain_,numSharedDims_,numSharedPlain_,maxShared_
Unique,18,48,8,40,0,0,1
shared_,scale_,numTerms_,numChc_,numPlain_,numSharedDims_,numSharedPlain_,maxShared_
Shared,18,22,8,14,0,0,1
shared_,scale_,numTerms_,numChc_,numPlain_,numSharedDims_,numSharedPlain_,maxShared_
Unique,19,11,5,6,0,0,1
shared_,scale_,numTerms_,numChc_,numPlain_,numSharedDims_,numSharedPlain_,maxShared_
Shared,19,41,11,30,1,0,4
shared_,scale_,numTerms_,numChc_,numPlain_,numSharedDims_,numSharedPlain_,maxShared_
Unique,19,46,11,35,0,0,1
shared_,scale_,numTerms_,numChc_,numPlain_,numSharedDims_,numSharedPlain_,maxShared_
Shared,19,25,7,18,0,0,1
shared_,scale_,numTerms_,numChc_,numPlain_,numSharedDims_,numSharedPlain_,maxShared_
Unique,19,58,12,46,0,0,1
shared_,scale_,numTerms_,numChc_,numPlain_,numSharedDims_,numSharedPlain_,maxShared_
Shared,19,49,8,41,1,0,2
shared_,scale_,numTerms_,numChc_,numPlain_,numSharedDims_,numSharedPlain_,maxShared_
Unique,19,17,0,17,0,0,0
shared_,scale_,numTerms_,numChc_,numPlain_,numSharedDims_,numSharedPlain_,maxShared_
Shared,19,31,8,23,1,0,2
shared_,scale_,numTerms_,numChc_,numPlain_,numSharedDims_,numSharedPlain_,maxShared_
Unique,19,30,5,25,0,0,1
shared_,scale_,numTerms_,numChc_,numPlain_,numSharedDims_,numSharedPlain_,maxShared_
Shared,19,44,9,35,1,0,2
shared_,scale_,numTerms_,numChc_,numPlain_,numSharedDims_,numSharedPlain_,maxShared_
Unique,19,39,5,34,0,0,1
shared_,scale_,numTerms_,numChc_,numPlain_,numSharedDims_,numSharedPlain_,maxShared_
Shared,19,40,8,32,1,0,2
shared_,scale_,numTerms_,numChc_,numPlain_,numSharedDims_,numSharedPlain_,maxShared_
Unique,20,42,8,34,0,0,1
shared_,scale_,numTerms_,numChc_,numPlain_,numSharedDims_,numSharedPlain_,maxShared_
Shared,20,42,9,33,0,0,1
shared_,scale_,numTerms_,numChc_,numPlain_,numSharedDims_,numSharedPlain_,maxShared_
Unique,20,53,12,41,0,0,1
shared_,scale_,numTerms_,numChc_,numPlain_,numSharedDims_,numSharedPlain_,maxShared_
Shared,20,51,5,46,1,0,2
shared_,scale_,numTerms_,numChc_,numPlain_,numSharedDims_,numSharedPlain_,maxShared_
Unique,20,40,7,33,0,0,1
shared_,scale_,numTerms_,numChc_,numPlain_,numSharedDims_,numSharedPlain_,maxShared_
Shared,20,48,10,38,1,0,2
shared_,scale_,numTerms_,numChc_,numPlain_,numSharedDims_,numSharedPlain_,maxShared_
Unique,20,2,0,2,0,0,0
shared_,scale_,numTerms_,numChc_,numPlain_,numSharedDims_,numSharedPlain_,maxShared_
Shared,20,1,0,1,0,0,0
shared_,scale_,numTerms_,numChc_,numPlain_,numSharedDims_,numSharedPlain_,maxShared_
Unique,20,43,9,34,0,0,1
shared_,scale_,numTerms_,numChc_,numPlain_,numSharedDims_,numSharedPlain_,maxShared_
Shared,20,1,0,1,0,0,0
shared_,scale_,numTerms_,numChc_,numPlain_,numSharedDims_,numSharedPlain_,maxShared_
Unique,20,44,7,37,0,0,1
shared_,scale_,numTerms_,numChc_,numPlain_,numSharedDims_,numSharedPlain_,maxShared_
Shared,20,25,3,22,0,0,1
shared_,scale_,numTerms_,numChc_,numPlain_,numSharedDims_,numSharedPlain_,maxShared_
Unique,21,54,12,42,0,0,1
shared_,scale_,numTerms_,numChc_,numPlain_,numSharedDims_,numSharedPlain_,maxShared_
Shared,21,39,8,31,0,0,1
shared_,scale_,numTerms_,numChc_,numPlain_,numSharedDims_,numSharedPlain_,maxShared_
Unique,21,19,5,14,0,0,1
shared_,scale_,numTerms_,numChc_,numPlain_,numSharedDims_,numSharedPlain_,maxShared_
Shared,21,45,13,32,1,0,3
shared_,scale_,numTerms_,numChc_,numPlain_,numSharedDims_,numSharedPlain_,maxShared_
Unique,21,31,8,23,0,0,1
shared_,scale_,numTerms_,numChc_,numPlain_,numSharedDims_,numSharedPlain_,maxShared_
Shared,21,46,9,37,1,0,2
shared_,scale_,numTerms_,numChc_,numPlain_,numSharedDims_,numSharedPlain_,maxShared_
Unique,21,1,0,1,0,0,0
shared_,scale_,numTerms_,numChc_,numPlain_,numSharedDims_,numSharedPlain_,maxShared_
Shared,21,1,0,1,0,0,0
shared_,scale_,numTerms_,numChc_,numPlain_,numSharedDims_,numSharedPlain_,maxShared_
Unique,21,46,7,39,0,0,1
shared_,scale_,numTerms_,numChc_,numPlain_,numSharedDims_,numSharedPlain_,maxShared_
Shared,21,30,3,27,0,0,1
shared_,scale_,numTerms_,numChc_,numPlain_,numSharedDims_,numSharedPlain_,maxShared_
Unique,21,39,6,33,0,0,1
shared_,scale_,numTerms_,numChc_,numPlain_,numSharedDims_,numSharedPlain_,maxShared_
Shared,21,18,4,14,0,0,1
shared_,scale_,numTerms_,numChc_,numPlain_,numSharedDims_,numSharedPlain_,maxShared_
Unique,22,18,5,13,0,0,1
shared_,scale_,numTerms_,numChc_,numPlain_,numSharedDims_,numSharedPlain_,maxShared_
Shared,22,51,11,40,0,0,2
shared_,scale_,numTerms_,numChc_,numPlain_,numSharedDims_,numSharedPlain_,maxShared_
Unique,22,17,0,17,0,0,0
shared_,scale_,numTerms_,numChc_,numPlain_,numSharedDims_,numSharedPlain_,maxShared_
Shared,22,58,5,53,0,0,1
shared_,scale_,numTerms_,numChc_,numPlain_,numSharedDims_,numSharedPlain_,maxShared_
Unique,22,30,7,23,0,0,1
shared_,scale_,numTerms_,numChc_,numPlain_,numSharedDims_,numSharedPlain_,maxShared_
Shared,22,45,5,40,0,0,1
shared_,scale_,numTerms_,numChc_,numPlain_,numSharedDims_,numSharedPlain_,maxShared_
Unique,22,23,3,20,0,0,1
shared_,scale_,numTerms_,numChc_,numPlain_,numSharedDims_,numSharedPlain_,maxShared_
Shared,22,16,1,15,0,0,1
shared_,scale_,numTerms_,numChc_,numPlain_,numSharedDims_,numSharedPlain_,maxShared_
Unique,22,1,0,1,0,0,0
shared_,scale_,numTerms_,numChc_,numPlain_,numSharedDims_,numSharedPlain_,maxShared_
Shared,22,30,8,22,0,0,1
shared_,scale_,numTerms_,numChc_,numPlain_,numSharedDims_,numSharedPlain_,maxShared_
Unique,22,37,8,29,0,0,1
shared_,scale_,numTerms_,numChc_,numPlain_,numSharedDims_,numSharedPlain_,maxShared_
Shared,22,46,13,33,0,0,1
shared_,scale_,numTerms_,numChc_,numPlain_,numSharedDims_,numSharedPlain_,maxShared_
Unique,23,47,20,27,0,0,1
shared_,scale_,numTerms_,numChc_,numPlain_,numSharedDims_,numSharedPlain_,maxShared_
Shared,23,29,8,21,0,0,1
shared_,scale_,numTerms_,numChc_,numPlain_,numSharedDims_,numSharedPlain_,maxShared_
Unique,23,53,14,39,0,0,1
shared_,scale_,numTerms_,numChc_,numPlain_,numSharedDims_,numSharedPlain_,maxShared_
Shared,23,46,13,33,0,0,1
shared_,scale_,numTerms_,numChc_,numPlain_,numSharedDims_,numSharedPlain_,maxShared_
Unique,23,56,7,49,0,0,1
shared_,scale_,numTerms_,numChc_,numPlain_,numSharedDims_,numSharedPlain_,maxShared_
Shared,23,46,11,35,0,0,2
shared_,scale_,numTerms_,numChc_,numPlain_,numSharedDims_,numSharedPlain_,maxShared_
Unique,23,45,12,33,0,0,1
shared_,scale_,numTerms_,numChc_,numPlain_,numSharedDims_,numSharedPlain_,maxShared_
Shared,23,30,10,20,1,0,2
shared_,scale_,numTerms_,numChc_,numPlain_,numSharedDims_,numSharedPlain_,maxShared_
Unique,23,23,5,18,0,0,1
shared_,scale_,numTerms_,numChc_,numPlain_,numSharedDims_,numSharedPlain_,maxShared_
Shared,23,30,9,21,1,0,2
shared_,scale_,numTerms_,numChc_,numPlain_,numSharedDims_,numSharedPlain_,maxShared_
Unique,23,45,10,35,0,0,1
shared_,scale_,numTerms_,numChc_,numPlain_,numSharedDims_,numSharedPlain_,maxShared_
Shared,23,37,10,27,1,0,2
shared_,scale_,numTerms_,numChc_,numPlain_,numSharedDims_,numSharedPlain_,maxShared_
Unique,24,40,10,30,0,0,1
shared_,scale_,numTerms_,numChc_,numPlain_,numSharedDims_,numSharedPlain_,maxShared_
Shared,24,25,4,21,1,0,2
shared_,scale_,numTerms_,numChc_,numPlain_,numSharedDims_,numSharedPlain_,maxShared_
Unique,24,47,12,35,0,0,1
shared_,scale_,numTerms_,numChc_,numPlain_,numSharedDims_,numSharedPlain_,maxShared_
Shared,24,44,12,32,0,0,2
shared_,scale_,numTerms_,numChc_,numPlain_,numSharedDims_,numSharedPlain_,maxShared_
Unique,24,35,9,26,0,0,1
shared_,scale_,numTerms_,numChc_,numPlain_,numSharedDims_,numSharedPlain_,maxShared_
Shared,24,41,10,31,0,0,2
shared_,scale_,numTerms_,numChc_,numPlain_,numSharedDims_,numSharedPlain_,maxShared_
Unique,24,55,5,50,0,0,1
shared_,scale_,numTerms_,numChc_,numPlain_,numSharedDims_,numSharedPlain_,maxShared_
Shared,24,35,9,26,0,0,1
shared_,scale_,numTerms_,numChc_,numPlain_,numSharedDims_,numSharedPlain_,maxShared_
Unique,24,55,20,35,0,0,1
shared_,scale_,numTerms_,numChc_,numPlain_,numSharedDims_,numSharedPlain_,maxShared_
Shared,24,54,14,40,0,0,2
shared_,scale_,numTerms_,numChc_,numPlain_,numSharedDims_,numSharedPlain_,maxShared_
Unique,24,45,8,37,0,0,1
shared_,scale_,numTerms_,numChc_,numPlain_,numSharedDims_,numSharedPlain_,maxShared_
Shared,24,45,4,41,0,0,1
shared_,scale_,numTerms_,numChc_,numPlain_,numSharedDims_,numSharedPlain_,maxShared_
Unique,25,55,8,47,0,0,1
shared_,scale_,numTerms_,numChc_,numPlain_,numSharedDims_,numSharedPlain_,maxShared_
Shared,25,24,8,16,0,0,2
shared_,scale_,numTerms_,numChc_,numPlain_,numSharedDims_,numSharedPlain_,maxShared_
Unique,25,14,0,14,0,0,0
shared_,scale_,numTerms_,numChc_,numPlain_,numSharedDims_,numSharedPlain_,maxShared_
Shared,25,50,12,38,1,0,2
shared_,scale_,numTerms_,numChc_,numPlain_,numSharedDims_,numSharedPlain_,maxShared_
Unique,25,47,11,36,0,0,1
shared_,scale_,numTerms_,numChc_,numPlain_,numSharedDims_,numSharedPlain_,maxShared_
Shared,25,44,9,35,0,0,2
shared_,scale_,numTerms_,numChc_,numPlain_,numSharedDims_,numSharedPlain_,maxShared_
Unique,25,16,7,9,0,0,1
shared_,scale_,numTerms_,numChc_,numPlain_,numSharedDims_,numSharedPlain_,maxShared_
Shared,25,57,12,45,1,0,2
shared_,scale_,numTerms_,numChc_,numPlain_,numSharedDims_,numSharedPlain_,maxShared_
Unique,25,47,14,33,0,0,1
shared_,scale_,numTerms_,numChc_,numPlain_,numSharedDims_,numSharedPlain_,maxShared_
Shared,25,55,15,40,0,0,2
shared_,scale_,numTerms_,numChc_,numPlain_,numSharedDims_,numSharedPlain_,maxShared_
Unique,25,27,6,21,0,0,1
shared_,scale_,numTerms_,numChc_,numPlain_,numSharedDims_,numSharedPlain_,maxShared_
Shared,25,27,6,21,0,0,1
shared_,scale_,numTerms_,numChc_,numPlain_,numSharedDims_,numSharedPlain_,maxShared_
Unique,26,35,11,24,0,0,1
shared_,scale_,numTerms_,numChc_,numPlain_,numSharedDims_,numSharedPlain_,maxShared_
Shared,26,44,6,38,0,0,1
shared_,scale_,numTerms_,numChc_,numPlain_,numSharedDims_,numSharedPlain_,maxShared_
Unique,26,48,0,48,0,0,0
shared_,scale_,numTerms_,numChc_,numPlain_,numSharedDims_,numSharedPlain_,maxShared_
Shared,26,37,5,32,0,0,1
shared_,scale_,numTerms_,numChc_,numPlain_,numSharedDims_,numSharedPlain_,maxShared_
Unique,26,27,9,18,0,0,1
shared_,scale_,numTerms_,numChc_,numPlain_,numSharedDims_,numSharedPlain_,maxShared_
Shared,26,51,8,43,0,0,2
shared_,scale_,numTerms_,numChc_,numPlain_,numSharedDims_,numSharedPlain_,maxShared_
Unique,26,35,6,29,0,0,1
shared_,scale_,numTerms_,numChc_,numPlain_,numSharedDims_,numSharedPlain_,maxShared_
Shared,26,28,0,28,0,0,0
shared_,scale_,numTerms_,numChc_,numPlain_,numSharedDims_,numSharedPlain_,maxShared_
Unique,26,50,6,44,0,0,1
shared_,scale_,numTerms_,numChc_,numPlain_,numSharedDims_,numSharedPlain_,maxShared_
Shared,26,18,5,13,0,0,1
shared_,scale_,numTerms_,numChc_,numPlain_,numSharedDims_,numSharedPlain_,maxShared_
Unique,26,26,8,18,0,0,1
shared_,scale_,numTerms_,numChc_,numPlain_,numSharedDims_,numSharedPlain_,maxShared_
Shared,26,29,5,24,0,0,1
shared_,scale_,numTerms_,numChc_,numPlain_,numSharedDims_,numSharedPlain_,maxShared_
Unique,27,21,0,21,0,0,0
shared_,scale_,numTerms_,numChc_,numPlain_,numSharedDims_,numSharedPlain_,maxShared_
Shared,27,1,0,1,0,0,0
shared_,scale_,numTerms_,numChc_,numPlain_,numSharedDims_,numSharedPlain_,maxShared_
Unique,27,32,4,28,0,0,1
shared_,scale_,numTerms_,numChc_,numPlain_,numSharedDims_,numSharedPlain_,maxShared_
Shared,27,28,8,20,1,0,2
shared_,scale_,numTerms_,numChc_,numPlain_,numSharedDims_,numSharedPlain_,maxShared_
Unique,27,52,9,43,0,0,1
shared_,scale_,numTerms_,numChc_,numPlain_,numSharedDims_,numSharedPlain_,maxShared_
Shared,27,43,9,34,1,0,2
shared_,scale_,numTerms_,numChc_,numPlain_,numSharedDims_,numSharedPlain_,maxShared_
Unique,27,26,7,19,0,0,1
shared_,scale_,numTerms_,numChc_,numPlain_,numSharedDims_,numSharedPlain_,maxShared_
Shared,27,45,4,41,0,0,1
shared_,scale_,numTerms_,numChc_,numPlain_,numSharedDims_,numSharedPlain_,maxShared_
Unique,27,57,9,48,0,0,1
shared_,scale_,numTerms_,numChc_,numPlain_,numSharedDims_,numSharedPlain_,maxShared_
Shared,27,42,13,29,1,0,2
shared_,scale_,numTerms_,numChc_,numPlain_,numSharedDims_,numSharedPlain_,maxShared_
Unique,27,1,0,1,0,0,0
shared_,scale_,numTerms_,numChc_,numPlain_,numSharedDims_,numSharedPlain_,maxShared_
Shared,27,1,0,1,0,0,0
shared_,scale_,numTerms_,numChc_,numPlain_,numSharedDims_,numSharedPlain_,maxShared_
Unique,28,16,0,16,0,0,0
shared_,scale_,numTerms_,numChc_,numPlain_,numSharedDims_,numSharedPlain_,maxShared_
Shared,28,49,9,40,0,0,2
shared_,scale_,numTerms_,numChc_,numPlain_,numSharedDims_,numSharedPlain_,maxShared_
Unique,28,26,8,18,0,0,1
shared_,scale_,numTerms_,numChc_,numPlain_,numSharedDims_,numSharedPlain_,maxShared_
Shared,28,46,9,37,1,0,2
shared_,scale_,numTerms_,numChc_,numPlain_,numSharedDims_,numSharedPlain_,maxShared_
Unique,28,43,9,34,0,0,1
shared_,scale_,numTerms_,numChc_,numPlain_,numSharedDims_,numSharedPlain_,maxShared_
Shared,28,41,11,30,2,0,3
shared_,scale_,numTerms_,numChc_,numPlain_,numSharedDims_,numSharedPlain_,maxShared_
Unique,28,48,9,39,0,0,1
shared_,scale_,numTerms_,numChc_,numPlain_,numSharedDims_,numSharedPlain_,maxShared_
Shared,28,55,13,42,1,0,2
shared_,scale_,numTerms_,numChc_,numPlain_,numSharedDims_,numSharedPlain_,maxShared_
Unique,28,37,10,27,0,0,1
shared_,scale_,numTerms_,numChc_,numPlain_,numSharedDims_,numSharedPlain_,maxShared_
Shared,28,42,6,36,0,0,1
shared_,scale_,numTerms_,numChc_,numPlain_,numSharedDims_,numSharedPlain_,maxShared_
Unique,28,52,14,38,0,0,1
shared_,scale_,numTerms_,numChc_,numPlain_,numSharedDims_,numSharedPlain_,maxShared_
Shared,28,31,6,25,0,0,1
shared_,scale_,numTerms_,numChc_,numPlain_,numSharedDims_,numSharedPlain_,maxShared_
Unique,29,42,9,33,0,0,1
shared_,scale_,numTerms_,numChc_,numPlain_,numSharedDims_,numSharedPlain_,maxShared_
Shared,29,28,0,28,0,0,0
shared_,scale_,numTerms_,numChc_,numPlain_,numSharedDims_,numSharedPlain_,maxShared_
Unique,29,11,0,11,0,0,0
shared_,scale_,numTerms_,numChc_,numPlain_,numSharedDims_,numSharedPlain_,maxShared_
Shared,29,58,9,49,1,0,2
shared_,scale_,numTerms_,numChc_,numPlain_,numSharedDims_,numSharedPlain_,maxShared_
Unique,29,45,10,35,0,0,1
shared_,scale_,numTerms_,numChc_,numPlain_,numSharedDims_,numSharedPlain_,maxShared_
Shared,29,34,4,30,0,0,1
shared_,scale_,numTerms_,numChc_,numPlain_,numSharedDims_,numSharedPlain_,maxShared_
Unique,29,45,12,33,0,0,1
shared_,scale_,numTerms_,numChc_,numPlain_,numSharedDims_,numSharedPlain_,maxShared_
Shared,29,39,7,32,0,0,1
shared_,scale_,numTerms_,numChc_,numPlain_,numSharedDims_,numSharedPlain_,maxShared_
Unique,29,47,5,42,0,0,1
shared_,scale_,numTerms_,numChc_,numPlain_,numSharedDims_,numSharedPlain_,maxShared_
Shared,29,41,9,32,1,0,2
shared_,scale_,numTerms_,numChc_,numPlain_,numSharedDims_,numSharedPlain_,maxShared_
Unique,29,24,7,17,0,0,1
shared_,scale_,numTerms_,numChc_,numPlain_,numSharedDims_,numSharedPlain_,maxShared_
Shared,29,29,7,22,0,0,1
shared_,scale_,numTerms_,numChc_,numPlain_,numSharedDims_,numSharedPlain_,maxShared_
Unique,30,39,6,33,0,0,1
shared_,scale_,numTerms_,numChc_,numPlain_,numSharedDims_,numSharedPlain_,maxShared_
Shared,30,1,0,1,0,0,0
shared_,scale_,numTerms_,numChc_,numPlain_,numSharedDims_,numSharedPlain_,maxShared_
Unique,30,41,9,32,0,0,1
shared_,scale_,numTerms_,numChc_,numPlain_,numSharedDims_,numSharedPlain_,maxShared_
Shared,30,55,17,38,0,0,3
shared_,scale_,numTerms_,numChc_,numPlain_,numSharedDims_,numSharedPlain_,maxShared_
Unique,30,24,0,24,0,0,0
shared_,scale_,numTerms_,numChc_,numPlain_,numSharedDims_,numSharedPlain_,maxShared_
Shared,30,29,8,21,1,0,2
shared_,scale_,numTerms_,numChc_,numPlain_,numSharedDims_,numSharedPlain_,maxShared_
Unique,30,29,0,29,0,0,0
shared_,scale_,numTerms_,numChc_,numPlain_,numSharedDims_,numSharedPlain_,maxShared_
Shared,30,28,0,28,0,0,0
shared_,scale_,numTerms_,numChc_,numPlain_,numSharedDims_,numSharedPlain_,maxShared_
Unique,30,57,11,46,0,0,1
shared_,scale_,numTerms_,numChc_,numPlain_,numSharedDims_,numSharedPlain_,maxShared_
Shared,30,28,0,28,0,0,0
shared_,scale_,numTerms_,numChc_,numPlain_,numSharedDims_,numSharedPlain_,maxShared_
Unique,30,38,7,31,0,0,1
shared_,scale_,numTerms_,numChc_,numPlain_,numSharedDims_,numSharedPlain_,maxShared_
Shared,30,27,7,20,1,0,2
shared_,scale_,numTerms_,numChc_,numPlain_,numSharedDims_,numSharedPlain_,maxShared_
Unique,31,24,2,22,0,0,1
shared_,scale_,numTerms_,numChc_,numPlain_,numSharedDims_,numSharedPlain_,maxShared_
Shared,31,54,12,42,0,0,2
shared_,scale_,numTerms_,numChc_,numPlain_,numSharedDims_,numSharedPlain_,maxShared_
Unique,31,47,4,43,0,0,1
shared_,scale_,numTerms_,numChc_,numPlain_,numSharedDims_,numSharedPlain_,maxShared_
Shared,31,30,7,23,0,0,2
shared_,scale_,numTerms_,numChc_,numPlain_,numSharedDims_,numSharedPlain_,maxShared_
Unique,31,31,6,25,0,0,1
shared_,scale_,numTerms_,numChc_,numPlain_,numSharedDims_,numSharedPlain_,maxShared_
Shared,31,39,11,28,1,0,2
shared_,scale_,numTerms_,numChc_,numPlain_,numSharedDims_,numSharedPlain_,maxShared_
Unique,31,43,10,33,0,0,1
shared_,scale_,numTerms_,numChc_,numPlain_,numSharedDims_,numSharedPlain_,maxShared_
Shared,31,51,8,43,0,0,1
shared_,scale_,numTerms_,numChc_,numPlain_,numSharedDims_,numSharedPlain_,maxShared_
Unique,31,50,6,44,0,0,1
shared_,scale_,numTerms_,numChc_,numPlain_,numSharedDims_,numSharedPlain_,maxShared_
Shared,31,31,9,22,0,0,3
shared_,scale_,numTerms_,numChc_,numPlain_,numSharedDims_,numSharedPlain_,maxShared_
Unique,31,47,9,38,0,0,1
shared_,scale_,numTerms_,numChc_,numPlain_,numSharedDims_,numSharedPlain_,maxShared_
Shared,31,38,8,30,1,0,3
shared_,scale_,numTerms_,numChc_,numPlain_,numSharedDims_,numSharedPlain_,maxShared_
Unique,32,43,12,31,0,0,1
shared_,scale_,numTerms_,numChc_,numPlain_,numSharedDims_,numSharedPlain_,maxShared_
Shared,32,88,11,77,1,0,2
shared_,scale_,numTerms_,numChc_,numPlain_,numSharedDims_,numSharedPlain_,maxShared_
Unique,32,48,6,42,0,0,1
shared_,scale_,numTerms_,numChc_,numPlain_,numSharedDims_,numSharedPlain_,maxShared_
Shared,32,92,15,77,2,0,4
shared_,scale_,numTerms_,numChc_,numPlain_,numSharedDims_,numSharedPlain_,maxShared_
Unique,32,86,18,68,0,0,1
shared_,scale_,numTerms_,numChc_,numPlain_,numSharedDims_,numSharedPlain_,maxShared_
Shared,32,71,13,58,1,0,3
shared_,scale_,numTerms_,numChc_,numPlain_,numSharedDims_,numSharedPlain_,maxShared_
Unique,32,105,18,87,0,0,1
shared_,scale_,numTerms_,numChc_,numPlain_,numSharedDims_,numSharedPlain_,maxShared_
Shared,32,69,15,54,2,0,3
shared_,scale_,numTerms_,numChc_,numPlain_,numSharedDims_,numSharedPlain_,maxShared_
Unique,32,74,23,51,0,0,1
shared_,scale_,numTerms_,numChc_,numPlain_,numSharedDims_,numSharedPlain_,maxShared_
Shared,32,88,23,65,0,0,3
shared_,scale_,numTerms_,numChc_,numPlain_,numSharedDims_,numSharedPlain_,maxShared_
Unique,32,38,9,29,0,0,1
shared_,scale_,numTerms_,numChc_,numPlain_,numSharedDims_,numSharedPlain_,maxShared_
Shared,32,2,0,2,0,0,0
shared_,scale_,numTerms_,numChc_,numPlain_,numSharedDims_,numSharedPlain_,maxShared_
Unique,33,77,16,61,0,0,1
shared_,scale_,numTerms_,numChc_,numPlain_,numSharedDims_,numSharedPlain_,maxShared_
Shared,33,102,32,70,3,0,6
shared_,scale_,numTerms_,numChc_,numPlain_,numSharedDims_,numSharedPlain_,maxShared_
Unique,33,40,10,30,0,0,1
shared_,scale_,numTerms_,numChc_,numPlain_,numSharedDims_,numSharedPlain_,maxShared_
Shared,33,54,15,39,0,0,1
shared_,scale_,numTerms_,numChc_,numPlain_,numSharedDims_,numSharedPlain_,maxShared_
Unique,33,80,16,64,0,0,1
shared_,scale_,numTerms_,numChc_,numPlain_,numSharedDims_,numSharedPlain_,maxShared_
Shared,33,68,8,60,0,0,1
shared_,scale_,numTerms_,numChc_,numPlain_,numSharedDims_,numSharedPlain_,maxShared_
Unique,33,52,13,39,0,0,1
shared_,scale_,numTerms_,numChc_,numPlain_,numSharedDims_,numSharedPlain_,maxShared_
Shared,33,43,5,38,0,0,1
shared_,scale_,numTerms_,numChc_,numPlain_,numSharedDims_,numSharedPlain_,maxShared_
Unique,33,90,21,69,0,0,1
shared_,scale_,numTerms_,numChc_,numPlain_,numSharedDims_,numSharedPlain_,maxShared_
Shared,33,87,19,68,1,0,4
shared_,scale_,numTerms_,numChc_,numPlain_,numSharedDims_,numSharedPlain_,maxShared_
Unique,33,29,6,23,0,0,1
shared_,scale_,numTerms_,numChc_,numPlain_,numSharedDims_,numSharedPlain_,maxShared_
Shared,33,1,0,1,0,0,0
shared_,scale_,numTerms_,numChc_,numPlain_,numSharedDims_,numSharedPlain_,maxShared_
Unique,34,49,14,35,0,0,1
shared_,scale_,numTerms_,numChc_,numPlain_,numSharedDims_,numSharedPlain_,maxShared_
Shared,34,58,8,50,1,0,2
shared_,scale_,numTerms_,numChc_,numPlain_,numSharedDims_,numSharedPlain_,maxShared_
Unique,34,93,16,77,0,0,1
shared_,scale_,numTerms_,numChc_,numPlain_,numSharedDims_,numSharedPlain_,maxShared_
Shared,34,60,11,49,0,0,1
shared_,scale_,numTerms_,numChc_,numPlain_,numSharedDims_,numSharedPlain_,maxShared_
Unique,34,57,13,44,0,0,1
shared_,scale_,numTerms_,numChc_,numPlain_,numSharedDims_,numSharedPlain_,maxShared_
Shared,34,76,14,62,1,0,2
shared_,scale_,numTerms_,numChc_,numPlain_,numSharedDims_,numSharedPlain_,maxShared_
Unique,34,54,18,36,0,0,1
shared_,scale_,numTerms_,numChc_,numPlain_,numSharedDims_,numSharedPlain_,maxShared_
Shared,34,85,21,64,0,0,3
shared_,scale_,numTerms_,numChc_,numPlain_,numSharedDims_,numSharedPlain_,maxShared_
Unique,34,83,8,75,0,0,1
shared_,scale_,numTerms_,numChc_,numPlain_,numSharedDims_,numSharedPlain_,maxShared_
Shared,34,64,17,47,1,0,4
shared_,scale_,numTerms_,numChc_,numPlain_,numSharedDims_,numSharedPlain_,maxShared_
Unique,34,91,18,73,0,0,1
shared_,scale_,numTerms_,numChc_,numPlain_,numSharedDims_,numSharedPlain_,maxShared_
Shared,34,75,21,54,2,0,5
shared_,scale_,numTerms_,numChc_,numPlain_,numSharedDims_,numSharedPlain_,maxShared_
Unique,35,72,19,53,0,0,1
shared_,scale_,numTerms_,numChc_,numPlain_,numSharedDims_,numSharedPlain_,maxShared_
Shared,35,80,25,55,2,0,6
shared_,scale_,numTerms_,numChc_,numPlain_,numSharedDims_,numSharedPlain_,maxShared_
Unique,35,87,21,66,0,0,1
shared_,scale_,numTerms_,numChc_,numPlain_,numSharedDims_,numSharedPlain_,maxShared_
Shared,35,97,28,69,1,0,6
shared_,scale_,numTerms_,numChc_,numPlain_,numSharedDims_,numSharedPlain_,maxShared_
Unique,35,88,7,81,0,0,1
shared_,scale_,numTerms_,numChc_,numPlain_,numSharedDims_,numSharedPlain_,maxShared_
Shared,35,94,21,73,1,0,4
shared_,scale_,numTerms_,numChc_,numPlain_,numSharedDims_,numSharedPlain_,maxShared_
Unique,35,107,21,86,0,0,1
shared_,scale_,numTerms_,numChc_,numPlain_,numSharedDims_,numSharedPlain_,maxShared_
Shared,35,90,16,74,0,0,3
shared_,scale_,numTerms_,numChc_,numPlain_,numSharedDims_,numSharedPlain_,maxShared_
Unique,35,102,16,86,0,0,1
shared_,scale_,numTerms_,numChc_,numPlain_,numSharedDims_,numSharedPlain_,maxShared_
Shared,35,45,11,34,1,0,3
shared_,scale_,numTerms_,numChc_,numPlain_,numSharedDims_,numSharedPlain_,maxShared_
Unique,35,77,13,64,0,0,1
shared_,scale_,numTerms_,numChc_,numPlain_,numSharedDims_,numSharedPlain_,maxShared_
Shared,35,103,33,70,1,0,5
shared_,scale_,numTerms_,numChc_,numPlain_,numSharedDims_,numSharedPlain_,maxShared_
Unique,36,45,11,34,0,0,1
shared_,scale_,numTerms_,numChc_,numPlain_,numSharedDims_,numSharedPlain_,maxShared_
Shared,36,1,0,1,0,0,0
shared_,scale_,numTerms_,numChc_,numPlain_,numSharedDims_,numSharedPlain_,maxShared_
Unique,36,51,17,34,0,0,1
shared_,scale_,numTerms_,numChc_,numPlain_,numSharedDims_,numSharedPlain_,maxShared_
Shared,36,72,5,67,0,0,1
shared_,scale_,numTerms_,numChc_,numPlain_,numSharedDims_,numSharedPlain_,maxShared_
Unique,36,66,19,47,0,0,1
shared_,scale_,numTerms_,numChc_,numPlain_,numSharedDims_,numSharedPlain_,maxShared_
Shared,36,91,22,69,1,0,3
shared_,scale_,numTerms_,numChc_,numPlain_,numSharedDims_,numSharedPlain_,maxShared_
Unique,36,42,6,36,0,0,1
shared_,scale_,numTerms_,numChc_,numPlain_,numSharedDims_,numSharedPlain_,maxShared_
Shared,36,56,13,43,1,0,4
shared_,scale_,numTerms_,numChc_,numPlain_,numSharedDims_,numSharedPlain_,maxShared_
Unique,36,78,11,67,0,0,1
shared_,scale_,numTerms_,numChc_,numPlain_,numSharedDims_,numSharedPlain_,maxShared_
Shared,36,20,7,13,0,0,1
shared_,scale_,numTerms_,numChc_,numPlain_,numSharedDims_,numSharedPlain_,maxShared_
Unique,36,1,0,1,0,0,0
shared_,scale_,numTerms_,numChc_,numPlain_,numSharedDims_,numSharedPlain_,maxShared_
Shared,36,43,6,37,0,0,1
shared_,scale_,numTerms_,numChc_,numPlain_,numSharedDims_,numSharedPlain_,maxShared_
Unique,37,2,0,2,0,0,0
shared_,scale_,numTerms_,numChc_,numPlain_,numSharedDims_,numSharedPlain_,maxShared_
Shared,37,81,21,60,0,0,2
shared_,scale_,numTerms_,numChc_,numPlain_,numSharedDims_,numSharedPlain_,maxShared_
Unique,37,78,14,64,0,0,1
shared_,scale_,numTerms_,numChc_,numPlain_,numSharedDims_,numSharedPlain_,maxShared_
Shared,37,42,9,33,0,0,2
shared_,scale_,numTerms_,numChc_,numPlain_,numSharedDims_,numSharedPlain_,maxShared_
Unique,37,91,20,71,0,0,1
shared_,scale_,numTerms_,numChc_,numPlain_,numSharedDims_,numSharedPlain_,maxShared_
Shared,37,44,11,33,0,0,2
shared_,scale_,numTerms_,numChc_,numPlain_,numSharedDims_,numSharedPlain_,maxShared_
Unique,37,17,4,13,0,0,1
shared_,scale_,numTerms_,numChc_,numPlain_,numSharedDims_,numSharedPlain_,maxShared_
Shared,37,74,17,57,1,0,3
shared_,scale_,numTerms_,numChc_,numPlain_,numSharedDims_,numSharedPlain_,maxShared_
Unique,37,92,23,69,0,0,1
shared_,scale_,numTerms_,numChc_,numPlain_,numSharedDims_,numSharedPlain_,maxShared_
Shared,37,42,12,30,0,0,2
shared_,scale_,numTerms_,numChc_,numPlain_,numSharedDims_,numSharedPlain_,maxShared_
Unique,37,81,0,81,0,0,0
shared_,scale_,numTerms_,numChc_,numPlain_,numSharedDims_,numSharedPlain_,maxShared_
Shared,37,85,18,67,0,0,2
shared_,scale_,numTerms_,numChc_,numPlain_,numSharedDims_,numSharedPlain_,maxShared_
Unique,38,45,8,37,0,0,1
shared_,scale_,numTerms_,numChc_,numPlain_,numSharedDims_,numSharedPlain_,maxShared_
Shared,38,86,17,69,0,0,2
shared_,scale_,numTerms_,numChc_,numPlain_,numSharedDims_,numSharedPlain_,maxShared_
Unique,38,65,7,58,0,0,1
shared_,scale_,numTerms_,numChc_,numPlain_,numSharedDims_,numSharedPlain_,maxShared_
Shared,38,66,20,46,2,0,4
shared_,scale_,numTerms_,numChc_,numPlain_,numSharedDims_,numSharedPlain_,maxShared_
Unique,38,34,9,25,0,0,1
shared_,scale_,numTerms_,numChc_,numPlain_,numSharedDims_,numSharedPlain_,maxShared_
Shared,38,77,20,57,1,0,3
shared_,scale_,numTerms_,numChc_,numPlain_,numSharedDims_,numSharedPlain_,maxShared_
Unique,38,38,0,38,0,0,0
shared_,scale_,numTerms_,numChc_,numPlain_,numSharedDims_,numSharedPlain_,maxShared_
Shared,38,94,19,75,1,0,4
shared_,scale_,numTerms_,numChc_,numPlain_,numSharedDims_,numSharedPlain_,maxShared_
Unique,38,95,24,71,0,0,1
shared_,scale_,numTerms_,numChc_,numPlain_,numSharedDims_,numSharedPlain_,maxShared_
Shared,38,44,12,32,1,0,3
shared_,scale_,numTerms_,numChc_,numPlain_,numSharedDims_,numSharedPlain_,maxShared_
Unique,38,98,25,73,0,0,1
shared_,scale_,numTerms_,numChc_,numPlain_,numSharedDims_,numSharedPlain_,maxShared_
Shared,38,41,16,25,0,0,3
shared_,scale_,numTerms_,numChc_,numPlain_,numSharedDims_,numSharedPlain_,maxShared_
Unique,39,59,14,45,0,0,1
shared_,scale_,numTerms_,numChc_,numPlain_,numSharedDims_,numSharedPlain_,maxShared_
Shared,39,1,0,1,0,0,0
shared_,scale_,numTerms_,numChc_,numPlain_,numSharedDims_,numSharedPlain_,maxShared_
Unique,39,100,25,75,0,0,1
shared_,scale_,numTerms_,numChc_,numPlain_,numSharedDims_,numSharedPlain_,maxShared_
Shared,39,60,19,41,1,0,3
