Config,Variants,Satisfiable
V1,2,Sat
V1,2,Sat
V1*V2,4,Sat
V1*V2,4,Sat
V1*V2,4,Sat
V1*V2,4,UnSat
V1*V2*V3,8,Sat
V1*V2*V3,8,Sat
V1*V2*V3,8,Sat
V1*V2*V3,8,Sat
V1*V2*V3,8,Sat
V1*V2*V3,8,UnSat
V1*V2*V3,8,UnSat
V1*V2*V3,8,UnSat
V1*V2*V3*V4,16,Sat
V1*V2*V3*V4,16,Sat
V1*V2*V3*V4,16,Sat
V1*V2*V3*V4,16,Sat
V1*V2*V3*V4,16,Sat
V1*V2*V3*V4,16,Sat
V1*V2*V3*V4,16,Sat
V1*V2*V3*V4,16,Sat
V1*V2*V3*V4,16,Sat
V1*V2*V3*V4,16,UnSat
V1*V2*V3*V4,16,UnSat
V1*V2*V3*V4,16,UnSat
V1*V2*V3*V4,16,UnSat
V1*V2*V3*V4,16,UnSat
V1*V2*V3*V4,16,UnSat
V1*V2*V3*V4,16,UnSat
V1*V2*V3*V4*V5,32,Sat
V1*V2*V3*V4*V5,32,Sat
V1*V2*V3*V4*V5,32,Sat
V1*V2*V3*V4*V5,32,Sat
V1*V2*V3*V4*V5,32,Sat
V1*V2*V3*V4*V5,32,Sat
V1*V2*V3*V4*V5,32,Sat
V1*V2*V3*V4*V5,32,Sat
V1*V2*V3*V4*V5,32,Sat
V1*V2*V3*V4*V5,32,Sat
V1*V2*V3*V4*V5,32,Sat
V1*V2*V3*V4*V5,32,Sat
V1*V2*V3*V4*V5,32,Sat
V1*V2*V3*V4*V5,32,Sat
V1*V2*V3*V4*V5,32,Sat
V1*V2*V3*V4*V5,32,Sat
V1*V2*V3*V4*V5,32,Sat
V1*V2*V3*V4*V5,32,UnSat
V1*V2*V3*V4*V5,32,UnSat
V1*V2*V3*V4*V5,32,UnSat
V1*V2*V3*V4*V5,32,UnSat
V1*V2*V3*V4*V5,32,UnSat
V1*V2*V3*V4*V5,32,UnSat
V1*V2*V3*V4*V5,32,UnSat
V1*V2*V3*V4*V5,32,UnSat
V1*V2*V3*V4*V5,32,UnSat
V1*V2*V3*V4*V5,32,UnSat
V1*V2*V3*V4*V5,32,UnSat
V1*V2*V3*V4*V5,32,UnSat
V1*V2*V3*V4*V5,32,UnSat
V1*V2*V3*V4*V5,32,UnSat
V1*V2*V3*V4*V5,32,UnSat
V1*V2*V3*V4*V5*V6,64,Sat
V1*V2*V3*V4*V5*V6,64,Sat
V1*V2*V3*V4*V5*V6,64,Sat
V1*V2*V3*V4*V5*V6,64,Sat
V1*V2*V3*V4*V5*V6,64,Sat
V1*V2*V3*V4*V5*V6,64,Sat
V1*V2*V3*V4*V5*V6,64,Sat
V1*V2*V3*V4*V5*V6,64,Sat
V1*V2*V3*V4*V5*V6,64,Sat
V1*V2*V3*V4*V5*V6,64,Sat
V1*V2*V3*V4*V5*V6,64,Sat
V1*V2*V3*V4*V5*V6,64,Sat
V1*V2*V3*V4*V5*V6,64,Sat
V1*V2*V3*V4*V5*V6,64,Sat
V1*V2*V3*V4*V5*V6,64,Sat
V1*V2*V3*V4*V5*V6,64,Sat
V1*V2*V3*V4*V5*V6,64,Sat
V1*V2*V3*V4*V5*V6,64,Sat
V1*V2*V3*V4*V5*V6,64,Sat
V1*V2*V3*V4*V5*V6,64,Sat
V1*V2*V3*V4*V5*V6,64,Sat
V1*V2*V3*V4*V5*V6,64,Sat
V1*V2*V3*V4*V5*V6,64,Sat
V1*V2*V3*V4*V5*V6,64,Sat
V1*V2*V3*V4*V5*V6,64,Sat
V1*V2*V3*V4*V5*V6,64,Sat
V1*V2*V3*V4*V5*V6,64,Sat
V1*V2*V3*V4*V5*V6,64,Sat
V1*V2*V3*V4*V5*V6,64,Sat
V1*V2*V3*V4*V5*V6,64,Sat
V1*V2*V3*V4*V5*V6,64,Sat
V1*V2*V3*V4*V5*V6,64,Sat
V1*V2*V3*V4*V5*V6,64,Sat
V1*V2*V3*V4*V5*V6,64,UnSat
V1*V2*V3*V4*V5*V6,64,UnSat
V1*V2*V3*V4*V5*V6,64,UnSat
V1*V2*V3*V4*V5*V6,64,UnSat
V1*V2*V3*V4*V5*V6,64,UnSat
V1*V2*V3*V4*V5*V6,64,UnSat
V1*V2*V3*V4*V5*V6,64,UnSat
V1*V2*V3*V4*V5*V6,64,UnSat
V1*V2*V3*V4*V5*V6,64,UnSat
V1*V2*V3*V4*V5*V6,64,UnSat
V1*V2*V3*V4*V5*V6,64,UnSat
V1*V2*V3*V4*V5*V6,64,UnSat
V1*V2*V3*V4*V5*V6,64,UnSat
V1*V2*V3*V4*V5*V6,64,UnSat
V1*V2*V3*V4*V5*V6,64,UnSat
V1*V2*V3*V4*V5*V6,64,UnSat
V1*V2*V3*V4*V5*V6,64,UnSat
V1*V2*V3*V4*V5*V6,64,UnSat
V1*V2*V3*V4*V5*V6,64,UnSat
V1*V2*V3*V4*V5*V6,64,UnSat
V1*V2*V3*V4*V5*V6,64,UnSat
V1*V2*V3*V4*V5*V6,64,UnSat
V1*V2*V3*V4*V5*V6,64,UnSat
V1*V2*V3*V4*V5*V6,64,UnSat
V1*V2*V3*V4*V5*V6,64,UnSat
V1*V2*V3*V4*V5*V6,64,UnSat
V1*V2*V3*V4*V5*V6,64,UnSat
V1*V2*V3*V4*V5*V6,64,UnSat
V1*V2*V3*V4*V5*V6,64,UnSat
V1*V2*V3*V4*V5*V6,64,UnSat
V1*V2*V3*V4*V5*V6,64,UnSat
V1*V2*V3*V4*V5*V6*V7,128,Sat
V1*V2*V3*V4*V5*V6*V7,128,Sat
V1*V2*V3*V4*V5*V6*V7,128,Sat
V1*V2*V3*V4*V5*V6*V7,128,Sat
V1*V2*V3*V4*V5*V6*V7,128,Sat
V1*V2*V3*V4*V5*V6*V7,128,Sat
V1*V2*V3*V4*V5*V6*V7,128,Sat
V1*V2*V3*V4*V5*V6*V7,128,Sat
V1*V2*V3*V4*V5*V6*V7,128,Sat
V1*V2*V3*V4*V5*V6*V7,128,Sat
V1*V2*V3*V4*V5*V6*V7,128,Sat
V1*V2*V3*V4*V5*V6*V7,128,Sat
V1*V2*V3*V4*V5*V6*V7,128,Sat
V1*V2*V3*V4*V5*V6*V7,128,Sat
V1*V2*V3*V4*V5*V6*V7,128,Sat
V1*V2*V3*V4*V5*V6*V7,128,Sat
V1*V2*V3*V4*V5*V6*V7,128,Sat
V1*V2*V3*V4*V5*V6*V7,128,Sat
V1*V2*V3*V4*V5*V6*V7,128,Sat
V1*V2*V3*V4*V5*V6*V7,128,Sat
V1*V2*V3*V4*V5*V6*V7,128,Sat
V1*V2*V3*V4*V5*V6*V7,128,Sat
V1*V2*V3*V4*V5*V6*V7,128,Sat
V1*V2*V3*V4*V5*V6*V7,128,Sat
V1*V2*V3*V4*V5*V6*V7,128,Sat
V1*V2*V3*V4*V5*V6*V7,128,Sat
V1*V2*V3*V4*V5*V6*V7,128,Sat
V1*V2*V3*V4*V5*V6*V7,128,Sat
V1*V2*V3*V4*V5*V6*V7,128,Sat
V1*V2*V3*V4*V5*V6*V7,128,Sat
V1*V2*V3*V4*V5*V6*V7,128,Sat
V1*V2*V3*V4*V5*V6*V7,128,Sat
V1*V2*V3*V4*V5*V6*V7,128,Sat
V1*V2*V3*V4*V5*V6*V7,128,Sat
V1*V2*V3*V4*V5*V6*V7,128,Sat
V1*V2*V3*V4*V5*V6*V7,128,Sat
V1*V2*V3*V4*V5*V6*V7,128,Sat
V1*V2*V3*V4*V5*V6*V7,128,Sat
V1*V2*V3*V4*V5*V6*V7,128,Sat
V1*V2*V3*V4*V5*V6*V7,128,Sat
V1*V2*V3*V4*V5*V6*V7,128,Sat
V1*V2*V3*V4*V5*V6*V7,128,Sat
V1*V2*V3*V4*V5*V6*V7,128,Sat
V1*V2*V3*V4*V5*V6*V7,128,Sat
V1*V2*V3*V4*V5*V6*V7,128,Sat
V1*V2*V3*V4*V5*V6*V7,128,Sat
V1*V2*V3*V4*V5*V6*V7,128,Sat
V1*V2*V3*V4*V5*V6*V7,128,Sat
V1*V2*V3*V4*V5*V6*V7,128,Sat
V1*V2*V3*V4*V5*V6*V7,128,Sat
V1*V2*V3*V4*V5*V6*V7,128,Sat
V1*V2*V3*V4*V5*V6*V7,128,Sat
V1*V2*V3*V4*V5*V6*V7,128,Sat
V1*V2*V3*V4*V5*V6*V7,128,Sat
V1*V2*V3*V4*V5*V6*V7,128,Sat
V1*V2*V3*V4*V5*V6*V7,128,Sat
V1*V2*V3*V4*V5*V6*V7,128,Sat
V1*V2*V3*V4*V5*V6*V7,128,Sat
V1*V2*V3*V4*V5*V6*V7,128,Sat
V1*V2*V3*V4*V5*V6*V7,128,Sat
V1*V2*V3*V4*V5*V6*V7,128,Sat
V1*V2*V3*V4*V5*V6*V7,128,Sat
V1*V2*V3*V4*V5*V6*V7,128,Sat
V1*V2*V3*V4*V5*V6*V7,128,Sat
V1*V2*V3*V4*V5*V6*V7,128,Sat
V1*V2*V3*V4*V5*V6*V7,128,UnSat
V1*V2*V3*V4*V5*V6*V7,128,UnSat
V1*V2*V3*V4*V5*V6*V7,128,UnSat
V1*V2*V3*V4*V5*V6*V7,128,UnSat
V1*V2*V3*V4*V5*V6*V7,128,UnSat
V1*V2*V3*V4*V5*V6*V7,128,UnSat
V1*V2*V3*V4*V5*V6*V7,128,UnSat
V1*V2*V3*V4*V5*V6*V7,128,UnSat
V1*V2*V3*V4*V5*V6*V7,128,UnSat
V1*V2*V3*V4*V5*V6*V7,128,UnSat
V1*V2*V3*V4*V5*V6*V7,128,UnSat
V1*V2*V3*V4*V5*V6*V7,128,UnSat
V1*V2*V3*V4*V5*V6*V7,128,UnSat
V1*V2*V3*V4*V5*V6*V7,128,UnSat
V1*V2*V3*V4*V5*V6*V7,128,UnSat
V1*V2*V3*V4*V5*V6*V7,128,UnSat
V1*V2*V3*V4*V5*V6*V7,128,UnSat
V1*V2*V3*V4*V5*V6*V7,128,UnSat
V1*V2*V3*V4*V5*V6*V7,128,UnSat
V1*V2*V3*V4*V5*V6*V7,128,UnSat
V1*V2*V3*V4*V5*V6*V7,128,UnSat
V1*V2*V3*V4*V5*V6*V7,128,UnSat
V1*V2*V3*V4*V5*V6*V7,128,UnSat
V1*V2*V3*V4*V5*V6*V7,128,UnSat
V1*V2*V3*V4*V5*V6*V7,128,UnSat
V1*V2*V3*V4*V5*V6*V7,128,UnSat
V1*V2*V3*V4*V5*V6*V7,128,UnSat
V1*V2*V3*V4*V5*V6*V7,128,UnSat
V1*V2*V3*V4*V5*V6*V7,128,UnSat
V1*V2*V3*V4*V5*V6*V7,128,UnSat
V1*V2*V3*V4*V5*V6*V7,128,UnSat
V1*V2*V3*V4*V5*V6*V7,128,UnSat
V1*V2*V3*V4*V5*V6*V7,128,UnSat
V1*V2*V3*V4*V5*V6*V7,128,UnSat
V1*V2*V3*V4*V5*V6*V7,128,UnSat
V1*V2*V3*V4*V5*V6*V7,128,UnSat
V1*V2*V3*V4*V5*V6*V7,128,UnSat
V1*V2*V3*V4*V5*V6*V7,128,UnSat
V1*V2*V3*V4*V5*V6*V7,128,UnSat
V1*V2*V3*V4*V5*V6*V7,128,UnSat
V1*V2*V3*V4*V5*V6*V7,128,UnSat
V1*V2*V3*V4*V5*V6*V7,128,UnSat
V1*V2*V3*V4*V5*V6*V7,128,UnSat
V1*V2*V3*V4*V5*V6*V7,128,UnSat
V1*V2*V3*V4*V5*V6*V7,128,UnSat
V1*V2*V3*V4*V5*V6*V7,128,UnSat
V1*V2*V3*V4*V5*V6*V7,128,UnSat
V1*V2*V3*V4*V5*V6*V7,128,UnSat
V1*V2*V3*V4*V5*V6*V7,128,UnSat
V1*V2*V3*V4*V5*V6*V7,128,UnSat
V1*V2*V3*V4*V5*V6*V7,128,UnSat
V1*V2*V3*V4*V5*V6*V7,128,UnSat
V1*V2*V3*V4*V5*V6*V7,128,UnSat
V1*V2*V3*V4*V5*V6*V7,128,UnSat
V1*V2*V3*V4*V5*V6*V7,128,UnSat
V1*V2*V3*V4*V5*V6*V7,128,UnSat
V1*V2*V3*V4*V5*V6*V7,128,UnSat
V1*V2*V3*V4*V5*V6*V7,128,UnSat
V1*V2*V3*V4*V5*V6*V7,128,UnSat
V1*V2*V3*V4*V5*V6*V7,128,UnSat
V1*V2*V3*V4*V5*V6*V7,128,UnSat
V1*V2*V3*V4*V5*V6*V7,128,UnSat
V1*V2*V3*V4*V5*V6*V7,128,UnSat
V1*V2*V3*V4*V5*V6*V7*V8,256,Sat
V1*V2*V3*V4*V5*V6*V7*V8,256,Sat
V1*V2*V3*V4*V5*V6*V7*V8,256,Sat
V1*V2*V3*V4*V5*V6*V7*V8,256,Sat
V1*V2*V3*V4*V5*V6*V7*V8,256,Sat
V1*V2*V3*V4*V5*V6*V7*V8,256,Sat
V1*V2*V3*V4*V5*V6*V7*V8,256,Sat
V1*V2*V3*V4*V5*V6*V7*V8,256,Sat
V1*V2*V3*V4*V5*V6*V7*V8,256,Sat
V1*V2*V3*V4*V5*V6*V7*V8,256,Sat
V1*V2*V3*V4*V5*V6*V7*V8,256,Sat
V1*V2*V3*V4*V5*V6*V7*V8,256,Sat
V1*V2*V3*V4*V5*V6*V7*V8,256,Sat
V1*V2*V3*V4*V5*V6*V7*V8,256,Sat
V1*V2*V3*V4*V5*V6*V7*V8,256,Sat
V1*V2*V3*V4*V5*V6*V7*V8,256,Sat
V1*V2*V3*V4*V5*V6*V7*V8,256,Sat
V1*V2*V3*V4*V5*V6*V7*V8,256,Sat
V1*V2*V3*V4*V5*V6*V7*V8,256,Sat
V1*V2*V3*V4*V5*V6*V7*V8,256,Sat
V1*V2*V3*V4*V5*V6*V7*V8,256,Sat
V1*V2*V3*V4*V5*V6*V7*V8,256,Sat
V1*V2*V3*V4*V5*V6*V7*V8,256,Sat
V1*V2*V3*V4*V5*V6*V7*V8,256,Sat
V1*V2*V3*V4*V5*V6*V7*V8,256,Sat
V1*V2*V3*V4*V5*V6*V7*V8,256,Sat
V1*V2*V3*V4*V5*V6*V7*V8,256,Sat
V1*V2*V3*V4*V5*V6*V7*V8,256,Sat
V1*V2*V3*V4*V5*V6*V7*V8,256,Sat
V1*V2*V3*V4*V5*V6*V7*V8,256,Sat
V1*V2*V3*V4*V5*V6*V7*V8,256,Sat
V1*V2*V3*V4*V5*V6*V7*V8,256,Sat
V1*V2*V3*V4*V5*V6*V7*V8,256,Sat
V1*V2*V3*V4*V5*V6*V7*V8,256,Sat
V1*V2*V3*V4*V5*V6*V7*V8,256,Sat
V1*V2*V3*V4*V5*V6*V7*V8,256,Sat
V1*V2*V3*V4*V5*V6*V7*V8,256,Sat
V1*V2*V3*V4*V5*V6*V7*V8,256,Sat
V1*V2*V3*V4*V5*V6*V7*V8,256,Sat
V1*V2*V3*V4*V5*V6*V7*V8,256,Sat
V1*V2*V3*V4*V5*V6*V7*V8,256,Sat
V1*V2*V3*V4*V5*V6*V7*V8,256,Sat
V1*V2*V3*V4*V5*V6*V7*V8,256,Sat
V1*V2*V3*V4*V5*V6*V7*V8,256,Sat
V1*V2*V3*V4*V5*V6*V7*V8,256,Sat
V1*V2*V3*V4*V5*V6*V7*V8,256,Sat
V1*V2*V3*V4*V5*V6*V7*V8,256,Sat
V1*V2*V3*V4*V5*V6*V7*V8,256,Sat
V1*V2*V3*V4*V5*V6*V7*V8,256,Sat
V1*V2*V3*V4*V5*V6*V7*V8,256,Sat
V1*V2*V3*V4*V5*V6*V7*V8,256,Sat
V1*V2*V3*V4*V5*V6*V7*V8,256,Sat
V1*V2*V3*V4*V5*V6*V7*V8,256,Sat
V1*V2*V3*V4*V5*V6*V7*V8,256,Sat
V1*V2*V3*V4*V5*V6*V7*V8,256,Sat
V1*V2*V3*V4*V5*V6*V7*V8,256,Sat
V1*V2*V3*V4*V5*V6*V7*V8,256,Sat
V1*V2*V3*V4*V5*V6*V7*V8,256,Sat
V1*V2*V3*V4*V5*V6*V7*V8,256,Sat
V1*V2*V3*V4*V5*V6*V7*V8,256,Sat
V1*V2*V3*V4*V5*V6*V7*V8,256,Sat
V1*V2*V3*V4*V5*V6*V7*V8,256,Sat
V1*V2*V3*V4*V5*V6*V7*V8,256,Sat
V1*V2*V3*V4*V5*V6*V7*V8,256,Sat
V1*V2*V3*V4*V5*V6*V7*V8,256,Sat
V1*V2*V3*V4*V5*V6*V7*V8,256,Sat
V1*V2*V3*V4*V5*V6*V7*V8,256,UnSat
V1*V2*V3*V4*V5*V6*V7*V8,256,UnSat
V1*V2*V3*V4*V5*V6*V7*V8,256,UnSat
V1*V2*V3*V4*V5*V6*V7*V8,256,UnSat
V1*V2*V3*V4*V5*V6*V7*V8,256,UnSat
V1*V2*V3*V4*V5*V6*V7*V8,256,UnSat
V1*V2*V3*V4*V5*V6*V7*V8,256,UnSat
V1*V2*V3*V4*V5*V6*V7*V8,256,UnSat
V1*V2*V3*V4*V5*V6*V7*V8,256,UnSat
V1*V2*V3*V4*V5*V6*V7*V8,256,UnSat
V1*V2*V3*V4*V5*V6*V7*V8,256,UnSat
V1*V2*V3*V4*V5*V6*V7*V8,256,UnSat
V1*V2*V3*V4*V5*V6*V7*V8,256,UnSat
V1*V2*V3*V4*V5*V6*V7*V8,256,UnSat
V1*V2*V3*V4*V5*V6*V7*V8,256,UnSat
V1*V2*V3*V4*V5*V6*V7*V8,256,UnSat
V1*V2*V3*V4*V5*V6*V7*V8,256,UnSat
V1*V2*V3*V4*V5*V6*V7*V8,256,UnSat
V1*V2*V3*V4*V5*V6*V7*V8,256,UnSat
V1*V2*V3*V4*V5*V6*V7*V8,256,UnSat
V1*V2*V3*V4*V5*V6*V7*V8,256,UnSat
V1*V2*V3*V4*V5*V6*V7*V8,256,UnSat
V1*V2*V3*V4*V5*V6*V7*V8,256,UnSat
V1*V2*V3*V4*V5*V6*V7*V8,256,UnSat
V1*V2*V3*V4*V5*V6*V7*V8,256,UnSat
V1*V2*V3*V4*V5*V6*V7*V8,256,UnSat
V1*V2*V3*V4*V5*V6*V7*V8,256,UnSat
V1*V2*V3*V4*V5*V6*V7*V8,256,UnSat
V1*V2*V3*V4*V5*V6*V7*V8,256,UnSat
V1*V2*V3*V4*V5*V6*V7*V8,256,UnSat
V1*V2*V3*V4*V5*V6*V7*V8,256,UnSat
V1*V2*V3*V4*V5*V6*V7*V8,256,UnSat
V1*V2*V3*V4*V5*V6*V7*V8,256,UnSat
V1*V2*V3*V4*V5*V6*V7*V8,256,UnSat
V1*V2*V3*V4*V5*V6*V7*V8,256,UnSat
V1*V2*V3*V4*V5*V6*V7*V8,256,UnSat
V1*V2*V3*V4*V5*V6*V7*V8,256,UnSat
V1*V2*V3*V4*V5*V6*V7*V8,256,UnSat
V1*V2*V3*V4*V5*V6*V7*V8,256,UnSat
V1*V2*V3*V4*V5*V6*V7*V8,256,UnSat
V1*V2*V3*V4*V5*V6*V7*V8,256,UnSat
V1*V2*V3*V4*V5*V6*V7*V8,256,UnSat
V1*V2*V3*V4*V5*V6*V7*V8,256,UnSat
V1*V2*V3*V4*V5*V6*V7*V8,256,UnSat
V1*V2*V3*V4*V5*V6*V7*V8,256,UnSat
V1*V2*V3*V4*V5*V6*V7*V8,256,UnSat
V1*V2*V3*V4*V5*V6*V7*V8,256,UnSat
V1*V2*V3*V4*V5*V6*V7*V8,256,UnSat
V1*V2*V3*V4*V5*V6*V7*V8,256,UnSat
V1*V2*V3*V4*V5*V6*V7*V8,256,UnSat
V1*V2*V3*V4*V5*V6*V7*V8,256,UnSat
V1*V2*V3*V4*V5*V6*V7*V8,256,UnSat
V1*V2*V3*V4*V5*V6*V7*V8,256,UnSat
V1*V2*V3*V4*V5*V6*V7*V8,256,UnSat
V1*V2*V3*V4*V5*V6*V7*V8,256,UnSat
V1*V2*V3*V4*V5*V6*V7*V8,256,UnSat
V1*V2*V3*V4*V5*V6*V7*V8,256,UnSat
V1*V2*V3*V4*V5*V6*V7*V8,256,UnSat
V1*V2*V3*V4*V5*V6*V7*V8,256,UnSat
V1*V2*V3*V4*V5*V6*V7*V8,256,UnSat
V1*V2*V3*V4*V5*V6*V7*V8,256,UnSat
V1*V2*V3*V4*V5*V6*V7*V8,256,UnSat
V1*V2*V3*V4*V5*V6*V7*V8,256,UnSat
V1*V2*V3*V4*V5*V6*V7*V8,256,UnSat
V1*V2*V3*V4*V5*V6*V7*V8,256,UnSat
V1*V2*V3*V4*V5*V6*V7*V8,256,UnSat
V1*V2*V3*V4*V5*V6*V7*V8,256,UnSat
V1*V2*V3*V4*V5*V6*V7*V8,256,UnSat
V1*V2*V3*V4*V5*V6*V7*V8,256,UnSat
V1*V2*V3*V4*V5*V6*V7*V8,256,UnSat
V1*V2*V3*V4*V5*V6*V7*V8,256,UnSat
V1*V2*V3*V4*V5*V6*V7*V8,256,UnSat
V1*V2*V3*V4*V5*V6*V7*V8,256,UnSat
V1*V2*V3*V4*V5*V6*V7*V8,256,UnSat
V1*V2*V3*V4*V5*V6*V7*V8,256,UnSat
V1*V2*V3*V4*V5*V6*V7*V8,256,UnSat
V1*V2*V3*V4*V5*V6*V7*V8,256,UnSat
V1*V2*V3*V4*V5*V6*V7*V8,256,UnSat
V1*V2*V3*V4*V5*V6*V7*V8,256,UnSat
V1*V2*V3*V4*V5*V6*V7*V8,256,UnSat
V1*V2*V3*V4*V5*V6*V7*V8,256,UnSat
V1*V2*V3*V4*V5*V6*V7*V8,256,UnSat
V1*V2*V3*V4*V5*V6*V7*V8,256,UnSat
V1*V2*V3*V4*V5*V6*V7*V8,256,UnSat
V1*V2*V3*V4*V5*V6*V7*V8,256,UnSat
V1*V2*V3*V4*V5*V6*V7*V8,256,UnSat
V1*V2*V3*V4*V5*V6*V7*V8,256,UnSat
V1*V2*V3*V4*V5*V6*V7*V8,256,UnSat
V1*V2*V3*V4*V5*V6*V7*V8,256,UnSat
V1*V2*V3*V4*V5*V6*V7*V8,256,UnSat
V1*V2*V3*V4*V5*V6*V7*V8,256,UnSat
V1*V2*V3*V4*V5*V6*V7*V8,256,UnSat
V1*V2*V3*V4*V5*V6*V7*V8,256,UnSat
V1*V2*V3*V4*V5*V6*V7*V8,256,UnSat
V1*V2*V3*V4*V5*V6*V7*V8,256,UnSat
V1*V2*V3*V4*V5*V6*V7*V8,256,UnSat
V1*V2*V3*V4*V5*V6*V7*V8,256,UnSat
V1*V2*V3*V4*V5*V6*V7*V8,256,UnSat
V1*V2*V3*V4*V5*V6*V7*V8,256,UnSat
V1*V2*V3*V4*V5*V6*V7*V8,256,UnSat
V1*V2*V3*V4*V5*V6*V7*V8,256,UnSat
V1*V2*V3*V4*V5*V6*V7*V8,256,UnSat
V1*V2*V3*V4*V5*V6*V7*V8,256,UnSat
V1*V2*V3*V4*V5*V6*V7*V8,256,UnSat
V1*V2*V3*V4*V5*V6*V7*V8,256,UnSat
V1*V2*V3*V4*V5*V6*V7*V8,256,UnSat
V1*V2*V3*V4*V5*V6*V7*V8,256,UnSat
V1*V2*V3*V4*V5*V6*V7*V8,256,UnSat
V1*V2*V3*V4*V5*V6*V7*V8,256,UnSat
V1*V2*V3*V4*V5*V6*V7*V8,256,UnSat
V1*V2*V3*V4*V5*V6*V7*V8,256,UnSat
V1*V2*V3*V4*V5*V6*V7*V8,256,UnSat
V1*V2*V3*V4*V5*V6*V7*V8,256,UnSat
V1*V2*V3*V4*V5*V6*V7*V8,256,UnSat
V1*V2*V3*V4*V5*V6*V7*V8,256,UnSat
V1*V2*V3*V4*V5*V6*V7*V8,256,UnSat
V1*V2*V3*V4*V5*V6*V7*V8,256,UnSat
V1*V2*V3*V4*V5*V6*V7*V8,256,UnSat
V1*V2*V3*V4*V5*V6*V7*V8,256,UnSat
V1*V2*V3*V4*V5*V6*V7*V8,256,UnSat
V1*V2*V3*V4*V5*V6*V7*V8,256,UnSat
V1*V2*V3*V4*V5*V6*V7*V8,256,UnSat
V1*V2*V3*V4*V5*V6*V7*V8,256,UnSat
V1*V2*V3*V4*V5*V6*V7*V8,256,UnSat
V1*V2*V3*V4*V5*V6*V7*V8,256,UnSat
V1*V2*V3*V4*V5*V6*V7*V8,256,UnSat
V1*V2*V3*V4*V5*V6*V7*V8,256,UnSat
V1*V2*V3*V4*V5*V6*V7*V8,256,UnSat
V1*V2*V3*V4*V5*V6*V7*V8,256,UnSat
V1*V2*V3*V4*V5*V6*V7*V8,256,UnSat
V1*V2*V3*V4*V5*V6*V7*V8,256,UnSat
V1*V2*V3*V4*V5*V6*V7*V8,256,UnSat
V1*V2*V3*V4*V5*V6*V7*V8,256,UnSat
V1*V2*V3*V4*V5*V6*V7*V8,256,UnSat
V1*V2*V3*V4*V5*V6*V7*V8,256,UnSat
V1*V2*V3*V4*V5*V6*V7*V8,256,UnSat
V1*V2*V3*V4*V5*V6*V7*V8,256,UnSat
V1*V2*V3*V4*V5*V6*V7*V8,256,UnSat
V1*V2*V3*V4*V5*V6*V7*V8,256,UnSat
V1*V2*V3*V4*V5*V6*V7*V8,256,UnSat
V1*V2*V3*V4*V5*V6*V7*V8,256,UnSat
V1*V2*V3*V4*V5*V6*V7*V8,256,UnSat
V1*V2*V3*V4*V5*V6*V7*V8,256,UnSat
V1*V2*V3*V4*V5*V6*V7*V8,256,UnSat
V1*V2*V3*V4*V5*V6*V7*V8,256,UnSat
V1*V2*V3*V4*V5*V6*V7*V8,256,UnSat
V1*V2*V3*V4*V5*V6*V7*V8,256,UnSat
V1*V2*V3*V4*V5*V6*V7*V8,256,UnSat
V1*V2*V3*V4*V5*V6*V7*V8,256,UnSat
V1*V2*V3*V4*V5*V6*V7*V8,256,UnSat
V1*V2*V3*V4*V5*V6*V7*V8,256,UnSat
V1*V2*V3*V4*V5*V6*V7*V8,256,UnSat
V1*V2*V3*V4*V5*V6*V7*V8,256,UnSat
V1*V2*V3*V4*V5*V6*V7*V8,256,UnSat
V1*V2*V3*V4*V5*V6*V7*V8,256,UnSat
V1*V2*V3*V4*V5*V6*V7*V8,256,UnSat
V1*V2*V3*V4*V5*V6*V7*V8,256,UnSat
V1*V2*V3*V4*V5*V6*V7*V8,256,UnSat
V1*V2*V3*V4*V5*V6*V7*V8,256,UnSat
V1*V2*V3*V4*V5*V6*V7*V8,256,UnSat
V1*V2*V3*V4*V5*V6*V7*V8,256,UnSat
V1*V2*V3*V4*V5*V6*V7*V8,256,UnSat
V1*V2*V3*V4*V5*V6*V7*V8,256,UnSat
V1*V2*V3*V4*V5*V6*V7*V8,256,UnSat
V1*V2*V3*V4*V5*V6*V7*V8,256,UnSat
V1*V2*V3*V4*V5*V6*V7*V8,256,UnSat
V1*V2*V3*V4*V5*V6*V7*V8,256,UnSat
V1*V2*V3*V4*V5*V6*V7*V8,256,UnSat
V1*V2*V3*V4*V5*V6*V7*V8,256,UnSat
V1*V2*V3*V4*V5*V6*V7*V8,256,UnSat
V1*V2*V3*V4*V5*V6*V7*V8,256,UnSat
V1*V2*V3*V4*V5*V6*V7*V8,256,UnSat
V1*V2*V3*V4*V5*V6*V7*V8,256,UnSat
V1*V2*V3*V4*V5*V6*V7*V8,256,UnSat
V1*V2*V3*V4*V5*V6*V7*V8,256,UnSat
V1*V2*V3*V4*V5*V6*V7*V8,256,UnSat
V1*V2*V3*V4*V5*V6*V7*V8,256,UnSat
V1*V2*V3*V4*V5*V6*V7*V8,256,UnSat
V1*V2*V3*V4*V5*V6*V7*V8,256,UnSat
V1*V2*V3*V4*V5*V6*V7*V8,256,UnSat
V1*V2*V3*V4*V5*V6*V7*V8,256,UnSat
V1*V2*V3*V4*V5*V6*V7*V8,256,UnSat
V1*V2*V3*V4*V5*V6*V7*V8,256,UnSat
V1*V2*V3*V4*V5*V6*V7*V8,256,UnSat
V1*V2*V3*V4*V5*V6*V7*V8,256,UnSat
V1*V2*V3*V4*V5*V6*V7*V8,256,UnSat
V1*V2*V3*V4*V5*V6*V7*V8,256,UnSat
V1*V2*V3*V4*V5*V6*V7*V8,256,UnSat
V1*V2*V3*V4*V5*V6*V7*V8,256,UnSat
V1*V2*V3*V4*V5*V6*V7*V8,256,UnSat
V1*V2*V3*V4*V5*V6*V7*V8*V9,512,Sat
V1*V2*V3*V4*V5*V6*V7*V8*V9,512,Sat
V1*V2*V3*V4*V5*V6*V7*V8*V9,512,Sat
V1*V2*V3*V4*V5*V6*V7*V8*V9,512,Sat
V1*V2*V3*V4*V5*V6*V7*V8*V9,512,Sat
V1*V2*V3*V4*V5*V6*V7*V8*V9,512,Sat
V1*V2*V3*V4*V5*V6*V7*V8*V9,512,Sat
V1*V2*V3*V4*V5*V6*V7*V8*V9,512,Sat
V1*V2*V3*V4*V5*V6*V7*V8*V9,512,Sat
V1*V2*V3*V4*V5*V6*V7*V8*V9,512,Sat
V1*V2*V3*V4*V5*V6*V7*V8*V9,512,Sat
V1*V2*V3*V4*V5*V6*V7*V8*V9,512,Sat
V1*V2*V3*V4*V5*V6*V7*V8*V9,512,Sat
V1*V2*V3*V4*V5*V6*V7*V8*V9,512,Sat
V1*V2*V3*V4*V5*V6*V7*V8*V9,512,Sat
V1*V2*V3*V4*V5*V6*V7*V8*V9,512,Sat
V1*V2*V3*V4*V5*V6*V7*V8*V9,512,Sat
V1*V2*V3*V4*V5*V6*V7*V8*V9,512,Sat
V1*V2*V3*V4*V5*V6*V7*V8*V9,512,Sat
V1*V2*V3*V4*V5*V6*V7*V8*V9,512,Sat
V1*V2*V3*V4*V5*V6*V7*V8*V9,512,Sat
V1*V2*V3*V4*V5*V6*V7*V8*V9,512,Sat
V1*V2*V3*V4*V5*V6*V7*V8*V9,512,Sat
V1*V2*V3*V4*V5*V6*V7*V8*V9,512,Sat
V1*V2*V3*V4*V5*V6*V7*V8*V9,512,Sat
V1*V2*V3*V4*V5*V6*V7*V8*V9,512,Sat
V1*V2*V3*V4*V5*V6*V7*V8*V9,512,Sat
V1*V2*V3*V4*V5*V6*V7*V8*V9,512,Sat
V1*V2*V3*V4*V5*V6*V7*V8*V9,512,Sat
V1*V2*V3*V4*V5*V6*V7*V8*V9,512,Sat
V1*V2*V3*V4*V5*V6*V7*V8*V9,512,Sat
V1*V2*V3*V4*V5*V6*V7*V8*V9,512,Sat
V1*V2*V3*V4*V5*V6*V7*V8*V9,512,Sat
V1*V2*V3*V4*V5*V6*V7*V8*V9,512,Sat
V1*V2*V3*V4*V5*V6*V7*V8*V9,512,Sat
V1*V2*V3*V4*V5*V6*V7*V8*V9,512,Sat
V1*V2*V3*V4*V5*V6*V7*V8*V9,512,Sat
V1*V2*V3*V4*V5*V6*V7*V8*V9,512,Sat
V1*V2*V3*V4*V5*V6*V7*V8*V9,512,Sat
V1*V2*V3*V4*V5*V6*V7*V8*V9,512,Sat
V1*V2*V3*V4*V5*V6*V7*V8*V9,512,Sat
V1*V2*V3*V4*V5*V6*V7*V8*V9,512,Sat
V1*V2*V3*V4*V5*V6*V7*V8*V9,512,Sat
V1*V2*V3*V4*V5*V6*V7*V8*V9,512,Sat
V1*V2*V3*V4*V5*V6*V7*V8*V9,512,Sat
V1*V2*V3*V4*V5*V6*V7*V8*V9,512,Sat
V1*V2*V3*V4*V5*V6*V7*V8*V9,512,Sat
V1*V2*V3*V4*V5*V6*V7*V8*V9,512,Sat
V1*V2*V3*V4*V5*V6*V7*V8*V9,512,Sat
V1*V2*V3*V4*V5*V6*V7*V8*V9,512,Sat
V1*V2*V3*V4*V5*V6*V7*V8*V9,512,Sat
V1*V2*V3*V4*V5*V6*V7*V8*V9,512,Sat
V1*V2*V3*V4*V5*V6*V7*V8*V9,512,Sat
V1*V2*V3*V4*V5*V6*V7*V8*V9,512,Sat
V1*V2*V3*V4*V5*V6*V7*V8*V9,512,Sat
V1*V2*V3*V4*V5*V6*V7*V8*V9,512,Sat
V1*V2*V3*V4*V5*V6*V7*V8*V9,512,Sat
V1*V2*V3*V4*V5*V6*V7*V8*V9,512,Sat
V1*V2*V3*V4*V5*V6*V7*V8*V9,512,Sat
V1*V2*V3*V4*V5*V6*V7*V8*V9,512,Sat
V1*V2*V3*V4*V5*V6*V7*V8*V9,512,Sat
V1*V2*V3*V4*V5*V6*V7*V8*V9,512,Sat
V1*V2*V3*V4*V5*V6*V7*V8*V9,512,Sat
V1*V2*V3*V4*V5*V6*V7*V8*V9,512,Sat
V1*V2*V3*V4*V5*V6*V7*V8*V9,512,Sat
V1*V2*V3*V4*V5*V6*V7*V8*V9,512,Sat
V1*V2*V3*V4*V5*V6*V7*V8*V9,512,Sat
V1*V2*V3*V4*V5*V6*V7*V8*V9,512,UnSat
V1*V2*V3*V4*V5*V6*V7*V8*V9,512,UnSat
V1*V2*V3*V4*V5*V6*V7*V8*V9,512,UnSat
V1*V2*V3*V4*V5*V6*V7*V8*V9,512,UnSat
V1*V2*V3*V4*V5*V6*V7*V8*V9,512,UnSat
V1*V2*V3*V4*V5*V6*V7*V8*V9,512,UnSat
V1*V2*V3*V4*V5*V6*V7*V8*V9,512,UnSat
V1*V2*V3*V4*V5*V6*V7*V8*V9,512,UnSat
V1*V2*V3*V4*V5*V6*V7*V8*V9,512,UnSat
V1*V2*V3*V4*V5*V6*V7*V8*V9,512,UnSat
V1*V2*V3*V4*V5*V6*V7*V8*V9,512,UnSat
V1*V2*V3*V4*V5*V6*V7*V8*V9,512,UnSat
V1*V2*V3*V4*V5*V6*V7*V8*V9,512,UnSat
V1*V2*V3*V4*V5*V6*V7*V8*V9,512,UnSat
V1*V2*V3*V4*V5*V6*V7*V8*V9,512,UnSat
V1*V2*V3*V4*V5*V6*V7*V8*V9,512,UnSat
V1*V2*V3*V4*V5*V6*V7*V8*V9,512,UnSat
V1*V2*V3*V4*V5*V6*V7*V8*V9,512,UnSat
V1*V2*V3*V4*V5*V6*V7*V8*V9,512,UnSat
V1*V2*V3*V4*V5*V6*V7*V8*V9,512,UnSat
V1*V2*V3*V4*V5*V6*V7*V8*V9,512,UnSat
V1*V2*V3*V4*V5*V6*V7*V8*V9,512,UnSat
V1*V2*V3*V4*V5*V6*V7*V8*V9,512,UnSat
V1*V2*V3*V4*V5*V6*V7*V8*V9,512,UnSat
V1*V2*V3*V4*V5*V6*V7*V8*V9,512,UnSat
V1*V2*V3*V4*V5*V6*V7*V8*V9,512,UnSat
V1*V2*V3*V4*V5*V6*V7*V8*V9,512,UnSat
V1*V2*V3*V4*V5*V6*V7*V8*V9,512,UnSat
V1*V2*V3*V4*V5*V6*V7*V8*V9,512,UnSat
V1*V2*V3*V4*V5*V6*V7*V8*V9,512,UnSat
V1*V2*V3*V4*V5*V6*V7*V8*V9,512,UnSat
V1*V2*V3*V4*V5*V6*V7*V8*V9,512,UnSat
V1*V2*V3*V4*V5*V6*V7*V8*V9,512,UnSat
V1*V2*V3*V4*V5*V6*V7*V8*V9,512,UnSat
V1*V2*V3*V4*V5*V6*V7*V8*V9,512,UnSat
V1*V2*V3*V4*V5*V6*V7*V8*V9,512,UnSat
V1*V2*V3*V4*V5*V6*V7*V8*V9,512,UnSat
V1*V2*V3*V4*V5*V6*V7*V8*V9,512,UnSat
V1*V2*V3*V4*V5*V6*V7*V8*V9,512,UnSat
V1*V2*V3*V4*V5*V6*V7*V8*V9,512,UnSat
V1*V2*V3*V4*V5*V6*V7*V8*V9,512,UnSat
V1*V2*V3*V4*V5*V6*V7*V8*V9,512,UnSat
V1*V2*V3*V4*V5*V6*V7*V8*V9,512,UnSat
V1*V2*V3*V4*V5*V6*V7*V8*V9,512,UnSat
V1*V2*V3*V4*V5*V6*V7*V8*V9,512,UnSat
V1*V2*V3*V4*V5*V6*V7*V8*V9,512,UnSat
V1*V2*V3*V4*V5*V6*V7*V8*V9,512,UnSat
V1*V2*V3*V4*V5*V6*V7*V8*V9,512,UnSat
V1*V2*V3*V4*V5*V6*V7*V8*V9,512,UnSat
V1*V2*V3*V4*V5*V6*V7*V8*V9,512,UnSat
V1*V2*V3*V4*V5*V6*V7*V8*V9,512,UnSat
V1*V2*V3*V4*V5*V6*V7*V8*V9,512,UnSat
V1*V2*V3*V4*V5*V6*V7*V8*V9,512,UnSat
V1*V2*V3*V4*V5*V6*V7*V8*V9,512,UnSat
V1*V2*V3*V4*V5*V6*V7*V8*V9,512,UnSat
V1*V2*V3*V4*V5*V6*V7*V8*V9,512,UnSat
V1*V2*V3*V4*V5*V6*V7*V8*V9,512,UnSat
V1*V2*V3*V4*V5*V6*V7*V8*V9,512,UnSat
V1*V2*V3*V4*V5*V6*V7*V8*V9,512,UnSat
V1*V2*V3*V4*V5*V6*V7*V8*V9,512,UnSat
V1*V2*V3*V4*V5*V6*V7*V8*V9,512,UnSat
V1*V2*V3*V4*V5*V6*V7*V8*V9,512,UnSat
V1*V2*V3*V4*V5*V6*V7*V8*V9,512,UnSat
V1*V2*V3*V4*V5*V6*V7*V8*V9,512,UnSat
V1*V2*V3*V4*V5*V6*V7*V8*V9,512,UnSat
V1*V2*V3*V4*V5*V6*V7*V8*V9,512,UnSat
V1*V2*V3*V4*V5*V6*V7*V8*V9,512,UnSat
V1*V2*V3*V4*V5*V6*V7*V8*V9,512,UnSat
V1*V2*V3*V4*V5*V6*V7*V8*V9,512,UnSat
V1*V2*V3*V4*V5*V6*V7*V8*V9,512,UnSat
V1*V2*V3*V4*V5*V6*V7*V8*V9,512,UnSat
V1*V2*V3*V4*V5*V6*V7*V8*V9,512,UnSat
V1*V2*V3*V4*V5*V6*V7*V8*V9,512,UnSat
V1*V2*V3*V4*V5*V6*V7*V8*V9,512,UnSat
V1*V2*V3*V4*V5*V6*V7*V8*V9,512,UnSat
V1*V2*V3*V4*V5*V6*V7*V8*V9,512,UnSat
V1*V2*V3*V4*V5*V6*V7*V8*V9,512,UnSat
V1*V2*V3*V4*V5*V6*V7*V8*V9,512,UnSat
V1*V2*V3*V4*V5*V6*V7*V8*V9,512,UnSat
V1*V2*V3*V4*V5*V6*V7*V8*V9,512,UnSat
V1*V2*V3*V4*V5*V6*V7*V8*V9,512,UnSat
V1*V2*V3*V4*V5*V6*V7*V8*V9,512,UnSat
V1*V2*V3*V4*V5*V6*V7*V8*V9,512,UnSat
V1*V2*V3*V4*V5*V6*V7*V8*V9,512,UnSat
V1*V2*V3*V4*V5*V6*V7*V8*V9,512,UnSat
V1*V2*V3*V4*V5*V6*V7*V8*V9,512,UnSat
V1*V2*V3*V4*V5*V6*V7*V8*V9,512,UnSat
V1*V2*V3*V4*V5*V6*V7*V8*V9,512,UnSat
V1*V2*V3*V4*V5*V6*V7*V8*V9,512,UnSat
V1*V2*V3*V4*V5*V6*V7*V8*V9,512,UnSat
V1*V2*V3*V4*V5*V6*V7*V8*V9,512,UnSat
V1*V2*V3*V4*V5*V6*V7*V8*V9,512,UnSat
V1*V2*V3*V4*V5*V6*V7*V8*V9,512,UnSat
V1*V2*V3*V4*V5*V6*V7*V8*V9,512,UnSat
V1*V2*V3*V4*V5*V6*V7*V8*V9,512,UnSat
V1*V2*V3*V4*V5*V6*V7*V8*V9,512,UnSat
V1*V2*V3*V4*V5*V6*V7*V8*V9,512,UnSat
V1*V2*V3*V4*V5*V6*V7*V8*V9,512,UnSat
V1*V2*V3*V4*V5*V6*V7*V8*V9,512,UnSat
V1*V2*V3*V4*V5*V6*V7*V8*V9,512,UnSat
V1*V2*V3*V4*V5*V6*V7*V8*V9,512,UnSat
V1*V2*V3*V4*V5*V6*V7*V8*V9,512,UnSat
V1*V2*V3*V4*V5*V6*V7*V8*V9,512,UnSat
V1*V2*V3*V4*V5*V6*V7*V8*V9,512,UnSat
V1*V2*V3*V4*V5*V6*V7*V8*V9,512,UnSat
V1*V2*V3*V4*V5*V6*V7*V8*V9,512,UnSat
V1*V2*V3*V4*V5*V6*V7*V8*V9,512,UnSat
V1*V2*V3*V4*V5*V6*V7*V8*V9,512,UnSat
V1*V2*V3*V4*V5*V6*V7*V8*V9,512,UnSat
V1*V2*V3*V4*V5*V6*V7*V8*V9,512,UnSat
V1*V2*V3*V4*V5*V6*V7*V8*V9,512,UnSat
V1*V2*V3*V4*V5*V6*V7*V8*V9,512,UnSat
V1*V2*V3*V4*V5*V6*V7*V8*V9,512,UnSat
V1*V2*V3*V4*V5*V6*V7*V8*V9,512,UnSat
V1*V2*V3*V4*V5*V6*V7*V8*V9,512,UnSat
V1*V2*V3*V4*V5*V6*V7*V8*V9,512,UnSat
V1*V2*V3*V4*V5*V6*V7*V8*V9,512,UnSat
V1*V2*V3*V4*V5*V6*V7*V8*V9,512,UnSat
V1*V2*V3*V4*V5*V6*V7*V8*V9,512,UnSat
V1*V2*V3*V4*V5*V6*V7*V8*V9,512,UnSat
V1*V2*V3*V4*V5*V6*V7*V8*V9,512,UnSat
V1*V2*V3*V4*V5*V6*V7*V8*V9,512,UnSat
V1*V2*V3*V4*V5*V6*V7*V8*V9,512,UnSat
V1*V2*V3*V4*V5*V6*V7*V8*V9,512,UnSat
V1*V2*V3*V4*V5*V6*V7*V8*V9,512,UnSat
V1*V2*V3*V4*V5*V6*V7*V8*V9,512,UnSat
V1*V2*V3*V4*V5*V6*V7*V8*V9,512,UnSat
V1*V2*V3*V4*V5*V6*V7*V8*V9,512,UnSat
V1*V2*V3*V4*V5*V6*V7*V8*V9,512,UnSat
V1*V2*V3*V4*V5*V6*V7*V8*V9,512,UnSat
V1*V2*V3*V4*V5*V6*V7*V8*V9,512,UnSat
V1*V2*V3*V4*V5*V6*V7*V8*V9,512,UnSat
V1*V2*V3*V4*V5*V6*V7*V8*V9,512,UnSat
V1*V2*V3*V4*V5*V6*V7*V8*V9,512,UnSat
V1*V2*V3*V4*V5*V6*V7*V8*V9,512,UnSat
V1*V2*V3*V4*V5*V6*V7*V8*V9,512,UnSat
V1*V2*V3*V4*V5*V6*V7*V8*V9,512,UnSat
V1*V2*V3*V4*V5*V6*V7*V8*V9,512,UnSat
V1*V2*V3*V4*V5*V6*V7*V8*V9,512,UnSat
V1*V2*V3*V4*V5*V6*V7*V8*V9,512,UnSat
V1*V2*V3*V4*V5*V6*V7*V8*V9,512,UnSat
V1*V2*V3*V4*V5*V6*V7*V8*V9,512,UnSat
V1*V2*V3*V4*V5*V6*V7*V8*V9,512,UnSat
V1*V2*V3*V4*V5*V6*V7*V8*V9,512,UnSat
V1*V2*V3*V4*V5*V6*V7*V8*V9,512,UnSat
V1*V2*V3*V4*V5*V6*V7*V8*V9,512,UnSat
V1*V2*V3*V4*V5*V6*V7*V8*V9,512,UnSat
V1*V2*V3*V4*V5*V6*V7*V8*V9,512,UnSat
V1*V2*V3*V4*V5*V6*V7*V8*V9,512,UnSat
V1*V2*V3*V4*V5*V6*V7*V8*V9,512,UnSat
V1*V2*V3*V4*V5*V6*V7*V8*V9,512,UnSat
V1*V2*V3*V4*V5*V6*V7*V8*V9,512,UnSat
V1*V2*V3*V4*V5*V6*V7*V8*V9,512,UnSat
V1*V2*V3*V4*V5*V6*V7*V8*V9,512,UnSat
V1*V2*V3*V4*V5*V6*V7*V8*V9,512,UnSat
V1*V2*V3*V4*V5*V6*V7*V8*V9,512,UnSat
V1*V2*V3*V4*V5*V6*V7*V8*V9,512,UnSat
V1*V2*V3*V4*V5*V6*V7*V8*V9,512,UnSat
V1*V2*V3*V4*V5*V6*V7*V8*V9,512,UnSat
V1*V2*V3*V4*V5*V6*V7*V8*V9,512,UnSat
V1*V2*V3*V4*V5*V6*V7*V8*V9,512,UnSat
V1*V2*V3*V4*V5*V6*V7*V8*V9,512,UnSat
V1*V2*V3*V4*V5*V6*V7*V8*V9,512,UnSat
V1*V2*V3*V4*V5*V6*V7*V8*V9,512,UnSat
V1*V2*V3*V4*V5*V6*V7*V8*V9,512,UnSat
V1*V2*V3*V4*V5*V6*V7*V8*V9,512,UnSat
V1*V2*V3*V4*V5*V6*V7*V8*V9,512,UnSat
V1*V2*V3*V4*V5*V6*V7*V8*V9,512,UnSat
V1*V2*V3*V4*V5*V6*V7*V8*V9,512,UnSat
V1*V2*V3*V4*V5*V6*V7*V8*V9,512,UnSat
V1*V2*V3*V4*V5*V6*V7*V8*V9,512,UnSat
V1*V2*V3*V4*V5*V6*V7*V8*V9,512,UnSat
V1*V2*V3*V4*V5*V6*V7*V8*V9,512,UnSat
V1*V2*V3*V4*V5*V6*V7*V8*V9,512,UnSat
V1*V2*V3*V4*V5*V6*V7*V8*V9,512,UnSat
V1*V2*V3*V4*V5*V6*V7*V8*V9,512,UnSat
V1*V2*V3*V4*V5*V6*V7*V8*V9,512,UnSat
V1*V2*V3*V4*V5*V6*V7*V8*V9,512,UnSat
V1*V2*V3*V4*V5*V6*V7*V8*V9,512,UnSat
V1*V2*V3*V4*V5*V6*V7*V8*V9,512,UnSat
V1*V2*V3*V4*V5*V6*V7*V8*V9,512,UnSat
V1*V2*V3*V4*V5*V6*V7*V8*V9,512,UnSat
V1*V2*V3*V4*V5*V6*V7*V8*V9,512,UnSat
V1*V2*V3*V4*V5*V6*V7*V8*V9,512,UnSat
V1*V2*V3*V4*V5*V6*V7*V8*V9,512,UnSat
V1*V2*V3*V4*V5*V6*V7*V8*V9,512,UnSat
V1*V2*V3*V4*V5*V6*V7*V8*V9,512,UnSat
V1*V2*V3*V4*V5*V6*V7*V8*V9,512,UnSat
V1*V2*V3*V4*V5*V6*V7*V8*V9,512,UnSat
V1*V2*V3*V4*V5*V6*V7*V8*V9,512,UnSat
V1*V2*V3*V4*V5*V6*V7*V8*V9,512,UnSat
V1*V2*V3*V4*V5*V6*V7*V8*V9,512,UnSat
V1*V2*V3*V4*V5*V6*V7*V8*V9,512,UnSat
V1*V2*V3*V4*V5*V6*V7*V8*V9,512,UnSat
V1*V2*V3*V4*V5*V6*V7*V8*V9,512,UnSat
V1*V2*V3*V4*V5*V6*V7*V8*V9,512,UnSat
V1*V2*V3*V4*V5*V6*V7*V8*V9,512,UnSat
V1*V2*V3*V4*V5*V6*V7*V8*V9,512,UnSat
V1*V2*V3*V4*V5*V6*V7*V8*V9,512,UnSat
V1*V2*V3*V4*V5*V6*V7*V8*V9,512,UnSat
V1*V2*V3*V4*V5*V6*V7*V8*V9,512,UnSat
V1*V2*V3*V4*V5*V6*V7*V8*V9,512,UnSat
V1*V2*V3*V4*V5*V6*V7*V8*V9,512,UnSat
V1*V2*V3*V4*V5*V6*V7*V8*V9,512,UnSat
V1*V2*V3*V4*V5*V6*V7*V8*V9,512,UnSat
V1*V2*V3*V4*V5*V6*V7*V8*V9,512,UnSat
V1*V2*V3*V4*V5*V6*V7*V8*V9,512,UnSat
V1*V2*V3*V4*V5*V6*V7*V8*V9,512,UnSat
V1*V2*V3*V4*V5*V6*V7*V8*V9,512,UnSat
V1*V2*V3*V4*V5*V6*V7*V8*V9,512,UnSat
V1*V2*V3*V4*V5*V6*V7*V8*V9,512,UnSat
V1*V2*V3*V4*V5*V6*V7*V8*V9,512,UnSat
V1*V2*V3*V4*V5*V6*V7*V8*V9,512,UnSat
V1*V2*V3*V4*V5*V6*V7*V8*V9,512,UnSat
V1*V2*V3*V4*V5*V6*V7*V8*V9,512,UnSat
V1*V2*V3*V4*V5*V6*V7*V8*V9,512,UnSat
V1*V2*V3*V4*V5*V6*V7*V8*V9,512,UnSat
V1*V2*V3*V4*V5*V6*V7*V8*V9,512,UnSat
V1*V2*V3*V4*V5*V6*V7*V8*V9,512,UnSat
V1*V2*V3*V4*V5*V6*V7*V8*V9,512,UnSat
V1*V2*V3*V4*V5*V6*V7*V8*V9,512,UnSat
V1*V2*V3*V4*V5*V6*V7*V8*V9,512,UnSat
V1*V2*V3*V4*V5*V6*V7*V8*V9,512,UnSat
V1*V2*V3*V4*V5*V6*V7*V8*V9,512,UnSat
V1*V2*V3*V4*V5*V6*V7*V8*V9,512,UnSat
V1*V2*V3*V4*V5*V6*V7*V8*V9,512,UnSat
V1*V2*V3*V4*V5*V6*V7*V8*V9,512,UnSat
V1*V2*V3*V4*V5*V6*V7*V8*V9,512,UnSat
V1*V2*V3*V4*V5*V6*V7*V8*V9,512,UnSat
V1*V2*V3*V4*V5*V6*V7*V8*V9,512,UnSat
V1*V2*V3*V4*V5*V6*V7*V8*V9,512,UnSat
V1*V2*V3*V4*V5*V6*V7*V8*V9,512,UnSat
V1*V2*V3*V4*V5*V6*V7*V8*V9,512,UnSat
V1*V2*V3*V4*V5*V6*V7*V8*V9,512,UnSat
V1*V2*V3*V4*V5*V6*V7*V8*V9,512,UnSat
V1*V2*V3*V4*V5*V6*V7*V8*V9,512,UnSat
V1*V2*V3*V4*V5*V6*V7*V8*V9,512,UnSat
V1*V2*V3*V4*V5*V6*V7*V8*V9,512,UnSat
V1*V2*V3*V4*V5*V6*V7*V8*V9,512,UnSat
V1*V2*V3*V4*V5*V6*V7*V8*V9,512,UnSat
V1*V2*V3*V4*V5*V6*V7*V8*V9,512,UnSat
V1*V2*V3*V4*V5*V6*V7*V8*V9,512,UnSat
V1*V2*V3*V4*V5*V6*V7*V8*V9,512,UnSat
V1*V2*V3*V4*V5*V6*V7*V8*V9,512,UnSat
V1*V2*V3*V4*V5*V6*V7*V8*V9,512,UnSat
V1*V2*V3*V4*V5*V6*V7*V8*V9,512,UnSat
V1*V2*V3*V4*V5*V6*V7*V8*V9,512,UnSat
V1*V2*V3*V4*V5*V6*V7*V8*V9,512,UnSat
V1*V2*V3*V4*V5*V6*V7*V8*V9,512,UnSat
V1*V2*V3*V4*V5*V6*V7*V8*V9,512,UnSat
V1*V2*V3*V4*V5*V6*V7*V8*V9,512,UnSat
V1*V2*V3*V4*V5*V6*V7*V8*V9,512,UnSat
V1*V2*V3*V4*V5*V6*V7*V8*V9,512,UnSat
V1*V2*V3*V4*V5*V6*V7*V8*V9,512,UnSat
V1*V2*V3*V4*V5*V6*V7*V8*V9,512,UnSat
V1*V2*V3*V4*V5*V6*V7*V8*V9,512,UnSat
V1*V2*V3*V4*V5*V6*V7*V8*V9,512,UnSat
V1*V2*V3*V4*V5*V6*V7*V8*V9,512,UnSat
V1*V2*V3*V4*V5*V6*V7*V8*V9,512,UnSat
V1*V2*V3*V4*V5*V6*V7*V8*V9,512,UnSat
V1*V2*V3*V4*V5*V6*V7*V8*V9,512,UnSat
V1*V2*V3*V4*V5*V6*V7*V8*V9,512,UnSat
V1*V2*V3*V4*V5*V6*V7*V8*V9,512,UnSat
V1*V2*V3*V4*V5*V6*V7*V8*V9,512,UnSat
V1*V2*V3*V4*V5*V6*V7*V8*V9,512,UnSat
V1*V2*V3*V4*V5*V6*V7*V8*V9,512,UnSat
V1*V2*V3*V4*V5*V6*V7*V8*V9,512,UnSat
V1*V2*V3*V4*V5*V6*V7*V8*V9,512,UnSat
V1*V2*V3*V4*V5*V6*V7*V8*V9,512,UnSat
V1*V2*V3*V4*V5*V6*V7*V8*V9,512,UnSat
V1*V2*V3*V4*V5*V6*V7*V8*V9,512,UnSat
V1*V2*V3*V4*V5*V6*V7*V8*V9,512,UnSat
V1*V2*V3*V4*V5*V6*V7*V8*V9,512,UnSat
V1*V2*V3*V4*V5*V6*V7*V8*V9,512,UnSat
V1*V2*V3*V4*V5*V6*V7*V8*V9,512,UnSat
V1*V2*V3*V4*V5*V6*V7*V8*V9,512,UnSat
V1*V2*V3*V4*V5*V6*V7*V8*V9,512,UnSat
V1*V2*V3*V4*V5*V6*V7*V8*V9,512,UnSat
V1*V2*V3*V4*V5*V6*V7*V8*V9,512,UnSat
V1*V2*V3*V4*V5*V6*V7*V8*V9,512,UnSat
V1*V2*V3*V4*V5*V6*V7*V8*V9,512,UnSat
V1*V2*V3*V4*V5*V6*V7*V8*V9,512,UnSat
V1*V2*V3*V4*V5*V6*V7*V8*V9,512,UnSat
V1*V2*V3*V4*V5*V6*V7*V8*V9,512,UnSat
V1*V2*V3*V4*V5*V6*V7*V8*V9,512,UnSat
V1*V2*V3*V4*V5*V6*V7*V8*V9,512,UnSat
V1*V2*V3*V4*V5*V6*V7*V8*V9,512,UnSat
V1*V2*V3*V4*V5*V6*V7*V8*V9,512,UnSat
V1*V2*V3*V4*V5*V6*V7*V8*V9,512,UnSat
V1*V2*V3*V4*V5*V6*V7*V8*V9,512,UnSat
V1*V2*V3*V4*V5*V6*V7*V8*V9,512,UnSat
V1*V2*V3*V4*V5*V6*V7*V8*V9,512,UnSat
V1*V2*V3*V4*V5*V6*V7*V8*V9,512,UnSat
V1*V2*V3*V4*V5*V6*V7*V8*V9,512,UnSat
V1*V2*V3*V4*V5*V6*V7*V8*V9,512,UnSat
V1*V2*V3*V4*V5*V6*V7*V8*V9,512,UnSat
V1*V2*V3*V4*V5*V6*V7*V8*V9,512,UnSat
V1*V2*V3*V4*V5*V6*V7*V8*V9,512,UnSat
V1*V2*V3*V4*V5*V6*V7*V8*V9,512,UnSat
V1*V2*V3*V4*V5*V6*V7*V8*V9,512,UnSat
V1*V2*V3*V4*V5*V6*V7*V8*V9,512,UnSat
V1*V2*V3*V4*V5*V6*V7*V8*V9,512,UnSat
V1*V2*V3*V4*V5*V6*V7*V8*V9,512,UnSat
V1*V2*V3*V4*V5*V6*V7*V8*V9,512,UnSat
V1*V2*V3*V4*V5*V6*V7*V8*V9,512,UnSat
V1*V2*V3*V4*V5*V6*V7*V8*V9,512,UnSat
V1*V2*V3*V4*V5*V6*V7*V8*V9,512,UnSat
V1*V2*V3*V4*V5*V6*V7*V8*V9,512,UnSat
V1*V2*V3*V4*V5*V6*V7*V8*V9,512,UnSat
V1*V2*V3*V4*V5*V6*V7*V8*V9,512,UnSat
V1*V2*V3*V4*V5*V6*V7*V8*V9,512,UnSat
V1*V2*V3*V4*V5*V6*V7*V8*V9,512,UnSat
V1*V2*V3*V4*V5*V6*V7*V8*V9,512,UnSat
V1*V2*V3*V4*V5*V6*V7*V8*V9,512,UnSat
V1*V2*V3*V4*V5*V6*V7*V8*V9,512,UnSat
V1*V2*V3*V4*V5*V6*V7*V8*V9,512,UnSat
V1*V2*V3*V4*V5*V6*V7*V8*V9,512,UnSat
V1*V2*V3*V4*V5*V6*V7*V8*V9,512,UnSat
V1*V2*V3*V4*V5*V6*V7*V8*V9,512,UnSat
V1*V2*V3*V4*V5*V6*V7*V8*V9,512,UnSat
V1*V2*V3*V4*V5*V6*V7*V8*V9,512,UnSat
V1*V2*V3*V4*V5*V6*V7*V8*V9,512,UnSat
V1*V2*V3*V4*V5*V6*V7*V8*V9,512,UnSat
V1*V2*V3*V4*V5*V6*V7*V8*V9,512,UnSat
V1*V2*V3*V4*V5*V6*V7*V8*V9,512,UnSat
V1*V2*V3*V4*V5*V6*V7*V8*V9,512,UnSat
V1*V2*V3*V4*V5*V6*V7*V8*V9,512,UnSat
V1*V2*V3*V4*V5*V6*V7*V8*V9,512,UnSat
V1*V2*V3*V4*V5*V6*V7*V8*V9,512,UnSat
V1*V2*V3*V4*V5*V6*V7*V8*V9,512,UnSat
V1*V2*V3*V4*V5*V6*V7*V8*V9,512,UnSat
V1*V2*V3*V4*V5*V6*V7*V8*V9,512,UnSat
V1*V2*V3*V4*V5*V6*V7*V8*V9,512,UnSat
V1*V2*V3*V4*V5*V6*V7*V8*V9,512,UnSat
V1*V2*V3*V4*V5*V6*V7*V8*V9,512,UnSat
V1*V2*V3*V4*V5*V6*V7*V8*V9,512,UnSat
V1*V2*V3*V4*V5*V6*V7*V8*V9,512,UnSat
V1*V2*V3*V4*V5*V6*V7*V8*V9,512,UnSat
V1*V2*V3*V4*V5*V6*V7*V8*V9,512,UnSat
V1*V2*V3*V4*V5*V6*V7*V8*V9,512,UnSat
V1*V2*V3*V4*V5*V6*V7*V8*V9,512,UnSat
V1*V2*V3*V4*V5*V6*V7*V8*V9,512,UnSat
V1*V2*V3*V4*V5*V6*V7*V8*V9,512,UnSat
V1*V2*V3*V4*V5*V6*V7*V8*V9,512,UnSat
V1*V2*V3*V4*V5*V6*V7*V8*V9,512,UnSat
V1*V2*V3*V4*V5*V6*V7*V8*V9,512,UnSat
V1*V2*V3*V4*V5*V6*V7*V8*V9,512,UnSat
V1*V2*V3*V4*V5*V6*V7*V8*V9,512,UnSat
V1*V2*V3*V4*V5*V6*V7*V8*V9,512,UnSat
V1*V2*V3*V4*V5*V6*V7*V8*V9,512,UnSat
V1*V2*V3*V4*V5*V6*V7*V8*V9,512,UnSat
V1*V2*V3*V4*V5*V6*V7*V8*V9,512,UnSat
V1*V2*V3*V4*V5*V6*V7*V8*V9,512,UnSat
V1*V2*V3*V4*V5*V6*V7*V8*V9,512,UnSat
V1*V2*V3*V4*V5*V6*V7*V8*V9,512,UnSat
V1*V2*V3*V4*V5*V6*V7*V8*V9,512,UnSat
V1*V2*V3*V4*V5*V6*V7*V8*V9,512,UnSat
V1*V2*V3*V4*V5*V6*V7*V8*V9,512,UnSat
V1*V2*V3*V4*V5*V6*V7*V8*V9,512,UnSat
V1*V2*V3*V4*V5*V6*V7*V8*V9,512,UnSat
V1*V2*V3*V4*V5*V6*V7*V8*V9,512,UnSat
V1*V2*V3*V4*V5*V6*V7*V8*V9,512,UnSat
V1*V2*V3*V4*V5*V6*V7*V8*V9,512,UnSat
V1*V2*V3*V4*V5*V6*V7*V8*V9,512,UnSat
V1*V2*V3*V4*V5*V6*V7*V8*V9,512,UnSat
V1*V2*V3*V4*V5*V6*V7*V8*V9,512,UnSat
V1*V2*V3*V4*V5*V6*V7*V8*V9,512,UnSat
V1*V2*V3*V4*V5*V6*V7*V8*V9,512,UnSat
V1*V2*V3*V4*V5*V6*V7*V8*V9,512,UnSat
V1*V2*V3*V4*V5*V6*V7*V8*V9,512,UnSat
V1*V2*V3*V4*V5*V6*V7*V8*V9,512,UnSat
V1*V2*V3*V4*V5*V6*V7*V8*V9,512,UnSat
V1*V2*V3*V4*V5*V6*V7*V8*V9,512,UnSat
V1*V2*V3*V4*V5*V6*V7*V8*V9,512,UnSat
V1*V2*V3*V4*V5*V6*V7*V8*V9,512,UnSat
V1*V2*V3*V4*V5*V6*V7*V8*V9,512,UnSat
V1*V2*V3*V4*V5*V6*V7*V8*V9,512,UnSat
V1*V2*V3*V4*V5*V6*V7*V8*V9,512,UnSat
V1*V2*V3*V4*V5*V6*V7*V8*V9,512,UnSat
V1*V2*V3*V4*V5*V6*V7*V8*V9,512,UnSat
V1*V2*V3*V4*V5*V6*V7*V8*V9,512,UnSat
V1*V2*V3*V4*V5*V6*V7*V8*V9,512,UnSat
V1*V2*V3*V4*V5*V6*V7*V8*V9,512,UnSat
V1*V2*V3*V4*V5*V6*V7*V8*V9,512,UnSat
V1*V2*V3*V4*V5*V6*V7*V8*V9,512,UnSat
V1*V2*V3*V4*V5*V6*V7*V8*V9,512,UnSat
V1*V2*V3*V4*V5*V6*V7*V8*V9,512,UnSat
V1*V2*V3*V4*V5*V6*V7*V8*V9,512,UnSat
V1*V2*V3*V4*V5*V6*V7*V8*V9,512,UnSat
V1*V2*V3*V4*V5*V6*V7*V8*V9,512,UnSat
V1*V2*V3*V4*V5*V6*V7*V8*V9,512,UnSat
V1*V2*V3*V4*V5*V6*V7*V8*V9,512,UnSat
V1*V2*V3*V4*V5*V6*V7*V8*V9,512,UnSat
V1*V2*V3*V4*V5*V6*V7*V8*V9,512,UnSat
V1*V2*V3*V4*V5*V6*V7*V8*V9,512,UnSat
V1*V2*V3*V4*V5*V6*V7*V8*V9,512,UnSat
V1*V2*V3*V4*V5*V6*V7*V8*V9,512,UnSat
V1*V2*V3*V4*V5*V6*V7*V8*V9,512,UnSat
V1*V2*V3*V4*V5*V6*V7*V8*V9,512,UnSat
V1*V2*V3*V4*V5*V6*V7*V8*V9,512,UnSat
V1*V2*V3*V4*V5*V6*V7*V8*V9,512,UnSat
V1*V2*V3*V4*V5*V6*V7*V8*V9,512,UnSat
V1*V2*V3*V4*V5*V6*V7*V8*V9,512,UnSat
V1*V2*V3*V4*V5*V6*V7*V8*V9,512,UnSat
V1*V2*V3*V4*V5*V6*V7*V8*V9,512,UnSat
V1*V2*V3*V4*V5*V6*V7*V8*V9,512,UnSat
V1*V2*V3*V4*V5*V6*V7*V8*V9,512,UnSat
V1*V2*V3*V4*V5*V6*V7*V8*V9,512,UnSat
V1*V2*V3*V4*V5*V6*V7*V8*V9,512,UnSat
V1*V2*V3*V4*V5*V6*V7*V8*V9,512,UnSat
V1*V2*V3*V4*V5*V6*V7*V8*V9,512,UnSat
V1*V2*V3*V4*V5*V6*V7*V8*V9,512,UnSat
V1*V2*V3*V4*V5*V6*V7*V8*V9,512,UnSat
V1*V2*V3*V4*V5*V6*V7*V8*V9,512,UnSat
V1*V2*V3*V4*V5*V6*V7*V8*V9,512,UnSat
V1*V2*V3*V4*V5*V6*V7*V8*V9,512,UnSat
V1*V2*V3*V4*V5*V6*V7*V8*V9,512,UnSat
V1*V2*V3*V4*V5*V6*V7*V8*V9,512,UnSat
V1*V2*V3*V4*V5*V6*V7*V8*V9,512,UnSat
V1*V2*V3*V4*V5*V6*V7*V8*V9,512,UnSat
V1*V2*V3*V4*V5*V6*V7*V8*V9,512,UnSat
V1*V2*V3*V4*V5*V6*V7*V8*V9,512,UnSat
V1*V2*V3*V4*V5*V6*V7*V8*V9,512,UnSat
V1*V2*V3*V4*V5*V6*V7*V8*V9,512,UnSat
V1*V2*V3*V4*V5*V6*V7*V8*V9,512,UnSat
V1*V2*V3*V4*V5*V6*V7*V8*V9,512,UnSat
V1*V2*V3*V4*V5*V6*V7*V8*V9,512,UnSat
V1*V2*V3*V4*V5*V6*V7*V8*V9,512,UnSat
V1*V2*V3*V4*V5*V6*V7*V8*V9,512,UnSat
V1*V2*V3*V4*V5*V6*V7*V8*V9,512,UnSat
V1*V2*V3*V4*V5*V6*V7*V8*V9,512,UnSat
V1*V2*V3*V4*V5*V6*V7*V8*V9,512,UnSat
V1*V2*V3*V4*V5*V6*V7*V8*V9,512,UnSat
V1*V2*V3*V4*V5*V6*V7*V8*V9,512,UnSat
V1*V2*V3*V4*V5*V6*V7*V8*V9,512,UnSat
V1*V2*V3*V4*V5*V6*V7*V8*V9,512,UnSat
V1*V2*V3*V4*V5*V6*V7*V8*V9,512,UnSat
V1*V2*V3*V4*V5*V6*V7*V8*V9,512,UnSat
V1*V2*V3*V4*V5*V6*V7*V8*V9,512,UnSat
V1*V2*V3*V4*V5*V6*V7*V8*V9,512,UnSat
V1*V2*V3*V4*V5*V6*V7*V8*V9,512,UnSat
V1*V2*V3*V4*V5*V6*V7*V8*V9,512,UnSat
V1*V2*V3*V4*V5*V6*V7*V8*V9,512,UnSat
V1*V2*V3*V4*V5*V6*V7*V8*V9,512,UnSat
V1*V2*V3*V4*V5*V6*V7*V8*V9,512,UnSat
V1*V2*V3*V4*V5*V6*V7*V8*V9*V10,1024,Sat
V1*V2*V3*V4*V5*V6*V7*V8*V9*V10,1024,Sat
V1*V2*V3*V4*V5*V6*V7*V8*V9*V10,1024,Sat
V1*V2*V3*V4*V5*V6*V7*V8*V9*V10,1024,Sat
V1*V2*V3*V4*V5*V6*V7*V8*V9*V10,1024,Sat
V1*V2*V3*V4*V5*V6*V7*V8*V9*V10,1024,Sat
V1*V2*V3*V4*V5*V6*V7*V8*V9*V10,1024,Sat
V1*V2*V3*V4*V5*V6*V7*V8*V9*V10,1024,Sat
V1*V2*V3*V4*V5*V6*V7*V8*V9*V10,1024,Sat
V1*V2*V3*V4*V5*V6*V7*V8*V9*V10,1024,Sat
V1*V2*V3*V4*V5*V6*V7*V8*V9*V10,1024,Sat
V1*V2*V3*V4*V5*V6*V7*V8*V9*V10,1024,Sat
V1*V2*V3*V4*V5*V6*V7*V8*V9*V10,1024,Sat
V1*V2*V3*V4*V5*V6*V7*V8*V9*V10,1024,Sat
V1*V2*V3*V4*V5*V6*V7*V8*V9*V10,1024,Sat
V1*V2*V3*V4*V5*V6*V7*V8*V9*V10,1024,Sat
V1*V2*V3*V4*V5*V6*V7*V8*V9*V10,1024,Sat
V1*V2*V3*V4*V5*V6*V7*V8*V9*V10,1024,Sat
V1*V2*V3*V4*V5*V6*V7*V8*V9*V10,1024,Sat
V1*V2*V3*V4*V5*V6*V7*V8*V9*V10,1024,Sat
V1*V2*V3*V4*V5*V6*V7*V8*V9*V10,1024,Sat
V1*V2*V3*V4*V5*V6*V7*V8*V9*V10,1024,Sat
V1*V2*V3*V4*V5*V6*V7*V8*V9*V10,1024,Sat
V1*V2*V3*V4*V5*V6*V7*V8*V9*V10,1024,Sat
V1*V2*V3*V4*V5*V6*V7*V8*V9*V10,1024,Sat
V1*V2*V3*V4*V5*V6*V7*V8*V9*V10,1024,Sat
V1*V2*V3*V4*V5*V6*V7*V8*V9*V10,1024,Sat
V1*V2*V3*V4*V5*V6*V7*V8*V9*V10,1024,Sat
V1*V2*V3*V4*V5*V6*V7*V8*V9*V10,1024,Sat
V1*V2*V3*V4*V5*V6*V7*V8*V9*V10,1024,Sat
V1*V2*V3*V4*V5*V6*V7*V8*V9*V10,1024,Sat
V1*V2*V3*V4*V5*V6*V7*V8*V9*V10,1024,Sat
V1*V2*V3*V4*V5*V6*V7*V8*V9*V10,1024,Sat
V1*V2*V3*V4*V5*V6*V7*V8*V9*V10,1024,Sat
V1*V2*V3*V4*V5*V6*V7*V8*V9*V10,1024,Sat
V1*V2*V3*V4*V5*V6*V7*V8*V9*V10,1024,Sat
V1*V2*V3*V4*V5*V6*V7*V8*V9*V10,1024,Sat
V1*V2*V3*V4*V5*V6*V7*V8*V9*V10,1024,Sat
V1*V2*V3*V4*V5*V6*V7*V8*V9*V10,1024,Sat
V1*V2*V3*V4*V5*V6*V7*V8*V9*V10,1024,Sat
V1*V2*V3*V4*V5*V6*V7*V8*V9*V10,1024,Sat
V1*V2*V3*V4*V5*V6*V7*V8*V9*V10,1024,Sat
V1*V2*V3*V4*V5*V6*V7*V8*V9*V10,1024,Sat
V1*V2*V3*V4*V5*V6*V7*V8*V9*V10,1024,Sat
V1*V2*V3*V4*V5*V6*V7*V8*V9*V10,1024,Sat
V1*V2*V3*V4*V5*V6*V7*V8*V9*V10,1024,Sat
V1*V2*V3*V4*V5*V6*V7*V8*V9*V10,1024,Sat
V1*V2*V3*V4*V5*V6*V7*V8*V9*V10,1024,Sat
V1*V2*V3*V4*V5*V6*V7*V8*V9*V10,1024,Sat
V1*V2*V3*V4*V5*V6*V7*V8*V9*V10,1024,Sat
V1*V2*V3*V4*V5*V6*V7*V8*V9*V10,1024,Sat
V1*V2*V3*V4*V5*V6*V7*V8*V9*V10,1024,Sat
V1*V2*V3*V4*V5*V6*V7*V8*V9*V10,1024,Sat
V1*V2*V3*V4*V5*V6*V7*V8*V9*V10,1024,Sat
V1*V2*V3*V4*V5*V6*V7*V8*V9*V10,1024,Sat
V1*V2*V3*V4*V5*V6*V7*V8*V9*V10,1024,Sat
V1*V2*V3*V4*V5*V6*V7*V8*V9*V10,1024,Sat
V1*V2*V3*V4*V5*V6*V7*V8*V9*V10,1024,Sat
V1*V2*V3*V4*V5*V6*V7*V8*V9*V10,1024,Sat
V1*V2*V3*V4*V5*V6*V7*V8*V9*V10,1024,Sat
V1*V2*V3*V4*V5*V6*V7*V8*V9*V10,1024,Sat
V1*V2*V3*V4*V5*V6*V7*V8*V9*V10,1024,Sat
V1*V2*V3*V4*V5*V6*V7*V8*V9*V10,1024,Sat
V1*V2*V3*V4*V5*V6*V7*V8*V9*V10,1024,Sat
V1*V2*V3*V4*V5*V6*V7*V8*V9*V10,1024,Sat
V1*V2*V3*V4*V5*V6*V7*V8*V9*V10,1024,Sat
V1*V2*V3*V4*V5*V6*V7*V8*V9*V10,1024,Sat
V1*V2*V3*V4*V5*V6*V7*V8*V9*V10,1024,Sat
V1*V2*V3*V4*V5*V6*V7*V8*V9*V10,1024,Sat
V1*V2*V3*V4*V5*V6*V7*V8*V9*V10,1024,Sat
V1*V2*V3*V4*V5*V6*V7*V8*V9*V10,1024,Sat
V1*V2*V3*V4*V5*V6*V7*V8*V9*V10,1024,Sat
V1*V2*V3*V4*V5*V6*V7*V8*V9*V10,1024,Sat
V1*V2*V3*V4*V5*V6*V7*V8*V9*V10,1024,Sat
V1*V2*V3*V4*V5*V6*V7*V8*V9*V10,1024,Sat
V1*V2*V3*V4*V5*V6*V7*V8*V9*V10,1024,Sat
V1*V2*V3*V4*V5*V6*V7*V8*V9*V10,1024,Sat
V1*V2*V3*V4*V5*V6*V7*V8*V9*V10,1024,Sat
V1*V2*V3*V4*V5*V6*V7*V8*V9*V10,1024,Sat
V1*V2*V3*V4*V5*V6*V7*V8*V9*V10,1024,Sat
V1*V2*V3*V4*V5*V6*V7*V8*V9*V10,1024,Sat
V1*V2*V3*V4*V5*V6*V7*V8*V9*V10,1024,Sat
V1*V2*V3*V4*V5*V6*V7*V8*V9*V10,1024,Sat
V1*V2*V3*V4*V5*V6*V7*V8*V9*V10,1024,Sat
V1*V2*V3*V4*V5*V6*V7*V8*V9*V10,1024,Sat
V1*V2*V3*V4*V5*V6*V7*V8*V9*V10,1024,Sat
V1*V2*V3*V4*V5*V6*V7*V8*V9*V10,1024,Sat
V1*V2*V3*V4*V5*V6*V7*V8*V9*V10,1024,Sat
V1*V2*V3*V4*V5*V6*V7*V8*V9*V10,1024,Sat
V1*V2*V3*V4*V5*V6*V7*V8*V9*V10,1024,Sat
V1*V2*V3*V4*V5*V6*V7*V8*V9*V10,1024,Sat
V1*V2*V3*V4*V5*V6*V7*V8*V9*V10,1024,Sat
V1*V2*V3*V4*V5*V6*V7*V8*V9*V10,1024,Sat
V1*V2*V3*V4*V5*V6*V7*V8*V9*V10,1024,Sat
V1*V2*V3*V4*V5*V6*V7*V8*V9*V10,1024,Sat
V1*V2*V3*V4*V5*V6*V7*V8*V9*V10,1024,Sat
V1*V2*V3*V4*V5*V6*V7*V8*V9*V10,1024,Sat
V1*V2*V3*V4*V5*V6*V7*V8*V9*V10,1024,Sat
V1*V2*V3*V4*V5*V6*V7*V8*V9*V10,1024,Sat
V1*V2*V3*V4*V5*V6*V7*V8*V9*V10,1024,Sat
V1*V2*V3*V4*V5*V6*V7*V8*V9*V10,1024,Sat
V1*V2*V3*V4*V5*V6*V7*V8*V9*V10,1024,Sat
V1*V2*V3*V4*V5*V6*V7*V8*V9*V10,1024,Sat
V1*V2*V3*V4*V5*V6*V7*V8*V9*V10,1024,Sat
V1*V2*V3*V4*V5*V6*V7*V8*V9*V10,1024,Sat
V1*V2*V3*V4*V5*V6*V7*V8*V9*V10,1024,Sat
V1*V2*V3*V4*V5*V6*V7*V8*V9*V10,1024,Sat
V1*V2*V3*V4*V5*V6*V7*V8*V9*V10,1024,Sat
V1*V2*V3*V4*V5*V6*V7*V8*V9*V10,1024,Sat
V1*V2*V3*V4*V5*V6*V7*V8*V9*V10,1024,Sat
V1*V2*V3*V4*V5*V6*V7*V8*V9*V10,1024,Sat
V1*V2*V3*V4*V5*V6*V7*V8*V9*V10,1024,Sat
V1*V2*V3*V4*V5*V6*V7*V8*V9*V10,1024,Sat
V1*V2*V3*V4*V5*V6*V7*V8*V9*V10,1024,Sat
V1*V2*V3*V4*V5*V6*V7*V8*V9*V10,1024,Sat
V1*V2*V3*V4*V5*V6*V7*V8*V9*V10,1024,Sat
V1*V2*V3*V4*V5*V6*V7*V8*V9*V10,1024,Sat
V1*V2*V3*V4*V5*V6*V7*V8*V9*V10,1024,Sat
V1*V2*V3*V4*V5*V6*V7*V8*V9*V10,1024,Sat
V1*V2*V3*V4*V5*V6*V7*V8*V9*V10,1024,Sat
V1*V2*V3*V4*V5*V6*V7*V8*V9*V10,1024,Sat
V1*V2*V3*V4*V5*V6*V7*V8*V9*V10,1024,Sat
V1*V2*V3*V4*V5*V6*V7*V8*V9*V10,1024,Sat
V1*V2*V3*V4*V5*V6*V7*V8*V9*V10,1024,Sat
V1*V2*V3*V4*V5*V6*V7*V8*V9*V10,1024,Sat
V1*V2*V3*V4*V5*V6*V7*V8*V9*V10,1024,Sat
V1*V2*V3*V4*V5*V6*V7*V8*V9*V10,1024,Sat
V1*V2*V3*V4*V5*V6*V7*V8*V9*V10,1024,Sat
V1*V2*V3*V4*V5*V6*V7*V8*V9*V10,1024,Sat
V1*V2*V3*V4*V5*V6*V7*V8*V9*V10,1024,Sat
V1*V2*V3*V4*V5*V6*V7*V8*V9*V10,1024,Sat
V1*V2*V3*V4*V5*V6*V7*V8*V9*V10,1024,Sat
V1*V2*V3*V4*V5*V6*V7*V8*V9*V10,1024,Sat
V1*V2*V3*V4*V5*V6*V7*V8*V9*V10,1024,UnSat
V1*V2*V3*V4*V5*V6*V7*V8*V9*V10,1024,UnSat
V1*V2*V3*V4*V5*V6*V7*V8*V9*V10,1024,UnSat
V1*V2*V3*V4*V5*V6*V7*V8*V9*V10,1024,UnSat
V1*V2*V3*V4*V5*V6*V7*V8*V9*V10,1024,UnSat
V1*V2*V3*V4*V5*V6*V7*V8*V9*V10,1024,UnSat
V1*V2*V3*V4*V5*V6*V7*V8*V9*V10,1024,UnSat
V1*V2*V3*V4*V5*V6*V7*V8*V9*V10,1024,UnSat
V1*V2*V3*V4*V5*V6*V7*V8*V9*V10,1024,UnSat
V1*V2*V3*V4*V5*V6*V7*V8*V9*V10,1024,UnSat
V1*V2*V3*V4*V5*V6*V7*V8*V9*V10,1024,UnSat
V1*V2*V3*V4*V5*V6*V7*V8*V9*V10,1024,UnSat
V1*V2*V3*V4*V5*V6*V7*V8*V9*V10,1024,UnSat
V1*V2*V3*V4*V5*V6*V7*V8*V9*V10,1024,UnSat
V1*V2*V3*V4*V5*V6*V7*V8*V9*V10,1024,UnSat
V1*V2*V3*V4*V5*V6*V7*V8*V9*V10,1024,UnSat
V1*V2*V3*V4*V5*V6*V7*V8*V9*V10,1024,UnSat
V1*V2*V3*V4*V5*V6*V7*V8*V9*V10,1024,UnSat
V1*V2*V3*V4*V5*V6*V7*V8*V9*V10,1024,UnSat
V1*V2*V3*V4*V5*V6*V7*V8*V9*V10,1024,UnSat
V1*V2*V3*V4*V5*V6*V7*V8*V9*V10,1024,UnSat
V1*V2*V3*V4*V5*V6*V7*V8*V9*V10,1024,UnSat
V1*V2*V3*V4*V5*V6*V7*V8*V9*V10,1024,UnSat
V1*V2*V3*V4*V5*V6*V7*V8*V9*V10,1024,UnSat
V1*V2*V3*V4*V5*V6*V7*V8*V9*V10,1024,UnSat
V1*V2*V3*V4*V5*V6*V7*V8*V9*V10,1024,UnSat
V1*V2*V3*V4*V5*V6*V7*V8*V9*V10,1024,UnSat
V1*V2*V3*V4*V5*V6*V7*V8*V9*V10,1024,UnSat
V1*V2*V3*V4*V5*V6*V7*V8*V9*V10,1024,UnSat
V1*V2*V3*V4*V5*V6*V7*V8*V9*V10,1024,UnSat
V1*V2*V3*V4*V5*V6*V7*V8*V9*V10,1024,UnSat
V1*V2*V3*V4*V5*V6*V7*V8*V9*V10,1024,UnSat
V1*V2*V3*V4*V5*V6*V7*V8*V9*V10,1024,UnSat
V1*V2*V3*V4*V5*V6*V7*V8*V9*V10,1024,UnSat
V1*V2*V3*V4*V5*V6*V7*V8*V9*V10,1024,UnSat
V1*V2*V3*V4*V5*V6*V7*V8*V9*V10,1024,UnSat
V1*V2*V3*V4*V5*V6*V7*V8*V9*V10,1024,UnSat
V1*V2*V3*V4*V5*V6*V7*V8*V9*V10,1024,UnSat
V1*V2*V3*V4*V5*V6*V7*V8*V9*V10,1024,UnSat
V1*V2*V3*V4*V5*V6*V7*V8*V9*V10,1024,UnSat
V1*V2*V3*V4*V5*V6*V7*V8*V9*V10,1024,UnSat
V1*V2*V3*V4*V5*V6*V7*V8*V9*V10,1024,UnSat
V1*V2*V3*V4*V5*V6*V7*V8*V9*V10,1024,UnSat
V1*V2*V3*V4*V5*V6*V7*V8*V9*V10,1024,UnSat
V1*V2*V3*V4*V5*V6*V7*V8*V9*V10,1024,UnSat
V1*V2*V3*V4*V5*V6*V7*V8*V9*V10,1024,UnSat
V1*V2*V3*V4*V5*V6*V7*V8*V9*V10,1024,UnSat
V1*V2*V3*V4*V5*V6*V7*V8*V9*V10,1024,UnSat
V1*V2*V3*V4*V5*V6*V7*V8*V9*V10,1024,UnSat
V1*V2*V3*V4*V5*V6*V7*V8*V9*V10,1024,UnSat
V1*V2*V3*V4*V5*V6*V7*V8*V9*V10,1024,UnSat
V1*V2*V3*V4*V5*V6*V7*V8*V9*V10,1024,UnSat
V1*V2*V3*V4*V5*V6*V7*V8*V9*V10,1024,UnSat
V1*V2*V3*V4*V5*V6*V7*V8*V9*V10,1024,UnSat
V1*V2*V3*V4*V5*V6*V7*V8*V9*V10,1024,UnSat
V1*V2*V3*V4*V5*V6*V7*V8*V9*V10,1024,UnSat
V1*V2*V3*V4*V5*V6*V7*V8*V9*V10,1024,UnSat
V1*V2*V3*V4*V5*V6*V7*V8*V9*V10,1024,UnSat
V1*V2*V3*V4*V5*V6*V7*V8*V9*V10,1024,UnSat
V1*V2*V3*V4*V5*V6*V7*V8*V9*V10,1024,UnSat
V1*V2*V3*V4*V5*V6*V7*V8*V9*V10,1024,UnSat
V1*V2*V3*V4*V5*V6*V7*V8*V9*V10,1024,UnSat
V1*V2*V3*V4*V5*V6*V7*V8*V9*V10,1024,UnSat
V1*V2*V3*V4*V5*V6*V7*V8*V9*V10,1024,UnSat
V1*V2*V3*V4*V5*V6*V7*V8*V9*V10,1024,UnSat
V1*V2*V3*V4*V5*V6*V7*V8*V9*V10,1024,UnSat
V1*V2*V3*V4*V5*V6*V7*V8*V9*V10,1024,UnSat
V1*V2*V3*V4*V5*V6*V7*V8*V9*V10,1024,UnSat
V1*V2*V3*V4*V5*V6*V7*V8*V9*V10,1024,UnSat
V1*V2*V3*V4*V5*V6*V7*V8*V9*V10,1024,UnSat
V1*V2*V3*V4*V5*V6*V7*V8*V9*V10,1024,UnSat
V1*V2*V3*V4*V5*V6*V7*V8*V9*V10,1024,UnSat
V1*V2*V3*V4*V5*V6*V7*V8*V9*V10,1024,UnSat
V1*V2*V3*V4*V5*V6*V7*V8*V9*V10,1024,UnSat
V1*V2*V3*V4*V5*V6*V7*V8*V9*V10,1024,UnSat
V1*V2*V3*V4*V5*V6*V7*V8*V9*V10,1024,UnSat
V1*V2*V3*V4*V5*V6*V7*V8*V9*V10,1024,UnSat
V1*V2*V3*V4*V5*V6*V7*V8*V9*V10,1024,UnSat
V1*V2*V3*V4*V5*V6*V7*V8*V9*V10,1024,UnSat
V1*V2*V3*V4*V5*V6*V7*V8*V9*V10,1024,UnSat
V1*V2*V3*V4*V5*V6*V7*V8*V9*V10,1024,UnSat
V1*V2*V3*V4*V5*V6*V7*V8*V9*V10,1024,UnSat
V1*V2*V3*V4*V5*V6*V7*V8*V9*V10,1024,UnSat
V1*V2*V3*V4*V5*V6*V7*V8*V9*V10,1024,UnSat
V1*V2*V3*V4*V5*V6*V7*V8*V9*V10,1024,UnSat
V1*V2*V3*V4*V5*V6*V7*V8*V9*V10,1024,UnSat
V1*V2*V3*V4*V5*V6*V7*V8*V9*V10,1024,UnSat
V1*V2*V3*V4*V5*V6*V7*V8*V9*V10,1024,UnSat
V1*V2*V3*V4*V5*V6*V7*V8*V9*V10,1024,UnSat
V1*V2*V3*V4*V5*V6*V7*V8*V9*V10,1024,UnSat
V1*V2*V3*V4*V5*V6*V7*V8*V9*V10,1024,UnSat
V1*V2*V3*V4*V5*V6*V7*V8*V9*V10,1024,UnSat
V1*V2*V3*V4*V5*V6*V7*V8*V9*V10,1024,UnSat
V1*V2*V3*V4*V5*V6*V7*V8*V9*V10,1024,UnSat
V1*V2*V3*V4*V5*V6*V7*V8*V9*V10,1024,UnSat
V1*V2*V3*V4*V5*V6*V7*V8*V9*V10,1024,UnSat
V1*V2*V3*V4*V5*V6*V7*V8*V9*V10,1024,UnSat
V1*V2*V3*V4*V5*V6*V7*V8*V9*V10,1024,UnSat
V1*V2*V3*V4*V5*V6*V7*V8*V9*V10,1024,UnSat
V1*V2*V3*V4*V5*V6*V7*V8*V9*V10,1024,UnSat
V1*V2*V3*V4*V5*V6*V7*V8*V9*V10,1024,UnSat
V1*V2*V3*V4*V5*V6*V7*V8*V9*V10,1024,UnSat
V1*V2*V3*V4*V5*V6*V7*V8*V9*V10,1024,UnSat
V1*V2*V3*V4*V5*V6*V7*V8*V9*V10,1024,UnSat
V1*V2*V3*V4*V5*V6*V7*V8*V9*V10,1024,UnSat
V1*V2*V3*V4*V5*V6*V7*V8*V9*V10,1024,UnSat
V1*V2*V3*V4*V5*V6*V7*V8*V9*V10,1024,UnSat
V1*V2*V3*V4*V5*V6*V7*V8*V9*V10,1024,UnSat
V1*V2*V3*V4*V5*V6*V7*V8*V9*V10,1024,UnSat
V1*V2*V3*V4*V5*V6*V7*V8*V9*V10,1024,UnSat
V1*V2*V3*V4*V5*V6*V7*V8*V9*V10,1024,UnSat
V1*V2*V3*V4*V5*V6*V7*V8*V9*V10,1024,UnSat
V1*V2*V3*V4*V5*V6*V7*V8*V9*V10,1024,UnSat
V1*V2*V3*V4*V5*V6*V7*V8*V9*V10,1024,UnSat
V1*V2*V3*V4*V5*V6*V7*V8*V9*V10,1024,UnSat
V1*V2*V3*V4*V5*V6*V7*V8*V9*V10,1024,UnSat
V1*V2*V3*V4*V5*V6*V7*V8*V9*V10,1024,UnSat
V1*V2*V3*V4*V5*V6*V7*V8*V9*V10,1024,UnSat
V1*V2*V3*V4*V5*V6*V7*V8*V9*V10,1024,UnSat
V1*V2*V3*V4*V5*V6*V7*V8*V9*V10,1024,UnSat
V1*V2*V3*V4*V5*V6*V7*V8*V9*V10,1024,UnSat
V1*V2*V3*V4*V5*V6*V7*V8*V9*V10,1024,UnSat
V1*V2*V3*V4*V5*V6*V7*V8*V9*V10,1024,UnSat
V1*V2*V3*V4*V5*V6*V7*V8*V9*V10,1024,UnSat
V1*V2*V3*V4*V5*V6*V7*V8*V9*V10,1024,UnSat
V1*V2*V3*V4*V5*V6*V7*V8*V9*V10,1024,UnSat
V1*V2*V3*V4*V5*V6*V7*V8*V9*V10,1024,UnSat
V1*V2*V3*V4*V5*V6*V7*V8*V9*V10,1024,UnSat
V1*V2*V3*V4*V5*V6*V7*V8*V9*V10,1024,UnSat
V1*V2*V3*V4*V5*V6*V7*V8*V9*V10,1024,UnSat
V1*V2*V3*V4*V5*V6*V7*V8*V9*V10,1024,UnSat
V1*V2*V3*V4*V5*V6*V7*V8*V9*V10,1024,UnSat
V1*V2*V3*V4*V5*V6*V7*V8*V9*V10,1024,UnSat
V1*V2*V3*V4*V5*V6*V7*V8*V9*V10,1024,UnSat
V1*V2*V3*V4*V5*V6*V7*V8*V9*V10,1024,UnSat
V1*V2*V3*V4*V5*V6*V7*V8*V9*V10,1024,UnSat
V1*V2*V3*V4*V5*V6*V7*V8*V9*V10,1024,UnSat
V1*V2*V3*V4*V5*V6*V7*V8*V9*V10,1024,UnSat
V1*V2*V3*V4*V5*V6*V7*V8*V9*V10,1024,UnSat
V1*V2*V3*V4*V5*V6*V7*V8*V9*V10,1024,UnSat
V1*V2*V3*V4*V5*V6*V7*V8*V9*V10,1024,UnSat
V1*V2*V3*V4*V5*V6*V7*V8*V9*V10,1024,UnSat
V1*V2*V3*V4*V5*V6*V7*V8*V9*V10,1024,UnSat
V1*V2*V3*V4*V5*V6*V7*V8*V9*V10,1024,UnSat
V1*V2*V3*V4*V5*V6*V7*V8*V9*V10,1024,UnSat
V1*V2*V3*V4*V5*V6*V7*V8*V9*V10,1024,UnSat
V1*V2*V3*V4*V5*V6*V7*V8*V9*V10,1024,UnSat
V1*V2*V3*V4*V5*V6*V7*V8*V9*V10,1024,UnSat
V1*V2*V3*V4*V5*V6*V7*V8*V9*V10,1024,UnSat
V1*V2*V3*V4*V5*V6*V7*V8*V9*V10,1024,UnSat
V1*V2*V3*V4*V5*V6*V7*V8*V9*V10,1024,UnSat
V1*V2*V3*V4*V5*V6*V7*V8*V9*V10,1024,UnSat
V1*V2*V3*V4*V5*V6*V7*V8*V9*V10,1024,UnSat
V1*V2*V3*V4*V5*V6*V7*V8*V9*V10,1024,UnSat
V1*V2*V3*V4*V5*V6*V7*V8*V9*V10,1024,UnSat
V1*V2*V3*V4*V5*V6*V7*V8*V9*V10,1024,UnSat
V1*V2*V3*V4*V5*V6*V7*V8*V9*V10,1024,UnSat
V1*V2*V3*V4*V5*V6*V7*V8*V9*V10,1024,UnSat
V1*V2*V3*V4*V5*V6*V7*V8*V9*V10,1024,UnSat
V1*V2*V3*V4*V5*V6*V7*V8*V9*V10,1024,UnSat
V1*V2*V3*V4*V5*V6*V7*V8*V9*V10,1024,UnSat
V1*V2*V3*V4*V5*V6*V7*V8*V9*V10,1024,UnSat
V1*V2*V3*V4*V5*V6*V7*V8*V9*V10,1024,UnSat
V1*V2*V3*V4*V5*V6*V7*V8*V9*V10,1024,UnSat
V1*V2*V3*V4*V5*V6*V7*V8*V9*V10,1024,UnSat
V1*V2*V3*V4*V5*V6*V7*V8*V9*V10,1024,UnSat
V1*V2*V3*V4*V5*V6*V7*V8*V9*V10,1024,UnSat
V1*V2*V3*V4*V5*V6*V7*V8*V9*V10,1024,UnSat
V1*V2*V3*V4*V5*V6*V7*V8*V9*V10,1024,UnSat
V1*V2*V3*V4*V5*V6*V7*V8*V9*V10,1024,UnSat
V1*V2*V3*V4*V5*V6*V7*V8*V9*V10,1024,UnSat
V1*V2*V3*V4*V5*V6*V7*V8*V9*V10,1024,UnSat
V1*V2*V3*V4*V5*V6*V7*V8*V9*V10,1024,UnSat
V1*V2*V3*V4*V5*V6*V7*V8*V9*V10,1024,UnSat
V1*V2*V3*V4*V5*V6*V7*V8*V9*V10,1024,UnSat
V1*V2*V3*V4*V5*V6*V7*V8*V9*V10,1024,UnSat
V1*V2*V3*V4*V5*V6*V7*V8*V9*V10,1024,UnSat
V1*V2*V3*V4*V5*V6*V7*V8*V9*V10,1024,UnSat
V1*V2*V3*V4*V5*V6*V7*V8*V9*V10,1024,UnSat
V1*V2*V3*V4*V5*V6*V7*V8*V9*V10,1024,UnSat
V1*V2*V3*V4*V5*V6*V7*V8*V9*V10,1024,UnSat
V1*V2*V3*V4*V5*V6*V7*V8*V9*V10,1024,UnSat
V1*V2*V3*V4*V5*V6*V7*V8*V9*V10,1024,UnSat
V1*V2*V3*V4*V5*V6*V7*V8*V9*V10,1024,UnSat
V1*V2*V3*V4*V5*V6*V7*V8*V9*V10,1024,UnSat
V1*V2*V3*V4*V5*V6*V7*V8*V9*V10,1024,UnSat
V1*V2*V3*V4*V5*V6*V7*V8*V9*V10,1024,UnSat
V1*V2*V3*V4*V5*V6*V7*V8*V9*V10,1024,UnSat
V1*V2*V3*V4*V5*V6*V7*V8*V9*V10,1024,UnSat
V1*V2*V3*V4*V5*V6*V7*V8*V9*V10,1024,UnSat
V1*V2*V3*V4*V5*V6*V7*V8*V9*V10,1024,UnSat
V1*V2*V3*V4*V5*V6*V7*V8*V9*V10,1024,UnSat
V1*V2*V3*V4*V5*V6*V7*V8*V9*V10,1024,UnSat
V1*V2*V3*V4*V5*V6*V7*V8*V9*V10,1024,UnSat
V1*V2*V3*V4*V5*V6*V7*V8*V9*V10,1024,UnSat
V1*V2*V3*V4*V5*V6*V7*V8*V9*V10,1024,UnSat
V1*V2*V3*V4*V5*V6*V7*V8*V9*V10,1024,UnSat
V1*V2*V3*V4*V5*V6*V7*V8*V9*V10,1024,UnSat
V1*V2*V3*V4*V5*V6*V7*V8*V9*V10,1024,UnSat
V1*V2*V3*V4*V5*V6*V7*V8*V9*V10,1024,UnSat
V1*V2*V3*V4*V5*V6*V7*V8*V9*V10,1024,UnSat
V1*V2*V3*V4*V5*V6*V7*V8*V9*V10,1024,UnSat
V1*V2*V3*V4*V5*V6*V7*V8*V9*V10,1024,UnSat
V1*V2*V3*V4*V5*V6*V7*V8*V9*V10,1024,UnSat
V1*V2*V3*V4*V5*V6*V7*V8*V9*V10,1024,UnSat
V1*V2*V3*V4*V5*V6*V7*V8*V9*V10,1024,UnSat
V1*V2*V3*V4*V5*V6*V7*V8*V9*V10,1024,UnSat
V1*V2*V3*V4*V5*V6*V7*V8*V9*V10,1024,UnSat
V1*V2*V3*V4*V5*V6*V7*V8*V9*V10,1024,UnSat
V1*V2*V3*V4*V5*V6*V7*V8*V9*V10,1024,UnSat
V1*V2*V3*V4*V5*V6*V7*V8*V9*V10,1024,UnSat
V1*V2*V3*V4*V5*V6*V7*V8*V9*V10,1024,UnSat
V1*V2*V3*V4*V5*V6*V7*V8*V9*V10,1024,UnSat
V1*V2*V3*V4*V5*V6*V7*V8*V9*V10,1024,UnSat
V1*V2*V3*V4*V5*V6*V7*V8*V9*V10,1024,UnSat
V1*V2*V3*V4*V5*V6*V7*V8*V9*V10,1024,UnSat
V1*V2*V3*V4*V5*V6*V7*V8*V9*V10,1024,UnSat
V1*V2*V3*V4*V5*V6*V7*V8*V9*V10,1024,UnSat
V1*V2*V3*V4*V5*V6*V7*V8*V9*V10,1024,UnSat
V1*V2*V3*V4*V5*V6*V7*V8*V9*V10,1024,UnSat
V1*V2*V3*V4*V5*V6*V7*V8*V9*V10,1024,UnSat
V1*V2*V3*V4*V5*V6*V7*V8*V9*V10,1024,UnSat
V1*V2*V3*V4*V5*V6*V7*V8*V9*V10,1024,UnSat
V1*V2*V3*V4*V5*V6*V7*V8*V9*V10,1024,UnSat
V1*V2*V3*V4*V5*V6*V7*V8*V9*V10,1024,UnSat
V1*V2*V3*V4*V5*V6*V7*V8*V9*V10,1024,UnSat
V1*V2*V3*V4*V5*V6*V7*V8*V9*V10,1024,UnSat
V1*V2*V3*V4*V5*V6*V7*V8*V9*V10,1024,UnSat
V1*V2*V3*V4*V5*V6*V7*V8*V9*V10,1024,UnSat
V1*V2*V3*V4*V5*V6*V7*V8*V9*V10,1024,UnSat
V1*V2*V3*V4*V5*V6*V7*V8*V9*V10,1024,UnSat
V1*V2*V3*V4*V5*V6*V7*V8*V9*V10,1024,UnSat
V1*V2*V3*V4*V5*V6*V7*V8*V9*V10,1024,UnSat
V1*V2*V3*V4*V5*V6*V7*V8*V9*V10,1024,UnSat
V1*V2*V3*V4*V5*V6*V7*V8*V9*V10,1024,UnSat
V1*V2*V3*V4*V5*V6*V7*V8*V9*V10,1024,UnSat
V1*V2*V3*V4*V5*V6*V7*V8*V9*V10,1024,UnSat
V1*V2*V3*V4*V5*V6*V7*V8*V9*V10,1024,UnSat
V1*V2*V3*V4*V5*V6*V7*V8*V9*V10,1024,UnSat
V1*V2*V3*V4*V5*V6*V7*V8*V9*V10,1024,UnSat
V1*V2*V3*V4*V5*V6*V7*V8*V9*V10,1024,UnSat
V1*V2*V3*V4*V5*V6*V7*V8*V9*V10,1024,UnSat
V1*V2*V3*V4*V5*V6*V7*V8*V9*V10,1024,UnSat
V1*V2*V3*V4*V5*V6*V7*V8*V9*V10,1024,UnSat
V1*V2*V3*V4*V5*V6*V7*V8*V9*V10,1024,UnSat
V1*V2*V3*V4*V5*V6*V7*V8*V9*V10,1024,UnSat
V1*V2*V3*V4*V5*V6*V7*V8*V9*V10,1024,UnSat
V1*V2*V3*V4*V5*V6*V7*V8*V9*V10,1024,UnSat
V1*V2*V3*V4*V5*V6*V7*V8*V9*V10,1024,UnSat
V1*V2*V3*V4*V5*V6*V7*V8*V9*V10,1024,UnSat
V1*V2*V3*V4*V5*V6*V7*V8*V9*V10,1024,UnSat
V1*V2*V3*V4*V5*V6*V7*V8*V9*V10,1024,UnSat
V1*V2*V3*V4*V5*V6*V7*V8*V9*V10,1024,UnSat
V1*V2*V3*V4*V5*V6*V7*V8*V9*V10,1024,UnSat
V1*V2*V3*V4*V5*V6*V7*V8*V9*V10,1024,UnSat
V1*V2*V3*V4*V5*V6*V7*V8*V9*V10,1024,UnSat
V1*V2*V3*V4*V5*V6*V7*V8*V9*V10,1024,UnSat
V1*V2*V3*V4*V5*V6*V7*V8*V9*V10,1024,UnSat
V1*V2*V3*V4*V5*V6*V7*V8*V9*V10,1024,UnSat
V1*V2*V3*V4*V5*V6*V7*V8*V9*V10,1024,UnSat
V1*V2*V3*V4*V5*V6*V7*V8*V9*V10,1024,UnSat
V1*V2*V3*V4*V5*V6*V7*V8*V9*V10,1024,UnSat
V1*V2*V3*V4*V5*V6*V7*V8*V9*V10,1024,UnSat
V1*V2*V3*V4*V5*V6*V7*V8*V9*V10,1024,UnSat
V1*V2*V3*V4*V5*V6*V7*V8*V9*V10,1024,UnSat
V1*V2*V3*V4*V5*V6*V7*V8*V9*V10,1024,UnSat
V1*V2*V3*V4*V5*V6*V7*V8*V9*V10,1024,UnSat
V1*V2*V3*V4*V5*V6*V7*V8*V9*V10,1024,UnSat
V1*V2*V3*V4*V5*V6*V7*V8*V9*V10,1024,UnSat
V1*V2*V3*V4*V5*V6*V7*V8*V9*V10,1024,UnSat
V1*V2*V3*V4*V5*V6*V7*V8*V9*V10,1024,UnSat
V1*V2*V3*V4*V5*V6*V7*V8*V9*V10,1024,UnSat
V1*V2*V3*V4*V5*V6*V7*V8*V9*V10,1024,UnSat
V1*V2*V3*V4*V5*V6*V7*V8*V9*V10,1024,UnSat
V1*V2*V3*V4*V5*V6*V7*V8*V9*V10,1024,UnSat
V1*V2*V3*V4*V5*V6*V7*V8*V9*V10,1024,UnSat
V1*V2*V3*V4*V5*V6*V7*V8*V9*V10,1024,UnSat
V1*V2*V3*V4*V5*V6*V7*V8*V9*V10,1024,UnSat
V1*V2*V3*V4*V5*V6*V7*V8*V9*V10,1024,UnSat
V1*V2*V3*V4*V5*V6*V7*V8*V9*V10,1024,UnSat
V1*V2*V3*V4*V5*V6*V7*V8*V9*V10,1024,UnSat
V1*V2*V3*V4*V5*V6*V7*V8*V9*V10,1024,UnSat
V1*V2*V3*V4*V5*V6*V7*V8*V9*V10,1024,UnSat
V1*V2*V3*V4*V5*V6*V7*V8*V9*V10,1024,UnSat
V1*V2*V3*V4*V5*V6*V7*V8*V9*V10,1024,UnSat
V1*V2*V3*V4*V5*V6*V7*V8*V9*V10,1024,UnSat
V1*V2*V3*V4*V5*V6*V7*V8*V9*V10,1024,UnSat
V1*V2*V3*V4*V5*V6*V7*V8*V9*V10,1024,UnSat
V1*V2*V3*V4*V5*V6*V7*V8*V9*V10,1024,UnSat
V1*V2*V3*V4*V5*V6*V7*V8*V9*V10,1024,UnSat
V1*V2*V3*V4*V5*V6*V7*V8*V9*V10,1024,UnSat
V1*V2*V3*V4*V5*V6*V7*V8*V9*V10,1024,UnSat
V1*V2*V3*V4*V5*V6*V7*V8*V9*V10,1024,UnSat
V1*V2*V3*V4*V5*V6*V7*V8*V9*V10,1024,UnSat
V1*V2*V3*V4*V5*V6*V7*V8*V9*V10,1024,UnSat
V1*V2*V3*V4*V5*V6*V7*V8*V9*V10,1024,UnSat
V1*V2*V3*V4*V5*V6*V7*V8*V9*V10,1024,UnSat
V1*V2*V3*V4*V5*V6*V7*V8*V9*V10,1024,UnSat
V1*V2*V3*V4*V5*V6*V7*V8*V9*V10,1024,UnSat
V1*V2*V3*V4*V5*V6*V7*V8*V9*V10,1024,UnSat
V1*V2*V3*V4*V5*V6*V7*V8*V9*V10,1024,UnSat
V1*V2*V3*V4*V5*V6*V7*V8*V9*V10,1024,UnSat
V1*V2*V3*V4*V5*V6*V7*V8*V9*V10,1024,UnSat
V1*V2*V3*V4*V5*V6*V7*V8*V9*V10,1024,UnSat
V1*V2*V3*V4*V5*V6*V7*V8*V9*V10,1024,UnSat
V1*V2*V3*V4*V5*V6*V7*V8*V9*V10,1024,UnSat
V1*V2*V3*V4*V5*V6*V7*V8*V9*V10,1024,UnSat
V1*V2*V3*V4*V5*V6*V7*V8*V9*V10,1024,UnSat
V1*V2*V3*V4*V5*V6*V7*V8*V9*V10,1024,UnSat
V1*V2*V3*V4*V5*V6*V7*V8*V9*V10,1024,UnSat
V1*V2*V3*V4*V5*V6*V7*V8*V9*V10,1024,UnSat
V1*V2*V3*V4*V5*V6*V7*V8*V9*V10,1024,UnSat
V1*V2*V3*V4*V5*V6*V7*V8*V9*V10,1024,UnSat
V1*V2*V3*V4*V5*V6*V7*V8*V9*V10,1024,UnSat
V1*V2*V3*V4*V5*V6*V7*V8*V9*V10,1024,UnSat
V1*V2*V3*V4*V5*V6*V7*V8*V9*V10,1024,UnSat
V1*V2*V3*V4*V5*V6*V7*V8*V9*V10,1024,UnSat
V1*V2*V3*V4*V5*V6*V7*V8*V9*V10,1024,UnSat
V1*V2*V3*V4*V5*V6*V7*V8*V9*V10,1024,UnSat
V1*V2*V3*V4*V5*V6*V7*V8*V9*V10,1024,UnSat
V1*V2*V3*V4*V5*V6*V7*V8*V9*V10,1024,UnSat
V1*V2*V3*V4*V5*V6*V7*V8*V9*V10,1024,UnSat
V1*V2*V3*V4*V5*V6*V7*V8*V9*V10,1024,UnSat
V1*V2*V3*V4*V5*V6*V7*V8*V9*V10,1024,UnSat
V1*V2*V3*V4*V5*V6*V7*V8*V9*V10,1024,UnSat
V1*V2*V3*V4*V5*V6*V7*V8*V9*V10,1024,UnSat
V1*V2*V3*V4*V5*V6*V7*V8*V9*V10,1024,UnSat
V1*V2*V3*V4*V5*V6*V7*V8*V9*V10,1024,UnSat
V1*V2*V3*V4*V5*V6*V7*V8*V9*V10,1024,UnSat
V1*V2*V3*V4*V5*V6*V7*V8*V9*V10,1024,UnSat
V1*V2*V3*V4*V5*V6*V7*V8*V9*V10,1024,UnSat
V1*V2*V3*V4*V5*V6*V7*V8*V9*V10,1024,UnSat
V1*V2*V3*V4*V5*V6*V7*V8*V9*V10,1024,UnSat
V1*V2*V3*V4*V5*V6*V7*V8*V9*V10,1024,UnSat
V1*V2*V3*V4*V5*V6*V7*V8*V9*V10,1024,UnSat
V1*V2*V3*V4*V5*V6*V7*V8*V9*V10,1024,UnSat
V1*V2*V3*V4*V5*V6*V7*V8*V9*V10,1024,UnSat
V1*V2*V3*V4*V5*V6*V7*V8*V9*V10,1024,UnSat
V1*V2*V3*V4*V5*V6*V7*V8*V9*V10,1024,UnSat
V1*V2*V3*V4*V5*V6*V7*V8*V9*V10,1024,UnSat
V1*V2*V3*V4*V5*V6*V7*V8*V9*V10,1024,UnSat
V1*V2*V3*V4*V5*V6*V7*V8*V9*V10,1024,UnSat
V1*V2*V3*V4*V5*V6*V7*V8*V9*V10,1024,UnSat
V1*V2*V3*V4*V5*V6*V7*V8*V9*V10,1024,UnSat
V1*V2*V3*V4*V5*V6*V7*V8*V9*V10,1024,UnSat
V1*V2*V3*V4*V5*V6*V7*V8*V9*V10,1024,UnSat
V1*V2*V3*V4*V5*V6*V7*V8*V9*V10,1024,UnSat
V1*V2*V3*V4*V5*V6*V7*V8*V9*V10,1024,UnSat
V1*V2*V3*V4*V5*V6*V7*V8*V9*V10,1024,UnSat
V1*V2*V3*V4*V5*V6*V7*V8*V9*V10,1024,UnSat
V1*V2*V3*V4*V5*V6*V7*V8*V9*V10,1024,UnSat
V1*V2*V3*V4*V5*V6*V7*V8*V9*V10,1024,UnSat
V1*V2*V3*V4*V5*V6*V7*V8*V9*V10,1024,UnSat
V1*V2*V3*V4*V5*V6*V7*V8*V9*V10,1024,UnSat
V1*V2*V3*V4*V5*V6*V7*V8*V9*V10,1024,UnSat
V1*V2*V3*V4*V5*V6*V7*V8*V9*V10,1024,UnSat
V1*V2*V3*V4*V5*V6*V7*V8*V9*V10,1024,UnSat
V1*V2*V3*V4*V5*V6*V7*V8*V9*V10,1024,UnSat
V1*V2*V3*V4*V5*V6*V7*V8*V9*V10,1024,UnSat
V1*V2*V3*V4*V5*V6*V7*V8*V9*V10,1024,UnSat
V1*V2*V3*V4*V5*V6*V7*V8*V9*V10,1024,UnSat
V1*V2*V3*V4*V5*V6*V7*V8*V9*V10,1024,UnSat
V1*V2*V3*V4*V5*V6*V7*V8*V9*V10,1024,UnSat
V1*V2*V3*V4*V5*V6*V7*V8*V9*V10,1024,UnSat
V1*V2*V3*V4*V5*V6*V7*V8*V9*V10,1024,UnSat
V1*V2*V3*V4*V5*V6*V7*V8*V9*V10,1024,UnSat
V1*V2*V3*V4*V5*V6*V7*V8*V9*V10,1024,UnSat
V1*V2*V3*V4*V5*V6*V7*V8*V9*V10,1024,UnSat
V1*V2*V3*V4*V5*V6*V7*V8*V9*V10,1024,UnSat
V1*V2*V3*V4*V5*V6*V7*V8*V9*V10,1024,UnSat
V1*V2*V3*V4*V5*V6*V7*V8*V9*V10,1024,UnSat
V1*V2*V3*V4*V5*V6*V7*V8*V9*V10,1024,UnSat
V1*V2*V3*V4*V5*V6*V7*V8*V9*V10,1024,UnSat
V1*V2*V3*V4*V5*V6*V7*V8*V9*V10,1024,UnSat
V1*V2*V3*V4*V5*V6*V7*V8*V9*V10,1024,UnSat
V1*V2*V3*V4*V5*V6*V7*V8*V9*V10,1024,UnSat
V1*V2*V3*V4*V5*V6*V7*V8*V9*V10,1024,UnSat
V1*V2*V3*V4*V5*V6*V7*V8*V9*V10,1024,UnSat
V1*V2*V3*V4*V5*V6*V7*V8*V9*V10,1024,UnSat
V1*V2*V3*V4*V5*V6*V7*V8*V9*V10,1024,UnSat
V1*V2*V3*V4*V5*V6*V7*V8*V9*V10,1024,UnSat
V1*V2*V3*V4*V5*V6*V7*V8*V9*V10,1024,UnSat
V1*V2*V3*V4*V5*V6*V7*V8*V9*V10,1024,UnSat
V1*V2*V3*V4*V5*V6*V7*V8*V9*V10,1024,UnSat
V1*V2*V3*V4*V5*V6*V7*V8*V9*V10,1024,UnSat
V1*V2*V3*V4*V5*V6*V7*V8*V9*V10,1024,UnSat
V1*V2*V3*V4*V5*V6*V7*V8*V9*V10,1024,UnSat
V1*V2*V3*V4*V5*V6*V7*V8*V9*V10,1024,UnSat
V1*V2*V3*V4*V5*V6*V7*V8*V9*V10,1024,UnSat
V1*V2*V3*V4*V5*V6*V7*V8*V9*V10,1024,UnSat
V1*V2*V3*V4*V5*V6*V7*V8*V9*V10,1024,UnSat
V1*V2*V3*V4*V5*V6*V7*V8*V9*V10,1024,UnSat
V1*V2*V3*V4*V5*V6*V7*V8*V9*V10,1024,UnSat
V1*V2*V3*V4*V5*V6*V7*V8*V9*V10,1024,UnSat
V1*V2*V3*V4*V5*V6*V7*V8*V9*V10,1024,UnSat
V1*V2*V3*V4*V5*V6*V7*V8*V9*V10,1024,UnSat
V1*V2*V3*V4*V5*V6*V7*V8*V9*V10,1024,UnSat
V1*V2*V3*V4*V5*V6*V7*V8*V9*V10,1024,UnSat
V1*V2*V3*V4*V5*V6*V7*V8*V9*V10,1024,UnSat
V1*V2*V3*V4*V5*V6*V7*V8*V9*V10,1024,UnSat
V1*V2*V3*V4*V5*V6*V7*V8*V9*V10,1024,UnSat
V1*V2*V3*V4*V5*V6*V7*V8*V9*V10,1024,UnSat
V1*V2*V3*V4*V5*V6*V7*V8*V9*V10,1024,UnSat
V1*V2*V3*V4*V5*V6*V7*V8*V9*V10,1024,UnSat
V1*V2*V3*V4*V5*V6*V7*V8*V9*V10,1024,UnSat
V1*V2*V3*V4*V5*V6*V7*V8*V9*V10,1024,UnSat
V1*V2*V3*V4*V5*V6*V7*V8*V9*V10,1024,UnSat
V1*V2*V3*V4*V5*V6*V7*V8*V9*V10,1024,UnSat
V1*V2*V3*V4*V5*V6*V7*V8*V9*V10,1024,UnSat
V1*V2*V3*V4*V5*V6*V7*V8*V9*V10,1024,UnSat
V1*V2*V3*V4*V5*V6*V7*V8*V9*V10,1024,UnSat
V1*V2*V3*V4*V5*V6*V7*V8*V9*V10,1024,UnSat
V1*V2*V3*V4*V5*V6*V7*V8*V9*V10,1024,UnSat
V1*V2*V3*V4*V5*V6*V7*V8*V9*V10,1024,UnSat
V1*V2*V3*V4*V5*V6*V7*V8*V9*V10,1024,UnSat
V1*V2*V3*V4*V5*V6*V7*V8*V9*V10,1024,UnSat
V1*V2*V3*V4*V5*V6*V7*V8*V9*V10,1024,UnSat
V1*V2*V3*V4*V5*V6*V7*V8*V9*V10,1024,UnSat
V1*V2*V3*V4*V5*V6*V7*V8*V9*V10,1024,UnSat
V1*V2*V3*V4*V5*V6*V7*V8*V9*V10,1024,UnSat
V1*V2*V3*V4*V5*V6*V7*V8*V9*V10,1024,UnSat
V1*V2*V3*V4*V5*V6*V7*V8*V9*V10,1024,UnSat
V1*V2*V3*V4*V5*V6*V7*V8*V9*V10,1024,UnSat
V1*V2*V3*V4*V5*V6*V7*V8*V9*V10,1024,UnSat
V1*V2*V3*V4*V5*V6*V7*V8*V9*V10,1024,UnSat
V1*V2*V3*V4*V5*V6*V7*V8*V9*V10,1024,UnSat
V1*V2*V3*V4*V5*V6*V7*V8*V9*V10,1024,UnSat
V1*V2*V3*V4*V5*V6*V7*V8*V9*V10,1024,UnSat
V1*V2*V3*V4*V5*V6*V7*V8*V9*V10,1024,UnSat
V1*V2*V3*V4*V5*V6*V7*V8*V9*V10,1024,UnSat
V1*V2*V3*V4*V5*V6*V7*V8*V9*V10,1024,UnSat
V1*V2*V3*V4*V5*V6*V7*V8*V9*V10,1024,UnSat
V1*V2*V3*V4*V5*V6*V7*V8*V9*V10,1024,UnSat
V1*V2*V3*V4*V5*V6*V7*V8*V9*V10,1024,UnSat
V1*V2*V3*V4*V5*V6*V7*V8*V9*V10,1024,UnSat
V1*V2*V3*V4*V5*V6*V7*V8*V9*V10,1024,UnSat
V1*V2*V3*V4*V5*V6*V7*V8*V9*V10,1024,UnSat
V1*V2*V3*V4*V5*V6*V7*V8*V9*V10,1024,UnSat
V1*V2*V3*V4*V5*V6*V7*V8*V9*V10,1024,UnSat
V1*V2*V3*V4*V5*V6*V7*V8*V9*V10,1024,UnSat
V1*V2*V3*V4*V5*V6*V7*V8*V9*V10,1024,UnSat
V1*V2*V3*V4*V5*V6*V7*V8*V9*V10,1024,UnSat
V1*V2*V3*V4*V5*V6*V7*V8*V9*V10,1024,UnSat
V1*V2*V3*V4*V5*V6*V7*V8*V9*V10,1024,UnSat
V1*V2*V3*V4*V5*V6*V7*V8*V9*V10,1024,UnSat
V1*V2*V3*V4*V5*V6*V7*V8*V9*V10,1024,UnSat
V1*V2*V3*V4*V5*V6*V7*V8*V9*V10,1024,UnSat
V1*V2*V3*V4*V5*V6*V7*V8*V9*V10,1024,UnSat
V1*V2*V3*V4*V5*V6*V7*V8*V9*V10,1024,UnSat
V1*V2*V3*V4*V5*V6*V7*V8*V9*V10,1024,UnSat
V1*V2*V3*V4*V5*V6*V7*V8*V9*V10,1024,UnSat
V1*V2*V3*V4*V5*V6*V7*V8*V9*V10,1024,UnSat
V1*V2*V3*V4*V5*V6*V7*V8*V9*V10,1024,UnSat
V1*V2*V3*V4*V5*V6*V7*V8*V9*V10,1024,UnSat
V1*V2*V3*V4*V5*V6*V7*V8*V9*V10,1024,UnSat
V1*V2*V3*V4*V5*V6*V7*V8*V9*V10,1024,UnSat
V1*V2*V3*V4*V5*V6*V7*V8*V9*V10,1024,UnSat
V1*V2*V3*V4*V5*V6*V7*V8*V9*V10,1024,UnSat
V1*V2*V3*V4*V5*V6*V7*V8*V9*V10,1024,UnSat
V1*V2*V3*V4*V5*V6*V7*V8*V9*V10,1024,UnSat
V1*V2*V3*V4*V5*V6*V7*V8*V9*V10,1024,UnSat
V1*V2*V3*V4*V5*V6*V7*V8*V9*V10,1024,UnSat
V1*V2*V3*V4*V5*V6*V7*V8*V9*V10,1024,UnSat
V1*V2*V3*V4*V5*V6*V7*V8*V9*V10,1024,UnSat
V1*V2*V3*V4*V5*V6*V7*V8*V9*V10,1024,UnSat
V1*V2*V3*V4*V5*V6*V7*V8*V9*V10,1024,UnSat
V1*V2*V3*V4*V5*V6*V7*V8*V9*V10,1024,UnSat
V1*V2*V3*V4*V5*V6*V7*V8*V9*V10,1024,UnSat
V1*V2*V3*V4*V5*V6*V7*V8*V9*V10,1024,UnSat
V1*V2*V3*V4*V5*V6*V7*V8*V9*V10,1024,UnSat
V1*V2*V3*V4*V5*V6*V7*V8*V9*V10,1024,UnSat
V1*V2*V3*V4*V5*V6*V7*V8*V9*V10,1024,UnSat
V1*V2*V3*V4*V5*V6*V7*V8*V9*V10,1024,UnSat
V1*V2*V3*V4*V5*V6*V7*V8*V9*V10,1024,UnSat
V1*V2*V3*V4*V5*V6*V7*V8*V9*V10,1024,UnSat
V1*V2*V3*V4*V5*V6*V7*V8*V9*V10,1024,UnSat
V1*V2*V3*V4*V5*V6*V7*V8*V9*V10,1024,UnSat
V1*V2*V3*V4*V5*V6*V7*V8*V9*V10,1024,UnSat
V1*V2*V3*V4*V5*V6*V7*V8*V9*V10,1024,UnSat
V1*V2*V3*V4*V5*V6*V7*V8*V9*V10,1024,UnSat
V1*V2*V3*V4*V5*V6*V7*V8*V9*V10,1024,UnSat
V1*V2*V3*V4*V5*V6*V7*V8*V9*V10,1024,UnSat
V1*V2*V3*V4*V5*V6*V7*V8*V9*V10,1024,UnSat
V1*V2*V3*V4*V5*V6*V7*V8*V9*V10,1024,UnSat
V1*V2*V3*V4*V5*V6*V7*V8*V9*V10,1024,UnSat
V1*V2*V3*V4*V5*V6*V7*V8*V9*V10,1024,UnSat
V1*V2*V3*V4*V5*V6*V7*V8*V9*V10,1024,UnSat
V1*V2*V3*V4*V5*V6*V7*V8*V9*V10,1024,UnSat
V1*V2*V3*V4*V5*V6*V7*V8*V9*V10,1024,UnSat
V1*V2*V3*V4*V5*V6*V7*V8*V9*V10,1024,UnSat
V1*V2*V3*V4*V5*V6*V7*V8*V9*V10,1024,UnSat
V1*V2*V3*V4*V5*V6*V7*V8*V9*V10,1024,UnSat
V1*V2*V3*V4*V5*V6*V7*V8*V9*V10,1024,UnSat
V1*V2*V3*V4*V5*V6*V7*V8*V9*V10,1024,UnSat
V1*V2*V3*V4*V5*V6*V7*V8*V9*V10,1024,UnSat
V1*V2*V3*V4*V5*V6*V7*V8*V9*V10,1024,UnSat
V1*V2*V3*V4*V5*V6*V7*V8*V9*V10,1024,UnSat
V1*V2*V3*V4*V5*V6*V7*V8*V9*V10,1024,UnSat
V1*V2*V3*V4*V5*V6*V7*V8*V9*V10,1024,UnSat
V1*V2*V3*V4*V5*V6*V7*V8*V9*V10,1024,UnSat
V1*V2*V3*V4*V5*V6*V7*V8*V9*V10,1024,UnSat
V1*V2*V3*V4*V5*V6*V7*V8*V9*V10,1024,UnSat
V1*V2*V3*V4*V5*V6*V7*V8*V9*V10,1024,UnSat
V1*V2*V3*V4*V5*V6*V7*V8*V9*V10,1024,UnSat
V1*V2*V3*V4*V5*V6*V7*V8*V9*V10,1024,UnSat
V1*V2*V3*V4*V5*V6*V7*V8*V9*V10,1024,UnSat
V1*V2*V3*V4*V5*V6*V7*V8*V9*V10,1024,UnSat
V1*V2*V3*V4*V5*V6*V7*V8*V9*V10,1024,UnSat
V1*V2*V3*V4*V5*V6*V7*V8*V9*V10,1024,UnSat
V1*V2*V3*V4*V5*V6*V7*V8*V9*V10,1024,UnSat
V1*V2*V3*V4*V5*V6*V7*V8*V9*V10,1024,UnSat
V1*V2*V3*V4*V5*V6*V7*V8*V9*V10,1024,UnSat
V1*V2*V3*V4*V5*V6*V7*V8*V9*V10,1024,UnSat
V1*V2*V3*V4*V5*V6*V7*V8*V9*V10,1024,UnSat
V1*V2*V3*V4*V5*V6*V7*V8*V9*V10,1024,UnSat
V1*V2*V3*V4*V5*V6*V7*V8*V9*V10,1024,UnSat
V1*V2*V3*V4*V5*V6*V7*V8*V9*V10,1024,UnSat
V1*V2*V3*V4*V5*V6*V7*V8*V9*V10,1024,UnSat
V1*V2*V3*V4*V5*V6*V7*V8*V9*V10,1024,UnSat
V1*V2*V3*V4*V5*V6*V7*V8*V9*V10,1024,UnSat
V1*V2*V3*V4*V5*V6*V7*V8*V9*V10,1024,UnSat
V1*V2*V3*V4*V5*V6*V7*V8*V9*V10,1024,UnSat
V1*V2*V3*V4*V5*V6*V7*V8*V9*V10,1024,UnSat
V1*V2*V3*V4*V5*V6*V7*V8*V9*V10,1024,UnSat
V1*V2*V3*V4*V5*V6*V7*V8*V9*V10,1024,UnSat
V1*V2*V3*V4*V5*V6*V7*V8*V9*V10,1024,UnSat
V1*V2*V3*V4*V5*V6*V7*V8*V9*V10,1024,UnSat
V1*V2*V3*V4*V5*V6*V7*V8*V9*V10,1024,UnSat
V1*V2*V3*V4*V5*V6*V7*V8*V9*V10,1024,UnSat
V1*V2*V3*V4*V5*V6*V7*V8*V9*V10,1024,UnSat
V1*V2*V3*V4*V5*V6*V7*V8*V9*V10,1024,UnSat
V1*V2*V3*V4*V5*V6*V7*V8*V9*V10,1024,UnSat
V1*V2*V3*V4*V5*V6*V7*V8*V9*V10,1024,UnSat
V1*V2*V3*V4*V5*V6*V7*V8*V9*V10,1024,UnSat
V1*V2*V3*V4*V5*V6*V7*V8*V9*V10,1024,UnSat
V1*V2*V3*V4*V5*V6*V7*V8*V9*V10,1024,UnSat
V1*V2*V3*V4*V5*V6*V7*V8*V9*V10,1024,UnSat
V1*V2*V3*V4*V5*V6*V7*V8*V9*V10,1024,UnSat
V1*V2*V3*V4*V5*V6*V7*V8*V9*V10,1024,UnSat
V1*V2*V3*V4*V5*V6*V7*V8*V9*V10,1024,UnSat
V1*V2*V3*V4*V5*V6*V7*V8*V9*V10,1024,UnSat
V1*V2*V3*V4*V5*V6*V7*V8*V9*V10,1024,UnSat
V1*V2*V3*V4*V5*V6*V7*V8*V9*V10,1024,UnSat
V1*V2*V3*V4*V5*V6*V7*V8*V9*V10,1024,UnSat
V1*V2*V3*V4*V5*V6*V7*V8*V9*V10,1024,UnSat
V1*V2*V3*V4*V5*V6*V7*V8*V9*V10,1024,UnSat
V1*V2*V3*V4*V5*V6*V7*V8*V9*V10,1024,UnSat
V1*V2*V3*V4*V5*V6*V7*V8*V9*V10,1024,UnSat
V1*V2*V3*V4*V5*V6*V7*V8*V9*V10,1024,UnSat
V1*V2*V3*V4*V5*V6*V7*V8*V9*V10,1024,UnSat
V1*V2*V3*V4*V5*V6*V7*V8*V9*V10,1024,UnSat
V1*V2*V3*V4*V5*V6*V7*V8*V9*V10,1024,UnSat
V1*V2*V3*V4*V5*V6*V7*V8*V9*V10,1024,UnSat
V1*V2*V3*V4*V5*V6*V7*V8*V9*V10,1024,UnSat
V1*V2*V3*V4*V5*V6*V7*V8*V9*V10,1024,UnSat
V1*V2*V3*V4*V5*V6*V7*V8*V9*V10,1024,UnSat
V1*V2*V3*V4*V5*V6*V7*V8*V9*V10,1024,UnSat
V1*V2*V3*V4*V5*V6*V7*V8*V9*V10,1024,UnSat
V1*V2*V3*V4*V5*V6*V7*V8*V9*V10,1024,UnSat
V1*V2*V3*V4*V5*V6*V7*V8*V9*V10,1024,UnSat
V1*V2*V3*V4*V5*V6*V7*V8*V9*V10,1024,UnSat
V1*V2*V3*V4*V5*V6*V7*V8*V9*V10,1024,UnSat
V1*V2*V3*V4*V5*V6*V7*V8*V9*V10,1024,UnSat
V1*V2*V3*V4*V5*V6*V7*V8*V9*V10,1024,UnSat
V1*V2*V3*V4*V5*V6*V7*V8*V9*V10,1024,UnSat
V1*V2*V3*V4*V5*V6*V7*V8*V9*V10,1024,UnSat
V1*V2*V3*V4*V5*V6*V7*V8*V9*V10,1024,UnSat
V1*V2*V3*V4*V5*V6*V7*V8*V9*V10,1024,UnSat
V1*V2*V3*V4*V5*V6*V7*V8*V9*V10,1024,UnSat
V1*V2*V3*V4*V5*V6*V7*V8*V9*V10,1024,UnSat
V1*V2*V3*V4*V5*V6*V7*V8*V9*V10,1024,UnSat
V1*V2*V3*V4*V5*V6*V7*V8*V9*V10,1024,UnSat
V1*V2*V3*V4*V5*V6*V7*V8*V9*V10,1024,UnSat
V1*V2*V3*V4*V5*V6*V7*V8*V9*V10,1024,UnSat
V1*V2*V3*V4*V5*V6*V7*V8*V9*V10,1024,UnSat
V1*V2*V3*V4*V5*V6*V7*V8*V9*V10,1024,UnSat
V1*V2*V3*V4*V5*V6*V7*V8*V9*V10,1024,UnSat
V1*V2*V3*V4*V5*V6*V7*V8*V9*V10,1024,UnSat
V1*V2*V3*V4*V5*V6*V7*V8*V9*V10,1024,UnSat
V1*V2*V3*V4*V5*V6*V7*V8*V9*V10,1024,UnSat
V1*V2*V3*V4*V5*V6*V7*V8*V9*V10,1024,UnSat
V1*V2*V3*V4*V5*V6*V7*V8*V9*V10,1024,UnSat
V1*V2*V3*V4*V5*V6*V7*V8*V9*V10,1024,UnSat
V1*V2*V3*V4*V5*V6*V7*V8*V9*V10,1024,UnSat
V1*V2*V3*V4*V5*V6*V7*V8*V9*V10,1024,UnSat
V1*V2*V3*V4*V5*V6*V7*V8*V9*V10,1024,UnSat
V1*V2*V3*V4*V5*V6*V7*V8*V9*V10,1024,UnSat
V1*V2*V3*V4*V5*V6*V7*V8*V9*V10,1024,UnSat
V1*V2*V3*V4*V5*V6*V7*V8*V9*V10,1024,UnSat
V1*V2*V3*V4*V5*V6*V7*V8*V9*V10,1024,UnSat
V1*V2*V3*V4*V5*V6*V7*V8*V9*V10,1024,UnSat
V1*V2*V3*V4*V5*V6*V7*V8*V9*V10,1024,UnSat
V1*V2*V3*V4*V5*V6*V7*V8*V9*V10,1024,UnSat
V1*V2*V3*V4*V5*V6*V7*V8*V9*V10,1024,UnSat
V1*V2*V3*V4*V5*V6*V7*V8*V9*V10,1024,UnSat
V1*V2*V3*V4*V5*V6*V7*V8*V9*V10,1024,UnSat
V1*V2*V3*V4*V5*V6*V7*V8*V9*V10,1024,UnSat
V1*V2*V3*V4*V5*V6*V7*V8*V9*V10,1024,UnSat
V1*V2*V3*V4*V5*V6*V7*V8*V9*V10,1024,UnSat
V1*V2*V3*V4*V5*V6*V7*V8*V9*V10,1024,UnSat
V1*V2*V3*V4*V5*V6*V7*V8*V9*V10,1024,UnSat
V1*V2*V3*V4*V5*V6*V7*V8*V9*V10,1024,UnSat
V1*V2*V3*V4*V5*V6*V7*V8*V9*V10,1024,UnSat
V1*V2*V3*V4*V5*V6*V7*V8*V9*V10,1024,UnSat
V1*V2*V3*V4*V5*V6*V7*V8*V9*V10,1024,UnSat
V1*V2*V3*V4*V5*V6*V7*V8*V9*V10,1024,UnSat
V1*V2*V3*V4*V5*V6*V7*V8*V9*V10,1024,UnSat
V1*V2*V3*V4*V5*V6*V7*V8*V9*V10,1024,UnSat
V1*V2*V3*V4*V5*V6*V7*V8*V9*V10,1024,UnSat
V1*V2*V3*V4*V5*V6*V7*V8*V9*V10,1024,UnSat
V1*V2*V3*V4*V5*V6*V7*V8*V9*V10,1024,UnSat
V1*V2*V3*V4*V5*V6*V7*V8*V9*V10,1024,UnSat
V1*V2*V3*V4*V5*V6*V7*V8*V9*V10,1024,UnSat
V1*V2*V3*V4*V5*V6*V7*V8*V9*V10,1024,UnSat
V1*V2*V3*V4*V5*V6*V7*V8*V9*V10,1024,UnSat
V1*V2*V3*V4*V5*V6*V7*V8*V9*V10,1024,UnSat
V1*V2*V3*V4*V5*V6*V7*V8*V9*V10,1024,UnSat
V1*V2*V3*V4*V5*V6*V7*V8*V9*V10,1024,UnSat
V1*V2*V3*V4*V5*V6*V7*V8*V9*V10,1024,UnSat
V1*V2*V3*V4*V5*V6*V7*V8*V9*V10,1024,UnSat
V1*V2*V3*V4*V5*V6*V7*V8*V9*V10,1024,UnSat
V1*V2*V3*V4*V5*V6*V7*V8*V9*V10,1024,UnSat
V1*V2*V3*V4*V5*V6*V7*V8*V9*V10,1024,UnSat
V1*V2*V3*V4*V5*V6*V7*V8*V9*V10,1024,UnSat
V1*V2*V3*V4*V5*V6*V7*V8*V9*V10,1024,UnSat
V1*V2*V3*V4*V5*V6*V7*V8*V9*V10,1024,UnSat
V1*V2*V3*V4*V5*V6*V7*V8*V9*V10,1024,UnSat
V1*V2*V3*V4*V5*V6*V7*V8*V9*V10,1024,UnSat
V1*V2*V3*V4*V5*V6*V7*V8*V9*V10,1024,UnSat
V1*V2*V3*V4*V5*V6*V7*V8*V9*V10,1024,UnSat
V1*V2*V3*V4*V5*V6*V7*V8*V9*V10,1024,UnSat
V1*V2*V3*V4*V5*V6*V7*V8*V9*V10,1024,UnSat
V1*V2*V3*V4*V5*V6*V7*V8*V9*V10,1024,UnSat
V1*V2*V3*V4*V5*V6*V7*V8*V9*V10,1024,UnSat
V1*V2*V3*V4*V5*V6*V7*V8*V9*V10,1024,UnSat
V1*V2*V3*V4*V5*V6*V7*V8*V9*V10,1024,UnSat
V1*V2*V3*V4*V5*V6*V7*V8*V9*V10,1024,UnSat
V1*V2*V3*V4*V5*V6*V7*V8*V9*V10,1024,UnSat
V1*V2*V3*V4*V5*V6*V7*V8*V9*V10,1024,UnSat
V1*V2*V3*V4*V5*V6*V7*V8*V9*V10,1024,UnSat
V1*V2*V3*V4*V5*V6*V7*V8*V9*V10,1024,UnSat
V1*V2*V3*V4*V5*V6*V7*V8*V9*V10,1024,UnSat
V1*V2*V3*V4*V5*V6*V7*V8*V9*V10,1024,UnSat
V1*V2*V3*V4*V5*V6*V7*V8*V9*V10,1024,UnSat
V1*V2*V3*V4*V5*V6*V7*V8*V9*V10,1024,UnSat
V1*V2*V3*V4*V5*V6*V7*V8*V9*V10,1024,UnSat
V1*V2*V3*V4*V5*V6*V7*V8*V9*V10,1024,UnSat
V1*V2*V3*V4*V5*V6*V7*V8*V9*V10,1024,UnSat
V1*V2*V3*V4*V5*V6*V7*V8*V9*V10,1024,UnSat
V1*V2*V3*V4*V5*V6*V7*V8*V9*V10,1024,UnSat
V1*V2*V3*V4*V5*V6*V7*V8*V9*V10,1024,UnSat
V1*V2*V3*V4*V5*V6*V7*V8*V9*V10,1024,UnSat
V1*V2*V3*V4*V5*V6*V7*V8*V9*V10,1024,UnSat
V1*V2*V3*V4*V5*V6*V7*V8*V9*V10,1024,UnSat
V1*V2*V3*V4*V5*V6*V7*V8*V9*V10,1024,UnSat
V1*V2*V3*V4*V5*V6*V7*V8*V9*V10,1024,UnSat
V1*V2*V3*V4*V5*V6*V7*V8*V9*V10,1024,UnSat
V1*V2*V3*V4*V5*V6*V7*V8*V9*V10,1024,UnSat
V1*V2*V3*V4*V5*V6*V7*V8*V9*V10,1024,UnSat
V1*V2*V3*V4*V5*V6*V7*V8*V9*V10,1024,UnSat
V1*V2*V3*V4*V5*V6*V7*V8*V9*V10,1024,UnSat
V1*V2*V3*V4*V5*V6*V7*V8*V9*V10,1024,UnSat
V1*V2*V3*V4*V5*V6*V7*V8*V9*V10,1024,UnSat
V1*V2*V3*V4*V5*V6*V7*V8*V9*V10,1024,UnSat
V1*V2*V3*V4*V5*V6*V7*V8*V9*V10,1024,UnSat
V1*V2*V3*V4*V5*V6*V7*V8*V9*V10,1024,UnSat
V1*V2*V3*V4*V5*V6*V7*V8*V9*V10,1024,UnSat
V1*V2*V3*V4*V5*V6*V7*V8*V9*V10,1024,UnSat
V1*V2*V3*V4*V5*V6*V7*V8*V9*V10,1024,UnSat
V1*V2*V3*V4*V5*V6*V7*V8*V9*V10,1024,UnSat
V1*V2*V3*V4*V5*V6*V7*V8*V9*V10,1024,UnSat
V1*V2*V3*V4*V5*V6*V7*V8*V9*V10,1024,UnSat
V1*V2*V3*V4*V5*V6*V7*V8*V9*V10,1024,UnSat
V1*V2*V3*V4*V5*V6*V7*V8*V9*V10,1024,UnSat
V1*V2*V3*V4*V5*V6*V7*V8*V9*V10,1024,UnSat
V1*V2*V3*V4*V5*V6*V7*V8*V9*V10,1024,UnSat
V1*V2*V3*V4*V5*V6*V7*V8*V9*V10,1024,UnSat
V1*V2*V3*V4*V5*V6*V7*V8*V9*V10,1024,UnSat
V1*V2*V3*V4*V5*V6*V7*V8*V9*V10,1024,UnSat
V1*V2*V3*V4*V5*V6*V7*V8*V9*V10,1024,UnSat
V1*V2*V3*V4*V5*V6*V7*V8*V9*V10,1024,UnSat
V1*V2*V3*V4*V5*V6*V7*V8*V9*V10,1024,UnSat
V1*V2*V3*V4*V5*V6*V7*V8*V9*V10,1024,UnSat
V1*V2*V3*V4*V5*V6*V7*V8*V9*V10,1024,UnSat
V1*V2*V3*V4*V5*V6*V7*V8*V9*V10,1024,UnSat
V1*V2*V3*V4*V5*V6*V7*V8*V9*V10,1024,UnSat
V1*V2*V3*V4*V5*V6*V7*V8*V9*V10,1024,UnSat
V1*V2*V3*V4*V5*V6*V7*V8*V9*V10,1024,UnSat
V1*V2*V3*V4*V5*V6*V7*V8*V9*V10,1024,UnSat
V1*V2*V3*V4*V5*V6*V7*V8*V9*V10,1024,UnSat
V1*V2*V3*V4*V5*V6*V7*V8*V9*V10,1024,UnSat
V1*V2*V3*V4*V5*V6*V7*V8*V9*V10,1024,UnSat
V1*V2*V3*V4*V5*V6*V7*V8*V9*V10,1024,UnSat
V1*V2*V3*V4*V5*V6*V7*V8*V9*V10,1024,UnSat
V1*V2*V3*V4*V5*V6*V7*V8*V9*V10,1024,UnSat
V1*V2*V3*V4*V5*V6*V7*V8*V9*V10,1024,UnSat
V1*V2*V3*V4*V5*V6*V7*V8*V9*V10,1024,UnSat
V1*V2*V3*V4*V5*V6*V7*V8*V9*V10,1024,UnSat
V1*V2*V3*V4*V5*V6*V7*V8*V9*V10,1024,UnSat
V1*V2*V3*V4*V5*V6*V7*V8*V9*V10,1024,UnSat
V1*V2*V3*V4*V5*V6*V7*V8*V9*V10,1024,UnSat
V1*V2*V3*V4*V5*V6*V7*V8*V9*V10,1024,UnSat
V1*V2*V3*V4*V5*V6*V7*V8*V9*V10,1024,UnSat
V1*V2*V3*V4*V5*V6*V7*V8*V9*V10,1024,UnSat
V1*V2*V3*V4*V5*V6*V7*V8*V9*V10,1024,UnSat
V1*V2*V3*V4*V5*V6*V7*V8*V9*V10,1024,UnSat
V1*V2*V3*V4*V5*V6*V7*V8*V9*V10,1024,UnSat
V1*V2*V3*V4*V5*V6*V7*V8*V9*V10,1024,UnSat
V1*V2*V3*V4*V5*V6*V7*V8*V9*V10,1024,UnSat
V1*V2*V3*V4*V5*V6*V7*V8*V9*V10,1024,UnSat
V1*V2*V3*V4*V5*V6*V7*V8*V9*V10,1024,UnSat
V1*V2*V3*V4*V5*V6*V7*V8*V9*V10,1024,UnSat
V1*V2*V3*V4*V5*V6*V7*V8*V9*V10,1024,UnSat
V1*V2*V3*V4*V5*V6*V7*V8*V9*V10,1024,UnSat
V1*V2*V3*V4*V5*V6*V7*V8*V9*V10,1024,UnSat
V1*V2*V3*V4*V5*V6*V7*V8*V9*V10,1024,UnSat
V1*V2*V3*V4*V5*V6*V7*V8*V9*V10,1024,UnSat
V1*V2*V3*V4*V5*V6*V7*V8*V9*V10,1024,UnSat
V1*V2*V3*V4*V5*V6*V7*V8*V9*V10,1024,UnSat
V1*V2*V3*V4*V5*V6*V7*V8*V9*V10,1024,UnSat
V1*V2*V3*V4*V5*V6*V7*V8*V9*V10,1024,UnSat
V1*V2*V3*V4*V5*V6*V7*V8*V9*V10,1024,UnSat
V1*V2*V3*V4*V5*V6*V7*V8*V9*V10,1024,UnSat
V1*V2*V3*V4*V5*V6*V7*V8*V9*V10,1024,UnSat
V1*V2*V3*V4*V5*V6*V7*V8*V9*V10,1024,UnSat
V1*V2*V3*V4*V5*V6*V7*V8*V9*V10,1024,UnSat
V1*V2*V3*V4*V5*V6*V7*V8*V9*V10,1024,UnSat
V1*V2*V3*V4*V5*V6*V7*V8*V9*V10,1024,UnSat
V1*V2*V3*V4*V5*V6*V7*V8*V9*V10,1024,UnSat
V1*V2*V3*V4*V5*V6*V7*V8*V9*V10,1024,UnSat
V1*V2*V3*V4*V5*V6*V7*V8*V9*V10,1024,UnSat
V1*V2*V3*V4*V5*V6*V7*V8*V9*V10,1024,UnSat
V1*V2*V3*V4*V5*V6*V7*V8*V9*V10,1024,UnSat
V1*V2*V3*V4*V5*V6*V7*V8*V9*V10,1024,UnSat
V1*V2*V3*V4*V5*V6*V7*V8*V9*V10,1024,UnSat
V1*V2*V3*V4*V5*V6*V7*V8*V9*V10,1024,UnSat
V1*V2*V3*V4*V5*V6*V7*V8*V9*V10,1024,UnSat
V1*V2*V3*V4*V5*V6*V7*V8*V9*V10,1024,UnSat
V1*V2*V3*V4*V5*V6*V7*V8*V9*V10,1024,UnSat
V1*V2*V3*V4*V5*V6*V7*V8*V9*V10,1024,UnSat
V1*V2*V3*V4*V5*V6*V7*V8*V9*V10,1024,UnSat
V1*V2*V3*V4*V5*V6*V7*V8*V9*V10,1024,UnSat
V1*V2*V3*V4*V5*V6*V7*V8*V9*V10,1024,UnSat
V1*V2*V3*V4*V5*V6*V7*V8*V9*V10,1024,UnSat
V1*V2*V3*V4*V5*V6*V7*V8*V9*V10,1024,UnSat
V1*V2*V3*V4*V5*V6*V7*V8*V9*V10,1024,UnSat
V1*V2*V3*V4*V5*V6*V7*V8*V9*V10,1024,UnSat
V1*V2*V3*V4*V5*V6*V7*V8*V9*V10,1024,UnSat
V1*V2*V3*V4*V5*V6*V7*V8*V9*V10,1024,UnSat
V1*V2*V3*V4*V5*V6*V7*V8*V9*V10,1024,UnSat
V1*V2*V3*V4*V5*V6*V7*V8*V9*V10,1024,UnSat
V1*V2*V3*V4*V5*V6*V7*V8*V9*V10,1024,UnSat
V1*V2*V3*V4*V5*V6*V7*V8*V9*V10,1024,UnSat
V1*V2*V3*V4*V5*V6*V7*V8*V9*V10,1024,UnSat
V1*V2*V3*V4*V5*V6*V7*V8*V9*V10,1024,UnSat
V1*V2*V3*V4*V5*V6*V7*V8*V9*V10,1024,UnSat
V1*V2*V3*V4*V5*V6*V7*V8*V9*V10,1024,UnSat
V1*V2*V3*V4*V5*V6*V7*V8*V9*V10,1024,UnSat
V1*V2*V3*V4*V5*V6*V7*V8*V9*V10,1024,UnSat
V1*V2*V3*V4*V5*V6*V7*V8*V9*V10,1024,UnSat
V1*V2*V3*V4*V5*V6*V7*V8*V9*V10,1024,UnSat
V1*V2*V3*V4*V5*V6*V7*V8*V9*V10,1024,UnSat
V1*V2*V3*V4*V5*V6*V7*V8*V9*V10,1024,UnSat
V1*V2*V3*V4*V5*V6*V7*V8*V9*V10,1024,UnSat
V1*V2*V3*V4*V5*V6*V7*V8*V9*V10,1024,UnSat
V1*V2*V3*V4*V5*V6*V7*V8*V9*V10,1024,UnSat
V1*V2*V3*V4*V5*V6*V7*V8*V9*V10,1024,UnSat
V1*V2*V3*V4*V5*V6*V7*V8*V9*V10,1024,UnSat
V1*V2*V3*V4*V5*V6*V7*V8*V9*V10,1024,UnSat
V1*V2*V3*V4*V5*V6*V7*V8*V9*V10,1024,UnSat
V1*V2*V3*V4*V5*V6*V7*V8*V9*V10,1024,UnSat
V1*V2*V3*V4*V5*V6*V7*V8*V9*V10,1024,UnSat
V1*V2*V3*V4*V5*V6*V7*V8*V9*V10,1024,UnSat
V1*V2*V3*V4*V5*V6*V7*V8*V9*V10,1024,UnSat
V1*V2*V3*V4*V5*V6*V7*V8*V9*V10,1024,UnSat
V1*V2*V3*V4*V5*V6*V7*V8*V9*V10,1024,UnSat
V1*V2*V3*V4*V5*V6*V7*V8*V9*V10,1024,UnSat
V1*V2*V3*V4*V5*V6*V7*V8*V9*V10,1024,UnSat
V1*V2*V3*V4*V5*V6*V7*V8*V9*V10,1024,UnSat
V1*V2*V3*V4*V5*V6*V7*V8*V9*V10,1024,UnSat
V1*V2*V3*V4*V5*V6*V7*V8*V9*V10,1024,UnSat
V1*V2*V3*V4*V5*V6*V7*V8*V9*V10,1024,UnSat
V1*V2*V3*V4*V5*V6*V7*V8*V9*V10,1024,UnSat
V1*V2*V3*V4*V5*V6*V7*V8*V9*V10,1024,UnSat
V1*V2*V3*V4*V5*V6*V7*V8*V9*V10,1024,UnSat
V1*V2*V3*V4*V5*V6*V7*V8*V9*V10,1024,UnSat
V1*V2*V3*V4*V5*V6*V7*V8*V9*V10,1024,UnSat
V1*V2*V3*V4*V5*V6*V7*V8*V9*V10,1024,UnSat
V1*V2*V3*V4*V5*V6*V7*V8*V9*V10,1024,UnSat
V1*V2*V3*V4*V5*V6*V7*V8*V9*V10,1024,UnSat
V1*V2*V3*V4*V5*V6*V7*V8*V9*V10,1024,UnSat
V1*V2*V3*V4*V5*V6*V7*V8*V9*V10,1024,UnSat
V1*V2*V3*V4*V5*V6*V7*V8*V9*V10,1024,UnSat
V1*V2*V3*V4*V5*V6*V7*V8*V9*V10,1024,UnSat
V1*V2*V3*V4*V5*V6*V7*V8*V9*V10,1024,UnSat
V1*V2*V3*V4*V5*V6*V7*V8*V9*V10,1024,UnSat
V1*V2*V3*V4*V5*V6*V7*V8*V9*V10,1024,UnSat
V1*V2*V3*V4*V5*V6*V7*V8*V9*V10,1024,UnSat
V1*V2*V3*V4*V5*V6*V7*V8*V9*V10,1024,UnSat
V1*V2*V3*V4*V5*V6*V7*V8*V9*V10,1024,UnSat
V1*V2*V3*V4*V5*V6*V7*V8*V9*V10,1024,UnSat
V1*V2*V3*V4*V5*V6*V7*V8*V9*V10,1024,UnSat
V1*V2*V3*V4*V5*V6*V7*V8*V9*V10,1024,UnSat
V1*V2*V3*V4*V5*V6*V7*V8*V9*V10,1024,UnSat
V1*V2*V3*V4*V5*V6*V7*V8*V9*V10,1024,UnSat
V1*V2*V3*V4*V5*V6*V7*V8*V9*V10,1024,UnSat
V1*V2*V3*V4*V5*V6*V7*V8*V9*V10,1024,UnSat
V1*V2*V3*V4*V5*V6*V7*V8*V9*V10,1024,UnSat
V1*V2*V3*V4*V5*V6*V7*V8*V9*V10,1024,UnSat
V1*V2*V3*V4*V5*V6*V7*V8*V9*V10,1024,UnSat
V1*V2*V3*V4*V5*V6*V7*V8*V9*V10,1024,UnSat
V1*V2*V3*V4*V5*V6*V7*V8*V9*V10,1024,UnSat
V1*V2*V3*V4*V5*V6*V7*V8*V9*V10,1024,UnSat
V1*V2*V3*V4*V5*V6*V7*V8*V9*V10,1024,UnSat
V1*V2*V3*V4*V5*V6*V7*V8*V9*V10,1024,UnSat
V1*V2*V3*V4*V5*V6*V7*V8*V9*V10,1024,UnSat
V1*V2*V3*V4*V5*V6*V7*V8*V9*V10,1024,UnSat
V1*V2*V3*V4*V5*V6*V7*V8*V9*V10,1024,UnSat
V1*V2*V3*V4*V5*V6*V7*V8*V9*V10,1024,UnSat
V1*V2*V3*V4*V5*V6*V7*V8*V9*V10,1024,UnSat
V1*V2*V3*V4*V5*V6*V7*V8*V9*V10,1024,UnSat
V1*V2*V3*V4*V5*V6*V7*V8*V9*V10,1024,UnSat
V1*V2*V3*V4*V5*V6*V7*V8*V9*V10,1024,UnSat
V1*V2*V3*V4*V5*V6*V7*V8*V9*V10,1024,UnSat
V1*V2*V3*V4*V5*V6*V7*V8*V9*V10,1024,UnSat
V1*V2*V3*V4*V5*V6*V7*V8*V9*V10,1024,UnSat
V1*V2*V3*V4*V5*V6*V7*V8*V9*V10,1024,UnSat
V1*V2*V3*V4*V5*V6*V7*V8*V9*V10,1024,UnSat
V1*V2*V3*V4*V5*V6*V7*V8*V9*V10,1024,UnSat
V1*V2*V3*V4*V5*V6*V7*V8*V9*V10,1024,UnSat
V1*V2*V3*V4*V5*V6*V7*V8*V9*V10,1024,UnSat
V1*V2*V3*V4*V5*V6*V7*V8*V9*V10,1024,UnSat
V1*V2*V3*V4*V5*V6*V7*V8*V9*V10,1024,UnSat
V1*V2*V3*V4*V5*V6*V7*V8*V9*V10,1024,UnSat
V1*V2*V3*V4*V5*V6*V7*V8*V9*V10,1024,UnSat
V1*V2*V3*V4*V5*V6*V7*V8*V9*V10,1024,UnSat
V1*V2*V3*V4*V5*V6*V7*V8*V9*V10,1024,UnSat
V1*V2*V3*V4*V5*V6*V7*V8*V9*V10,1024,UnSat
V1*V2*V3*V4*V5*V6*V7*V8*V9*V10,1024,UnSat
V1*V2*V3*V4*V5*V6*V7*V8*V9*V10,1024,UnSat
V1*V2*V3*V4*V5*V6*V7*V8*V9*V10,1024,UnSat
V1*V2*V3*V4*V5*V6*V7*V8*V9*V10,1024,UnSat
V1*V2*V3*V4*V5*V6*V7*V8*V9*V10,1024,UnSat
V1*V2*V3*V4*V5*V6*V7*V8*V9*V10,1024,UnSat
V1*V2*V3*V4*V5*V6*V7*V8*V9*V10,1024,UnSat
V1*V2*V3*V4*V5*V6*V7*V8*V9*V10,1024,UnSat
V1*V2*V3*V4*V5*V6*V7*V8*V9*V10,1024,UnSat
V1*V2*V3*V4*V5*V6*V7*V8*V9*V10,1024,UnSat
V1*V2*V3*V4*V5*V6*V7*V8*V9*V10,1024,UnSat
V1*V2*V3*V4*V5*V6*V7*V8*V9*V10,1024,UnSat
V1*V2*V3*V4*V5*V6*V7*V8*V9*V10,1024,UnSat
V1*V2*V3*V4*V5*V6*V7*V8*V9*V10,1024,UnSat
V1*V2*V3*V4*V5*V6*V7*V8*V9*V10,1024,UnSat
V1*V2*V3*V4*V5*V6*V7*V8*V9*V10,1024,UnSat
V1*V2*V3*V4*V5*V6*V7*V8*V9*V10,1024,UnSat
V1*V2*V3*V4*V5*V6*V7*V8*V9*V10,1024,UnSat
V1*V2*V3*V4*V5*V6*V7*V8*V9*V10,1024,UnSat
V1*V2*V3*V4*V5*V6*V7*V8*V9*V10,1024,UnSat
V1*V2*V3*V4*V5*V6*V7*V8*V9*V10,1024,UnSat
V1*V2*V3*V4*V5*V6*V7*V8*V9*V10,1024,UnSat
V1*V2*V3*V4*V5*V6*V7*V8*V9*V10,1024,UnSat
V1*V2*V3*V4*V5*V6*V7*V8*V9*V10,1024,UnSat
V1*V2*V3*V4*V5*V6*V7*V8*V9*V10,1024,UnSat
V1*V2*V3*V4*V5*V6*V7*V8*V9*V10,1024,UnSat
V1*V2*V3*V4*V5*V6*V7*V8*V9*V10,1024,UnSat
V1*V2*V3*V4*V5*V6*V7*V8*V9*V10,1024,UnSat
V1*V2*V3*V4*V5*V6*V7*V8*V9*V10,1024,UnSat
V1*V2*V3*V4*V5*V6*V7*V8*V9*V10,1024,UnSat
V1*V2*V3*V4*V5*V6*V7*V8*V9*V10,1024,UnSat
V1*V2*V3*V4*V5*V6*V7*V8*V9*V10,1024,UnSat
V1*V2*V3*V4*V5*V6*V7*V8*V9*V10,1024,UnSat
V1*V2*V3*V4*V5*V6*V7*V8*V9*V10,1024,UnSat
V1*V2*V3*V4*V5*V6*V7*V8*V9*V10,1024,UnSat
V1*V2*V3*V4*V5*V6*V7*V8*V9*V10,1024,UnSat
V1*V2*V3*V4*V5*V6*V7*V8*V9*V10,1024,UnSat
V1*V2*V3*V4*V5*V6*V7*V8*V9*V10,1024,UnSat
V1*V2*V3*V4*V5*V6*V7*V8*V9*V10,1024,UnSat
V1*V2*V3*V4*V5*V6*V7*V8*V9*V10,1024,UnSat
V1*V2*V3*V4*V5*V6*V7*V8*V9*V10,1024,UnSat
V1*V2*V3*V4*V5*V6*V7*V8*V9*V10,1024,UnSat
V1*V2*V3*V4*V5*V6*V7*V8*V9*V10,1024,UnSat
V1*V2*V3*V4*V5*V6*V7*V8*V9*V10,1024,UnSat
V1*V2*V3*V4*V5*V6*V7*V8*V9*V10,1024,UnSat
V1*V2*V3*V4*V5*V6*V7*V8*V9*V10,1024,UnSat
V1*V2*V3*V4*V5*V6*V7*V8*V9*V10,1024,UnSat
V1*V2*V3*V4*V5*V6*V7*V8*V9*V10,1024,UnSat
V1*V2*V3*V4*V5*V6*V7*V8*V9*V10,1024,UnSat
V1*V2*V3*V4*V5*V6*V7*V8*V9*V10,1024,UnSat
V1*V2*V3*V4*V5*V6*V7*V8*V9*V10,1024,UnSat
V1*V2*V3*V4*V5*V6*V7*V8*V9*V10,1024,UnSat
V1*V2*V3*V4*V5*V6*V7*V8*V9*V10,1024,UnSat
